row_id,workflow_type,task_count,instance,actual_num_tasks,num_edges,dag_depth,max_parallel_width,critical_path_tasks,num_task_categories,total_input_bytes,platform_name,num_hosts,cores_per_host,total_cores,speed_gf,net_bw,net_lat,disk_bw,watt_idle,watt_busy,makespan_sec,energy_joules
83eeb965a1,Genome,100,1,98,149,3,53,3,4,74521143748,lenovo_st45,1,12,12,40.8,3125,0.01,1000,21.5,105,75.5088,1722.79
ef08cdd403,Genome,100,1,98,149,3,53,3,4,74521143748,lenovo_thinkedge,2,16,32,32.0,3125,0.01,1000,44.7,89,75.7846,6825.54
053295ac84,Genome,100,1,98,149,3,53,3,4,74521143748,dell_r6715,1,160,160,336.0,3125,0.01,1000,72.8,374,74.6322,5436.49
c438a3b09a,Genome,100,1,98,149,3,53,3,4,74521143748,dell_r6725,1,320,320,672.0,3125,0.01,1000,135,711,74.5797,10069.82
37eef1e949,Genome,100,1,98,149,3,53,3,4,74521143748,lenovo_sr850,1,344,344,688.0,3125,0.01,1000,450,1578,74.5784,33563.04
bcd0aa6f34,Genome,100,2,98,143,3,51,3,4,73486707329,lenovo_st45,1,12,12,40.8,3125,0.01,1000,21.5,105,74.7695,1703.48
4ff6ae16a1,Genome,100,2,98,143,3,51,3,4,73486707329,lenovo_thinkedge,2,16,32,32.0,3125,0.01,1000,44.7,89,75.0132,6754.86
0a3fe7f147,Genome,100,2,98,143,3,51,3,4,73486707329,dell_r6715,1,160,160,336.0,3125,0.01,1000,72.8,374,73.62,5362.69
8c06d60c8f,Genome,100,2,98,143,3,51,3,4,73486707329,dell_r6725,1,320,320,672.0,3125,0.01,1000,135,711,73.5859,9935.61
225bd58c2b,Genome,100,2,98,143,3,51,3,4,73486707329,lenovo_sr850,1,344,344,688.0,3125,0.01,1000,450,1578,73.5854,33116.12
5cb1aa8f62,Genome,100,3,98,152,3,55,3,4,71563169217,lenovo_st45,1,12,12,40.8,3125,0.01,1000,21.5,105,72.4012,1655.35
9cd7850f5f,Genome,100,3,98,152,3,55,3,4,71563169217,lenovo_thinkedge,2,16,32,32.0,3125,0.01,1000,44.7,89,72.7754,6556.2
3e44c300b2,Genome,100,3,98,152,3,55,3,4,71563169217,dell_r6715,1,160,160,336.0,3125,0.01,1000,72.8,374,71.7196,5224.43
f5d9b80189,Genome,100,3,98,152,3,55,3,4,71563169217,dell_r6725,1,320,320,672.0,3125,0.01,1000,135,711,71.654,9674.84
0f0389fa5c,Genome,100,3,98,152,3,55,3,4,71563169217,lenovo_sr850,1,344,344,688.0,3125,0.01,1000,450,1578,71.6525,32246.41
29161ebd8d,Genome,100,4,98,149,3,55,3,4,66477147397,lenovo_st45,1,12,12,40.8,3125,0.01,1000,21.5,105,67.0329,1538.19
eb2dc81daf,Genome,100,4,98,149,3,55,3,4,66477147397,lenovo_thinkedge,2,16,32,32.0,3125,0.01,1000,44.7,89,67.1959,6056.52
f4f43e184c,Genome,100,4,98,149,3,55,3,4,66477147397,dell_r6715,1,160,160,336.0,3125,0.01,1000,72.8,374,66.6135,4852.65
0c7a1d0a27,Genome,100,4,98,149,3,55,3,4,66477147397,dell_r6725,1,320,320,672.0,3125,0.01,1000,135,711,66.5714,8988.66
10aef62ef9,Genome,100,4,98,149,3,55,3,4,66477147397,lenovo_sr850,1,344,344,688.0,3125,0.01,1000,450,1578,66.5704,29959.4
cb66069b8d,Genome,100,5,98,146,3,54,3,4,74201320253,lenovo_st45,1,12,12,40.8,3125,0.01,1000,21.5,105,75.2787,1727.75
6924902386,Genome,100,5,98,146,3,54,3,4,74201320253,lenovo_thinkedge,2,16,32,32.0,3125,0.01,1000,44.7,89,75.4492,6800.59
ee00de833a,Genome,100,5,98,146,3,54,3,4,74201320253,dell_r6715,1,160,160,336.0,3125,0.01,1000,72.8,374,74.3687,5417.63
5671f349e1,Genome,100,5,98,146,3,54,3,4,74201320253,dell_r6725,1,320,320,672.0,3125,0.01,1000,135,711,74.2965,10031.74
cd91418725,Genome,100,5,98,146,3,54,3,4,74201320253,lenovo_sr850,1,344,344,688.0,3125,0.01,1000,450,1578,74.2949,33435.74
f4f27a6b01,Genome,100,6,98,148,3,54,3,4,68812121686,lenovo_st45,1,12,12,40.8,3125,0.01,1000,21.5,105,69.4933,1590.44
27cb89635d,Genome,100,6,98,148,3,54,3,4,68812121686,lenovo_thinkedge,2,16,32,32.0,3125,0.01,1000,44.7,89,69.5977,6270.9
4e323aeea5,Genome,100,6,98,148,3,54,3,4,68812121686,dell_r6715,1,160,160,336.0,3125,0.01,1000,72.8,374,68.9417,5022.12
feb0dc7ddb,Genome,100,6,98,148,3,54,3,4,68812121686,dell_r6725,1,320,320,672.0,3125,0.01,1000,135,711,68.8961,9302.49
9cbe195da0,Genome,100,6,98,148,3,54,3,4,68812121686,lenovo_sr850,1,344,344,688.0,3125,0.01,1000,450,1578,68.8951,31005.48
82372a1717,Genome,100,7,98,150,3,56,3,4,62200128969,lenovo_st45,1,12,12,40.8,3125,0.01,1000,21.5,105,63.1787,1470.01
c6af30d0c1,Genome,100,7,98,150,3,56,3,4,62200128969,lenovo_thinkedge,2,16,32,32.0,3125,0.01,1000,44.7,89,63.4411,5728.29
eeb932d7f5,Genome,100,7,98,150,3,56,3,4,62200128969,dell_r6715,1,160,160,336.0,3125,0.01,1000,72.8,374,62.3238,4540.84
ff6b7306d2,Genome,100,7,98,150,3,56,3,4,62200128969,lenovo_sr850,1,344,344,688.0,3125,0.01,1000,450,1578,62.2718,8408.45
8cbf98779c,Genome,100,8,98,152,3,54,3,4,73544195861,lenovo_st45,1,12,12,40.8,3125,0.01,1000,21.5,105,74.483,1687.46
50e47a6864,Genome,100,8,98,152,3,54,3,4,73544195861,lenovo_thinkedge,2,16,32,32.0,3125,0.01,1000,44.7,89,74.745,6725.88
4ffbe95568,Genome,100,8,98,152,3,54,3,4,73544195861,dell_r6715,1,160,160,336.0,3125,0.01,1000,72.8,374,73.6724,5366.18
42579fa077,Genome,100,8,98,152,3,54,3,4,73544195861,dell_r6725,1,320,320,672.0,3125,0.01,1000,135,711,73.6143,9939.29
541c1fed01,Genome,100,8,98,152,3,54,3,4,73544195861,lenovo_sr850,1,344,344,688.0,3125,0.01,1000,450,1578,73.613,33128.24
ca2ffd1c4e,Genome,100,9,98,158,3,57,3,4,63246706842,lenovo_st45,1,12,12,40.8,3125,0.01,1000,21.5,105,64.2682,1480.29
fc9654554b,Genome,100,9,98,158,3,57,3,4,63246706842,lenovo_thinkedge,2,16,32,32.0,3125,0.01,1000,44.7,89,64.7086,5834.93
a719116cd0,Genome,100,9,98,158,3,57,3,4,63246706842,dell_r6715,1,160,160,336.0,3125,0.01,1000,72.8,374,63.4087,4619.39
48f47bc801,Genome,100,9,98,158,3,57,3,4,63246706842,dell_r6725,1,320,320,672.0,3125,0.01,1000,135,711,63.3577,8554.84
ed078eed61,Genome,100,9,98,158,3,57,3,4,63246706842,lenovo_sr850,1,344,344,688.0,3125,0.01,1000,450,1578,63.3565,28513.18
d6fb3cb867,Genome,100,10,98,170,3,58,3,4,66665079801,lenovo_st45,1,12,12,40.8,3125,0.01,1000,21.5,105,67.3085,1539.35
d8da90230e,Genome,100,10,98,170,3,58,3,4,66665079801,lenovo_thinkedge,2,16,32,32.0,3125,0.01,1000,44.7,89,67.4527,6077.05
246b4f53e3,Genome,100,10,98,170,3,58,3,4,66665079801,dell_r6715,1,160,160,336.0,3125,0.01,1000,72.8,374,66.8048,4866.42
3476a12ce7,Genome,100,10,98,170,3,58,3,4,66665079801,dell_r6725,1,320,320,672.0,3125,0.01,1000,135,711,66.7487,9012.52
f828c34ac3,Genome,100,10,98,170,3,58,3,4,66665079801,lenovo_sr850,1,344,344,688.0,3125,0.01,1000,450,1578,66.7474,30038.89
29e8d28d49,Genome,150,1,148,223,3,83,3,4,97966551507,lenovo_st45,1,12,12,40.8,3125,0.01,1000,21.5,105,98.9633,2266.51
4ca44c3189,Genome,150,1,148,223,3,83,3,4,97966551507,lenovo_thinkedge,2,16,32,32.0,3125,0.01,1000,44.7,89,99.2493,8943.3
786f39bcb5,Genome,150,1,148,223,3,83,3,4,97966551507,dell_r6715,1,160,160,336.0,3125,0.01,1000,72.8,374,98.1031,7146.47
0a4b4a1685,Genome,150,1,148,223,3,83,3,4,97966551507,dell_r6725,1,320,320,672.0,3125,0.01,1000,135,711,98.066,13241.09
872467dd03,Genome,150,1,148,223,3,83,3,4,97966551507,lenovo_sr850,1,344,344,688.0,3125,0.01,1000,450,1578,98.0651,44133.2
a156d3ebfc,Genome,150,2,148,222,3,84,3,4,92340901387,lenovo_st45,1,12,12,40.8,3125,0.01,1000,21.5,105,93.5638,2154.5
7f88ecb0d9,Genome,150,2,148,222,3,84,3,4,92340901387,lenovo_thinkedge,2,16,32,32.0,3125,0.01,1000,44.7,89,93.7639,8454.98
bee3f67f27,Genome,150,2,148,222,3,84,3,4,92340901387,dell_r6715,1,160,160,336.0,3125,0.01,1000,72.8,374,92.5128,6739.62
c5a8a19013,Genome,150,2,148,222,3,84,3,4,92340901387,dell_r6725,1,320,320,672.0,3125,0.01,1000,135,711,92.449,12482.85
3bf58801e0,Genome,150,2,148,222,3,84,3,4,92340901387,lenovo_sr850,1,344,344,688.0,3125,0.01,1000,450,1578,92.4474,41605.31
4695236f75,Genome,150,3,148,219,3,81,3,4,106005502571,lenovo_st45,1,12,12,40.8,3125,0.01,1000,21.5,105,107.1813,2450.45
c875c5b5c2,Genome,150,3,148,219,3,81,3,4,106005502571,lenovo_thinkedge,2,16,32,32.0,3125,0.01,1000,44.7,89,107.1183,9650.47
7b869ad5c0,Genome,150,3,148,219,3,81,3,4,106005502571,dell_r6715,1,160,160,336.0,3125,0.01,1000,72.8,374,106.1368,7731.56
26714c21b0,Genome,150,3,148,219,3,81,3,4,106005502571,dell_r6725,1,320,320,672.0,3125,0.01,1000,135,711,106.078,14322.83
05a6ec5a66,Genome,150,3,148,219,3,81,3,4,106005502571,lenovo_sr850,1,344,344,688.0,3125,0.01,1000,450,1578,106.0761,47738.31
7b56602ca7,Genome,150,4,148,215,3,77,3,4,121033708031,lenovo_st45,1,12,12,40.8,3125,0.01,1000,21.5,105,121.6727,2770.3
e7c878630f,Genome,150,4,148,215,3,77,3,4,121033708031,lenovo_thinkedge,2,16,32,32.0,3125,0.01,1000,44.7,89,122.2712,11009.35
06b75a7d06,Genome,150,4,148,215,3,77,3,4,121033708031,dell_r6725,1,320,320,672.0,3125,0.01,1000,135,711,121.1492,8824.73
21eb7f6071,Genome,150,4,148,215,3,77,3,4,121033708031,lenovo_sr850,1,344,344,688.0,3125,0.01,1000,450,1578,121.1037,54500.97
c647e8d1d3,Genome,150,5,148,224,3,84,3,4,110555859504,lenovo_st45,1,12,12,40.8,3125,0.01,1000,21.5,105,111.6924,2545.36
3687c3f463,Genome,150,5,148,224,3,84,3,4,110555859504,lenovo_thinkedge,2,16,32,32.0,3125,0.01,1000,44.7,89,112.0141,10087.1
fbc82244f6,Genome,150,5,148,224,3,84,3,4,110555859504,dell_r6715,1,160,160,336.0,3125,0.01,1000,72.8,374,110.7016,8063.81
c4cff01940,Genome,150,5,148,224,3,84,3,4,110555859504,dell_r6725,1,320,320,672.0,3125,0.01,1000,135,711,110.628,14937.05
6e42ee23ed,Genome,150,5,148,224,3,84,3,4,110555859504,lenovo_sr850,1,344,344,688.0,3125,0.01,1000,450,1578,110.6269,49786.13
adcdd9f3cc,Genome,150,6,148,223,3,82,3,4,115085793916,lenovo_st45,1,12,12,40.8,3125,0.01,1000,21.5,105,116.1779,2643.58
e1eca3dbe7,Genome,150,6,148,223,3,82,3,4,115085793916,lenovo_thinkedge,2,16,32,32.0,3125,0.01,1000,44.7,89,116.459,10485.38
3728a57b12,Genome,150,6,148,223,3,82,3,4,115085793916,dell_r6715,1,160,160,336.0,3125,0.01,1000,72.8,374,115.2555,8395.39
3850c9dedc,Genome,150,6,148,223,3,82,3,4,115085793916,dell_r6725,1,320,320,672.0,3125,0.01,1000,135,711,115.1808,15551.7
ed99a7c5ca,Genome,150,6,148,223,3,82,3,4,115085793916,lenovo_sr850,1,344,344,688.0,3125,0.01,1000,450,1578,115.1791,51834.66
88be9edf0c,Genome,150,7,148,219,3,81,3,4,108242647981,lenovo_st45,1,12,12,40.8,3125,0.01,1000,21.5,105,109.2367,2509.33
d85e8e68d6,Genome,150,7,148,219,3,81,3,4,108242647981,lenovo_thinkedge,2,16,32,32.0,3125,0.01,1000,44.7,89,109.5846,9878.41
6f0f32c088,Genome,150,7,148,219,3,81,3,4,108242647981,dell_r6715,1,160,160,336.0,3125,0.01,1000,72.8,374,108.3851,7895.71
96885e4ec9,Genome,150,7,148,219,3,81,3,4,108242647981,dell_r6725,1,320,320,672.0,3125,0.01,1000,135,711,108.3327,14627.44
7abbe3726d,Genome,150,7,148,219,3,81,3,4,108242647981,lenovo_sr850,1,344,344,688.0,3125,0.01,1000,450,1578,108.3312,48753.55
c8f8325a71,Genome,150,8,148,222,3,82,3,4,105072671413,lenovo_st45,1,12,12,40.8,3125,0.01,1000,21.5,105,106.1344,2438.18
c3eff96f40,Genome,150,8,148,222,3,82,3,4,105072671413,lenovo_thinkedge,2,16,32,32.0,3125,0.01,1000,44.7,89,106.3969,9591.17
45f4c057bd,Genome,150,8,148,222,3,82,3,4,105072671413,dell_r6715,1,160,160,336.0,3125,0.01,1000,72.8,374,105.2129,7664.63
8f6faf5bfd,Genome,150,8,148,222,3,82,3,4,105072671413,dell_r6725,1,320,320,672.0,3125,0.01,1000,135,711,105.1667,14199.96
40044c4c55,Genome,150,8,148,222,3,82,3,4,105072671413,lenovo_sr850,1,344,344,688.0,3125,0.01,1000,450,1578,105.1656,47328.89
998e48ede6,Genome,150,9,148,219,3,81,3,4,107117043555,lenovo_st45,1,12,12,40.8,3125,0.01,1000,21.5,105,108.4194,2500.97
f4d65c6016,Genome,150,9,148,219,3,81,3,4,107117043555,lenovo_thinkedge,2,16,32,32.0,3125,0.01,1000,44.7,89,108.676,9801.86
452aec5d0b,Genome,150,9,148,219,3,81,3,4,107117043555,dell_r6715,1,160,160,336.0,3125,0.01,1000,72.8,374,107.2618,7814.25
06e510a872,Genome,150,9,148,219,3,81,3,4,107117043555,dell_r6725,1,320,320,672.0,3125,0.01,1000,135,711,107.2341,14479.28
2a09335db3,Genome,150,9,148,219,3,81,3,4,107117043555,lenovo_sr850,1,344,344,688.0,3125,0.01,1000,450,1578,107.2329,48259.55
a301da810e,Genome,150,10,148,221,3,83,3,4,104708274972,lenovo_st45,1,12,12,40.8,3125,0.01,1000,21.5,105,105.8997,2424.82
37edc86db2,Genome,150,10,148,221,3,83,3,4,104708274972,lenovo_thinkedge,2,16,32,32.0,3125,0.01,1000,44.7,89,106.1968,9569.06
1bc7d0679b,Genome,150,10,148,221,3,83,3,4,104708274972,dell_r6715,1,160,160,336.0,3125,0.01,1000,72.8,374,104.8738,7639.67
2e8628c86e,Genome,150,10,148,221,3,83,3,4,104708274972,lenovo_sr850,1,344,344,688.0,3125,0.01,1000,450,1578,104.8276,14154.05
5613d3e42b,Genome,200,1,198,294,3,106,3,4,139994708087,lenovo_st45,1,12,12,40.8,3125,0.01,1000,21.5,105,140.9378,3227.02
8d3d2cadb0,Genome,200,1,198,294,3,106,3,4,139994708087,lenovo_thinkedge,2,16,32,32.0,3125,0.01,1000,44.7,89,141.2927,12731.44
6d29776407,Genome,200,1,198,294,3,106,3,4,139994708087,dell_r6715,1,160,160,336.0,3125,0.01,1000,72.8,374,140.1481,10209.25
4c0ffb1ed4,Genome,200,1,198,294,3,106,3,4,139994708087,dell_r6725,1,320,320,672.0,3125,0.01,1000,135,711,140.0989,18916.44
7c21e79198,Genome,200,1,198,294,3,106,3,4,139994708087,lenovo_sr850,1,344,344,688.0,3125,0.01,1000,450,1578,140.0977,63049.47
6ca6e89e84,Genome,200,2,198,296,3,109,3,4,138529542883,lenovo_st45,1,12,12,40.8,3125,0.01,1000,21.5,105,139.4927,3212.33
3f0ad6a8d6,Genome,200,2,198,296,3,109,3,4,138529542883,lenovo_thinkedge,2,16,32,32.0,3125,0.01,1000,44.7,89,139.7061,12597.9
3544056c77,Genome,200,2,198,296,3,109,3,4,138529542883,dell_r6715,1,160,160,336.0,3125,0.01,1000,72.8,374,138.7173,10105.63
51c4794cd4,Genome,200,2,198,296,3,109,3,4,138529542883,dell_r6725,1,320,320,672.0,3125,0.01,1000,135,711,138.6473,18720.73
b2f8145d77,Genome,200,2,198,296,3,109,3,4,138529542883,lenovo_sr850,1,344,344,688.0,3125,0.01,1000,450,1578,138.6457,62396.52
2a3d674bc7,Genome,200,3,198,292,3,107,3,4,139663124761,lenovo_st45,1,12,12,40.8,3125,0.01,1000,21.5,105,141.1213,3228.55
79c7f45a79,Genome,200,3,198,292,3,107,3,4,139663124761,lenovo_thinkedge,2,16,32,32.0,3125,0.01,1000,44.7,89,141.4451,12743.84
f41e939307,Genome,200,3,198,292,3,107,3,4,139663124761,dell_r6715,1,160,160,336.0,3125,0.01,1000,72.8,374,139.8777,10189.49
cdff551993,Genome,200,3,198,292,3,107,3,4,139663124761,dell_r6725,1,320,320,672.0,3125,0.01,1000,135,711,139.815,18878.08
1385e3bb1a,Genome,200,3,198,292,3,107,3,4,139663124761,lenovo_sr850,1,344,344,688.0,3125,0.01,1000,450,1578,139.8135,62921.53
69c1c8319e,Genome,200,4,198,309,3,111,3,4,133748781229,lenovo_st45,1,12,12,40.8,3125,0.01,1000,21.5,105,134.7656,3113.43
7b49504eca,Genome,200,4,198,309,3,111,3,4,133748781229,lenovo_thinkedge,2,16,32,32.0,3125,0.01,1000,44.7,89,134.8087,12161.46
9b60f4270c,Genome,200,4,198,309,3,111,3,4,133748781229,dell_r6715,1,160,160,336.0,3125,0.01,1000,72.8,374,133.9122,9755.9
c539743973,Genome,200,4,198,309,3,111,3,4,133748781229,dell_r6725,1,320,320,672.0,3125,0.01,1000,135,711,133.8799,18077.18
199327524e,Genome,200,4,198,309,3,111,3,4,133748781229,lenovo_sr850,1,344,344,688.0,3125,0.01,1000,450,1578,133.8787,60251.47
7161795a97,Genome,200,5,198,297,3,108,3,4,154119354007,lenovo_st45,1,12,12,40.8,3125,0.01,1000,21.5,105,155.1311,3553.1
e7df8093d8,Genome,200,5,198,297,3,108,3,4,154119354007,lenovo_thinkedge,2,16,32,32.0,3125,0.01,1000,44.7,89,155.1218,13978.38
15a6a67364,Genome,200,5,198,297,3,108,3,4,154119354007,dell_r6715,1,160,160,336.0,3125,0.01,1000,72.8,374,154.3501,11243.84
6a4e373cef,Genome,200,5,198,297,3,108,3,4,154119354007,dell_r6725,1,320,320,672.0,3125,0.01,1000,135,711,154.2707,20829.96
f03b4f75e8,Genome,200,5,198,297,3,108,3,4,154119354007,lenovo_sr850,1,344,344,688.0,3125,0.01,1000,450,1578,154.2689,69427.07
5de8f30f2e,Genome,200,6,198,293,3,106,3,4,139258143627,lenovo_st45,1,12,12,40.8,3125,0.01,1000,21.5,105,140.4335,3224.6
319f79bad6,Genome,200,6,198,293,3,106,3,4,139258143627,lenovo_thinkedge,2,16,32,32.0,3125,0.01,1000,44.7,89,140.7488,12687.08
430256a5bd,Genome,200,6,198,293,3,106,3,4,139258143627,dell_r6715,1,160,160,336.0,3125,0.01,1000,72.8,374,139.4446,10158.31
89d8784e06,Genome,200,6,198,293,3,106,3,4,139258143627,dell_r6725,1,320,320,672.0,3125,0.01,1000,135,711,139.3855,18820.27
de1052ea57,Genome,200,6,198,293,3,106,3,4,139258143627,lenovo_sr850,1,344,344,688.0,3125,0.01,1000,450,1578,139.384,62728.54
6dc2a48599,Genome,200,7,198,298,3,108,3,4,140058040810,lenovo_st45,1,12,12,40.8,3125,0.01,1000,21.5,105,140.9216,3248.54
ed2a1c11c0,Genome,200,7,198,298,3,108,3,4,140058040810,lenovo_thinkedge,2,16,32,32.0,3125,0.01,1000,44.7,89,141.0775,12723.29
fe079f7acc,Genome,200,7,198,298,3,108,3,4,140058040810,dell_r6715,1,160,160,336.0,3125,0.01,1000,72.8,374,140.1856,10212.7
fd61fb37ce,Genome,200,7,198,298,3,108,3,4,140058040810,dell_r6725,1,320,320,672.0,3125,0.01,1000,135,711,140.1685,18926.18
63879b34fe,Genome,200,7,198,298,3,108,3,4,140058040810,lenovo_sr850,1,344,344,688.0,3125,0.01,1000,450,1578,140.1674,63081.46
4b6a4d2ed3,Genome,200,8,198,292,3,108,3,4,152243042786,lenovo_st45,1,12,12,40.8,3125,0.01,1000,21.5,105,153.4309,3516.24
06dbd8e0c7,Genome,200,8,198,292,3,108,3,4,152243042786,lenovo_thinkedge,2,16,32,32.0,3125,0.01,1000,44.7,89,153.7035,13851.42
d99334946e,Genome,200,8,198,292,3,108,3,4,152243042786,dell_r6715,1,160,160,336.0,3125,0.01,1000,72.8,374,152.4103,11102.61
9a74c5c22e,Genome,200,8,198,292,3,108,3,4,152243042786,dell_r6725,1,320,320,672.0,3125,0.01,1000,135,711,152.352,20570.93
6e72fa8abc,Genome,200,8,198,292,3,108,3,4,152243042786,lenovo_sr850,1,344,344,688.0,3125,0.01,1000,450,1578,152.3522,68564.57
5edb4cff94,Genome,200,9,198,300,3,111,3,4,141958297020,lenovo_st45,1,12,12,40.8,3125,0.01,1000,21.5,105,143.0154,3296.99
3ffc1428de,Genome,200,9,198,300,3,111,3,4,141958297020,lenovo_thinkedge,2,16,32,32.0,3125,0.01,1000,44.7,89,143.0229,12898.95
bc32138c51,Genome,200,9,198,300,3,111,3,4,141958297020,dell_r6715,1,160,160,336.0,3125,0.01,1000,72.8,374,142.1159,10353.33
bde26440b5,Genome,200,9,198,300,3,111,3,4,141958297020,dell_r6725,1,320,320,672.0,3125,0.01,1000,135,711,142.07,19182.93
2db0f76649,Genome,200,9,198,300,3,111,3,4,141958297020,lenovo_sr850,1,344,344,688.0,3125,0.01,1000,450,1578,142.069,63937.27
96931696c9,Genome,200,10,198,306,3,110,3,4,149928547424,lenovo_st45,1,12,12,40.8,3125,0.01,1000,21.5,105,150.8746,3439.33
d779a6004a,Genome,200,10,198,306,3,110,3,4,149928547424,lenovo_thinkedge,2,16,32,32.0,3125,0.01,1000,44.7,89,151.0436,13602.5
95b34bbb3e,Genome,200,10,198,306,3,110,3,4,149928547424,dell_r6715,1,160,160,336.0,3125,0.01,1000,72.8,374,150.066,10931.23
3234911220,Genome,200,10,198,306,3,110,3,4,149928547424,dell_r6725,1,320,320,672.0,3125,0.01,1000,135,711,150.0289,20256.98
b580c9b9dc,Genome,200,10,198,306,3,110,3,4,149928547424,lenovo_sr850,1,344,344,688.0,3125,0.01,1000,450,1578,150.0262,67517.27
dad61d0a70,Genome,250,1,248,324,3,156,3,4,261516988943,lenovo_st45,1,12,12,40.8,3125,0.01,1000,21.5,105,262.3578,5886.34
6c70af4153,Genome,250,1,248,324,3,156,3,4,261516988943,lenovo_thinkedge,2,16,32,32.0,3125,0.01,1000,44.7,89,262.5756,23598.89
9130ba3ca0,Genome,250,1,248,324,3,156,3,4,261516988943,dell_r6715,1,160,160,336.0,3125,0.01,1000,72.8,374,261.6553,19056.58
319fc83eef,Genome,250,1,248,324,3,156,3,4,261516988943,dell_r6725,1,320,320,672.0,3125,0.01,1000,135,711,261.6329,35324.29
90160b166f,Genome,250,1,248,324,3,156,3,4,261516988943,lenovo_sr850,1,344,344,688.0,3125,0.01,1000,450,1578,261.6317,117741.14
905e0c9d1d,Genome,250,2,248,325,3,157,3,4,292885605285,lenovo_st45,1,12,12,40.8,3125,0.01,1000,21.5,105,293.6292,6594.91
eab1eb7f52,Genome,250,2,248,325,3,157,3,4,292885605285,lenovo_thinkedge,2,16,32,32.0,3125,0.01,1000,44.7,89,293.7904,26407.87
5c95658844,Genome,250,2,248,325,3,157,3,4,292885605285,dell_r6715,1,160,160,336.0,3125,0.01,1000,72.8,374,293.0401,21342.58
31c5f33667,Genome,250,2,248,325,3,157,3,4,292885605285,dell_r6725,1,320,320,672.0,3125,0.01,1000,135,711,292.9897,39558.03
582fb2526b,Genome,250,2,248,325,3,157,3,4,292885605285,lenovo_sr850,1,344,344,688.0,3125,0.01,1000,450,1578,292.9883,131852.63
4944266a40,Genome,250,3,248,336,3,145,3,4,256260217051,lenovo_st45,1,12,12,40.8,3125,0.01,1000,21.5,105,257.4523,5825.23
efc0ff744e,Genome,250,3,248,336,3,145,3,4,256260217051,lenovo_thinkedge,2,16,32,32.0,3125,0.01,1000,44.7,89,257.6473,23180.8
72d84d1437,Genome,250,3,248,336,3,145,3,4,256260217051,dell_r6715,1,160,160,336.0,3125,0.01,1000,72.8,374,256.4365,18678.1
5ae8c49e1f,Genome,250,3,248,336,3,145,3,4,256260217051,dell_r6725,1,320,320,672.0,3125,0.01,1000,135,711,256.3702,34614.53
98a77b3086,Genome,250,3,248,336,3,145,3,4,256260217051,lenovo_sr850,1,344,344,688.0,3125,0.01,1000,450,1578,256.3686,115373.99
2c40c72939,Genome,250,4,248,338,3,147,3,4,241248793346,lenovo_st45,1,12,12,40.8,3125,0.01,1000,21.5,105,242.6001,5470.36
28c2363d75,Genome,250,4,248,338,3,147,3,4,241248793346,lenovo_thinkedge,2,16,32,32.0,3125,0.01,1000,44.7,89,242.6543,21822.39
058a1ae475,Genome,250,4,248,338,3,147,3,4,241248793346,dell_r6715,1,160,160,336.0,3125,0.01,1000,72.8,374,241.4187,17583.64
a9d837a12c,Genome,250,4,248,338,3,147,3,4,241248793346,dell_r6725,1,320,320,672.0,3125,0.01,1000,135,711,241.3615,32587.8
bed06a56ac,Genome,250,4,248,338,3,147,3,4,241248793346,lenovo_sr850,1,344,344,688.0,3125,0.01,1000,450,1578,241.3608,108619.45
0ee110953c,Genome,250,5,248,339,3,142,3,4,248778174961,lenovo_st45,1,12,12,40.8,3125,0.01,1000,21.5,105,249.8795,5634.31
50509f4d22,Genome,250,5,248,339,3,142,3,4,248778174961,lenovo_thinkedge,2,16,32,32.0,3125,0.01,1000,44.7,89,250.3403,22513.29
0aff68e207,Genome,250,5,248,339,3,142,3,4,248778174961,dell_r6715,1,160,160,336.0,3125,0.01,1000,72.8,374,248.907,18129.03
6cc910ad56,Genome,250,5,248,339,3,142,3,4,248778174961,dell_r6725,1,320,320,672.0,3125,0.01,1000,135,711,248.877,33602.51
012af05d9c,Genome,250,5,248,339,3,142,3,4,248778174961,lenovo_sr850,1,344,344,688.0,3125,0.01,1000,450,1578,248.876,112001.52
7490d2f0da,Genome,250,6,248,333,3,148,3,4,264588352217,lenovo_st45,1,12,12,40.8,3125,0.01,1000,21.5,105,265.6652,6023.13
28aeffab9d,Genome,250,6,248,333,3,148,3,4,264588352217,lenovo_thinkedge,2,16,32,32.0,3125,0.01,1000,44.7,89,265.9515,23934.01
e4aae234d9,Genome,250,6,248,333,3,148,3,4,264588352217,dell_r6715,1,160,160,336.0,3125,0.01,1000,72.8,374,264.7385,19283.19
2247f3142e,Genome,250,6,248,333,3,148,3,4,264588352217,dell_r6725,1,320,320,672.0,3125,0.01,1000,135,711,264.6739,35735.87
14c2316ced,Genome,250,6,248,333,3,148,3,4,264588352217,lenovo_sr850,1,344,344,688.0,3125,0.01,1000,450,1578,264.6734,119111.72
5ace239dbb,Genome,250,7,248,338,3,143,3,4,247298629105,lenovo_st45,1,12,12,40.8,3125,0.01,1000,21.5,105,248.7346,5638.5
0e991b0e37,Genome,250,7,248,338,3,143,3,4,247298629105,lenovo_thinkedge,2,16,32,32.0,3125,0.01,1000,44.7,89,248.8184,22391.85
198839cce0,Genome,250,7,248,338,3,143,3,4,247298629105,dell_r6715,1,160,160,336.0,3125,0.01,1000,72.8,374,247.5134,18028.52
1e0b541793,Genome,250,7,248,338,3,143,3,4,247298629105,dell_r6725,1,320,320,672.0,3125,0.01,1000,135,711,247.4458,33409.75
c841b7c7f7,Genome,250,7,248,338,3,143,3,4,247298629105,lenovo_sr850,1,344,344,688.0,3125,0.01,1000,450,1578,247.4443,111358.08
b94ba94c5e,Genome,250,8,248,339,3,143,3,4,237037582757,lenovo_st45,1,12,12,40.8,3125,0.01,1000,21.5,105,237.773,5370.3
3efa6584f4,Genome,250,8,248,339,3,143,3,4,237037582757,lenovo_thinkedge,2,16,32,32.0,3125,0.01,1000,44.7,89,238.1517,21421.75
6519a93df1,Genome,250,8,248,339,3,143,3,4,237037582757,dell_r6715,1,160,160,336.0,3125,0.01,1000,72.8,374,237.164,17274.02
f7100947f8,Genome,250,8,248,339,3,143,3,4,237037582757,dell_r6725,1,320,320,672.0,3125,0.01,1000,135,711,237.1052,32013.25
83a48dce8f,Genome,250,8,248,339,3,143,3,4,237037582757,lenovo_sr850,1,344,344,688.0,3125,0.01,1000,450,1578,237.1045,106704.23
7c85796464,Genome,250,9,248,335,3,146,3,4,261404865185,lenovo_st45,1,12,12,40.8,3125,0.01,1000,21.5,105,262.5491,5908.47
c8139e9b89,Genome,250,9,248,335,3,146,3,4,261404865185,lenovo_thinkedge,2,16,32,32.0,3125,0.01,1000,44.7,89,262.7536,23623.93
5830950dd1,Genome,250,9,248,335,3,146,3,4,261404865185,dell_r6715,1,160,160,336.0,3125,0.01,1000,72.8,374,261.5659,19050.66
0209282ddd,Genome,250,9,248,335,3,146,3,4,261404865185,dell_r6725,1,320,320,672.0,3125,0.01,1000,135,711,261.5061,35307.46
238b38a873,Genome,250,9,248,335,3,146,3,4,261404865185,lenovo_sr850,1,344,344,688.0,3125,0.01,1000,450,1578,261.5045,117684.38
692a985317,Genome,250,10,248,338,3,146,3,4,264742509107,lenovo_st45,1,12,12,40.8,3125,0.01,1000,21.5,105,266.0168,6000.07
dc4601f4cd,Genome,250,10,248,338,3,146,3,4,264742509107,lenovo_thinkedge,2,16,32,32.0,3125,0.01,1000,44.7,89,266.3527,23954.34
a0ab12d4fb,Genome,250,10,248,338,3,146,3,4,264742509107,dell_r6715,1,160,160,336.0,3125,0.01,1000,72.8,374,264.9263,19295.85
42b2419e15,Genome,250,10,248,338,3,146,3,4,264742509107,dell_r6725,1,320,320,672.0,3125,0.01,1000,135,711,264.8429,35758.21
449ad12eb1,Genome,250,10,248,338,3,146,3,4,264742509107,lenovo_sr850,1,344,344,688.0,3125,0.01,1000,450,1578,264.8412,119186.37
4885be31e6,Genome,300,1,298,438,3,159,3,4,216813535883,lenovo_st45,1,12,12,40.8,3125,0.01,1000,21.5,105,217.4403,4977.35
bba009e784,Genome,300,1,298,438,3,159,3,4,216813535883,lenovo_thinkedge,2,16,32,32.0,3125,0.01,1000,44.7,89,217.5515,19602.52
14f101d75d,Genome,300,1,298,438,3,159,3,4,216813535883,dell_r6715,1,160,160,336.0,3125,0.01,1000,72.8,374,217.0532,15811.41
f7b433c1e3,Genome,300,1,298,438,3,159,3,4,216813535883,dell_r6725,1,320,320,672.0,3125,0.01,1000,135,711,216.9913,29298.58
fa4aa64d46,Genome,300,1,298,438,3,159,3,4,216813535883,lenovo_sr850,1,344,344,688.0,3125,0.01,1000,450,1578,216.9904,97654.11
45ba603960,Genome,300,2,298,436,3,159,3,4,222669428506,lenovo_st45,1,12,12,40.8,3125,0.01,1000,21.5,105,223.7096,5127.25
b1b2c367bd,Genome,300,2,298,436,3,159,3,4,222669428506,lenovo_thinkedge,2,16,32,32.0,3125,0.01,1000,44.7,89,223.9675,20183.77
bba334f975,Genome,300,2,298,436,3,159,3,4,222669428506,dell_r6715,1,160,160,336.0,3125,0.01,1000,72.8,374,222.8971,16237.34
3280ff6b85,Genome,300,2,298,436,3,159,3,4,222669428506,dell_r6725,1,320,320,672.0,3125,0.01,1000,135,711,222.8307,30087.13
bee82c4efd,Genome,300,3,298,452,3,164,3,4,224625460098,lenovo_st45,1,12,12,40.8,3125,0.01,1000,21.5,105,224.8038,101170.42
1de59f890a,Genome,300,3,298,452,3,164,3,4,224625460098,lenovo_thinkedge,2,16,32,32.0,3125,0.01,1000,44.7,89,225.9073,20354.29
2362097b09,Genome,300,3,298,452,3,164,3,4,224625460098,dell_r6715,1,160,160,336.0,3125,0.01,1000,72.8,374,224.838,16378.45
977ec5aac5,Genome,300,3,298,452,3,164,3,4,224625460098,dell_r6725,1,320,320,672.0,3125,0.01,1000,135,711,224.8057,30353.66
b638ea23ae,Genome,300,3,298,452,3,164,3,4,224625460098,lenovo_sr850,1,344,344,688.0,3125,0.01,1000,450,1578,224.8038,101170.42
36a07eafee,Genome,300,4,298,443,3,162,3,4,205219173815,lenovo_st45,1,12,12,40.8,3125,0.01,1000,21.5,105,206.2203,4760.74
ac3c2a2620,Genome,300,4,298,443,3,162,3,4,205219173815,lenovo_thinkedge,2,16,32,32.0,3125,0.01,1000,44.7,89,206.5998,18635.92
132e96121b,Genome,300,4,298,443,3,162,3,4,205219173815,dell_r6715,1,160,160,336.0,3125,0.01,1000,72.8,374,205.4615,14968.34
377f972534,Genome,300,4,298,443,3,162,3,4,205219173815,dell_r6725,1,320,320,672.0,3125,0.01,1000,135,711,205.4063,27734.99
2770537bb6,Genome,300,4,298,443,3,162,3,4,205219173815,lenovo_sr850,1,344,344,688.0,3125,0.01,1000,450,1578,205.405,92441.39
1f73944976,Genome,300,5,298,455,3,165,3,4,211304968318,lenovo_st45,1,12,12,40.8,3125,0.01,1000,21.5,105,211.8625,4863.12
28ae90cb60,Genome,300,5,298,455,3,165,3,4,211304968318,lenovo_thinkedge,2,16,32,32.0,3125,0.01,1000,44.7,89,212.8104,19181.55
7091e65934,Genome,300,5,298,455,3,165,3,4,211304968318,dell_r6715,1,160,160,336.0,3125,0.01,1000,72.8,374,211.5539,15411.25
235fdd64f1,Genome,300,5,298,455,3,165,3,4,211304968318,dell_r6725,1,320,320,672.0,3125,0.01,1000,135,711,211.4847,28555.28
ce252a8721,Genome,300,5,298,455,3,165,3,4,211304968318,lenovo_sr850,1,344,344,688.0,3125,0.01,1000,450,1578,211.4835,95176.18
8ab3190a14,Genome,300,6,298,436,3,160,3,4,219316871925,lenovo_st45,1,12,12,40.8,3125,0.01,1000,21.5,105,220.5492,5057.14
7915a241d7,Genome,300,6,298,436,3,160,3,4,219316871925,lenovo_thinkedge,2,16,32,32.0,3125,0.01,1000,44.7,89,220.8583,19904.71
82442d0328,Genome,300,6,298,436,3,160,3,4,219316871925,dell_r6715,1,160,160,336.0,3125,0.01,1000,72.8,374,219.558,15994.18
137351d3c8,Genome,300,6,298,436,3,160,3,4,219316871925,dell_r6725,1,320,320,672.0,3125,0.01,1000,135,711,219.5023,29637.77
7da362d087,Genome,300,6,298,436,3,160,3,4,219316871925,lenovo_sr850,1,344,344,688.0,3125,0.01,1000,450,1578,219.5011,98784.3
514fa6e141,Genome,300,7,298,441,3,162,3,4,228246981289,lenovo_st45,1,12,12,40.8,3125,0.01,1000,21.5,105,229.3649,5246.34
6fc2b2837b,Genome,300,7,298,441,3,162,3,4,228246981289,lenovo_thinkedge,2,16,32,32.0,3125,0.01,1000,44.7,89,229.6393,20689.56
f510ac7a2b,Genome,300,7,298,441,3,162,3,4,228246981289,dell_r6715,1,160,160,336.0,3125,0.01,1000,72.8,374,228.3943,16637.46
a3a69cc470,Genome,300,7,298,441,3,162,3,4,228246981289,dell_r6725,1,320,320,672.0,3125,0.01,1000,135,711,228.3413,30831.02
0f593b6691,Genome,300,7,298,441,3,162,3,4,228246981289,lenovo_sr850,1,344,344,688.0,3125,0.01,1000,450,1578,228.3412,102762.36
ee5ad3a5ea,Genome,300,8,298,451,3,169,3,4,211355630539,lenovo_st45,1,12,12,40.8,3125,0.01,1000,21.5,105,212.7778,4868.81
a45d940558,Genome,300,8,298,451,3,169,3,4,211355630539,lenovo_thinkedge,2,16,32,32.0,3125,0.01,1000,44.7,89,213.1461,19204.46
e5940204a7,Genome,300,8,298,451,3,169,3,4,211355630539,dell_r6715,1,160,160,336.0,3125,0.01,1000,72.8,374,211.5328,15409.25
8a4eea71a5,Genome,300,8,298,451,3,169,3,4,211355630539,dell_r6725,1,320,320,672.0,3125,0.01,1000,135,711,211.488,28555.5
b1058765c6,Genome,300,8,298,451,3,169,3,4,211355630539,lenovo_sr850,1,344,344,688.0,3125,0.01,1000,450,1578,211.4869,95177.32
e0352522ee,Genome,300,9,298,439,3,159,3,4,219380036827,lenovo_st45,1,12,12,40.8,3125,0.01,1000,21.5,105,220.7636,5065.77
0ff8d96195,Genome,300,9,298,439,3,159,3,4,219380036827,lenovo_thinkedge,2,16,32,32.0,3125,0.01,1000,44.7,89,221.0711,19925.77
2cbf2c64a9,Genome,300,9,298,439,3,159,3,4,219380036827,dell_r6715,1,160,160,336.0,3125,0.01,1000,72.8,374,219.6043,15997.69
b181a0f09f,Genome,300,9,298,439,3,159,3,4,219380036827,dell_r6725,1,320,320,672.0,3125,0.01,1000,135,711,219.5387,29642.74
d7f7648749,Genome,300,9,298,439,3,159,3,4,219380036827,lenovo_sr850,1,344,344,688.0,3125,0.01,1000,450,1578,219.537,98800.56
4cfef76038,Genome,300,10,298,441,3,165,3,4,201560498235,lenovo_st45,1,12,12,40.8,3125,0.01,1000,21.5,105,202.4471,4652.61
c08d8034af,Genome,300,10,298,441,3,165,3,4,201560498235,lenovo_thinkedge,2,16,32,32.0,3125,0.01,1000,44.7,89,202.6321,18267.5
26e4bdce16,Genome,300,10,298,441,3,165,3,4,201560498235,dell_r6715,1,160,160,336.0,3125,0.01,1000,72.8,374,201.7518,14697.39
90bc88bb43,Genome,300,10,298,441,3,165,3,4,201560498235,dell_r6725,1,320,320,672.0,3125,0.01,1000,135,711,201.7121,27235.84
a0b51a169a,Genome,300,10,298,441,3,165,3,4,201560498235,lenovo_sr850,1,344,344,688.0,3125,0.01,1000,450,1578,201.7111,90778.4
f8d3734e85,Genome,400,1,398,531,3,238,3,4,412419060437,lenovo_st45,1,12,12,40.8,3125,0.01,1000,21.5,105,413.6603,9341.38
07a17ef571,Genome,400,1,398,531,3,238,3,4,412419060437,lenovo_thinkedge,2,16,32,32.0,3125,0.01,1000,44.7,89,414.1665,37253.61
6618e6543b,Genome,400,1,398,531,3,238,3,4,412419060437,dell_r6715,1,160,160,336.0,3125,0.01,1000,72.8,374,412.6737,30057.35
560b55b2e3,Genome,400,1,398,531,3,238,3,4,412419060437,dell_r6725,1,320,320,672.0,3125,0.01,1000,135,711,412.5918,55706.93
1e31e38296,Genome,400,1,398,531,3,238,3,4,412419060437,lenovo_sr850,1,344,344,688.0,3125,0.01,1000,450,1578,412.5913,185678.57
17fbe5bcab,Genome,400,2,398,525,3,244,3,4,422882942593,lenovo_st45,1,12,12,40.8,3125,0.01,1000,21.5,105,423.7668,9531.85
f51db70402,Genome,400,2,398,525,3,244,3,4,422882942593,lenovo_thinkedge,2,16,32,32.0,3125,0.01,1000,44.7,89,423.9547,38115.07
fc8b745b9a,Genome,400,2,398,525,3,244,3,4,422882942593,dell_r6715,1,160,160,336.0,3125,0.01,1000,72.8,374,423.078,30813.9
1f04ccc85b,Genome,400,2,398,525,3,244,3,4,422882942593,dell_r6725,1,320,320,672.0,3125,0.01,1000,135,711,423.0347,57116.3
64cc1d2762,Genome,400,2,398,525,3,244,3,4,422882942593,lenovo_sr850,1,344,344,688.0,3125,0.01,1000,450,1578,423.0329,190376.57
cb9b09877a,Genome,400,3,398,523,3,246,3,4,409192802160,lenovo_st45,1,12,12,40.8,3125,0.01,1000,21.5,105,410.3278,9244.7
75d39fb526,Genome,400,3,398,523,3,246,3,4,409192802160,lenovo_thinkedge,2,16,32,32.0,3125,0.01,1000,44.7,89,410.6322,36924.94
48894ff3a0,Genome,400,3,398,523,3,246,3,4,409192802160,dell_r6715,1,160,160,336.0,3125,0.01,1000,72.8,374,409.3884,29817.36
cb5bf8222c,Genome,400,3,398,523,3,246,3,4,409192802160,dell_r6725,1,320,320,672.0,3125,0.01,1000,135,711,409.3001,55262.16
7f664633b9,Genome,400,3,398,523,3,246,3,4,409192802160,lenovo_sr850,1,344,344,688.0,3125,0.01,1000,450,1578,409.2989,184196.32
59f513d8d4,Genome,400,4,398,525,3,245,3,4,432368533268,lenovo_st45,1,12,12,40.8,3125,0.01,1000,21.5,105,433.5008,9778.05
6e6be1cafd,Genome,400,4,398,525,3,245,3,4,432368533268,lenovo_thinkedge,2,16,32,32.0,3125,0.01,1000,44.7,89,433.6494,39000.51
86e234e632,Genome,400,4,398,525,3,245,3,4,432368533268,dell_r6715,1,160,160,336.0,3125,0.01,1000,72.8,374,432.5437,31504.22
2921102e16,Genome,400,4,398,525,3,245,3,4,432368533268,dell_r6725,1,320,320,672.0,3125,0.01,1000,135,711,432.4858,58392.78
734433eb89,Genome,400,4,398,525,3,245,3,4,432368533268,lenovo_sr850,1,344,344,688.0,3125,0.01,1000,450,1578,432.4842,194630.67
09a850c145,Genome,400,5,398,529,3,242,3,4,412982986403,lenovo_st45,1,12,12,40.8,3125,0.01,1000,21.5,105,414.0195,9339.1
54a9dccd84,Genome,400,5,398,529,3,242,3,4,412982986403,lenovo_thinkedge,2,16,32,32.0,3125,0.01,1000,44.7,89,414.1844,37250.13
a68e099185,Genome,400,5,398,529,3,242,3,4,412982986403,dell_r6715,1,160,160,336.0,3125,0.01,1000,72.8,374,413.1451,30091.34
d88bc69c51,Genome,400,5,398,529,3,242,3,4,412982986403,dell_r6725,1,320,320,672.0,3125,0.01,1000,135,711,413.1034,55775.83
76fdb786e0,Genome,400,5,398,529,3,242,3,4,412982986403,lenovo_sr850,1,344,344,688.0,3125,0.01,1000,450,1578,413.1019,185908.07
78aa91b990,Genome,400,6,398,530,3,241,3,4,436817058899,lenovo_st45,1,12,12,40.8,3125,0.01,1000,21.5,105,437.7427,9875.65
008d7592d2,Genome,400,6,398,530,3,241,3,4,436817058899,lenovo_thinkedge,2,16,32,32.0,3125,0.01,1000,44.7,89,438.6289,39448.92
8934a2e178,Genome,400,6,398,530,3,241,3,4,436817058899,dell_r6715,1,160,160,336.0,3125,0.01,1000,72.8,374,437.1156,31837.27
801deed3de,Genome,400,6,398,530,3,241,3,4,436817058899,dell_r6725,1,320,320,672.0,3125,0.01,1000,135,711,437.0081,59003.39
dbedf85d1f,Genome,400,6,398,530,3,241,3,4,436817058899,lenovo_sr850,1,344,344,688.0,3125,0.01,1000,450,1578,437.006,196665.69
2f58254170,Genome,400,7,398,523,3,246,3,4,425153054041,lenovo_st45,1,12,12,40.8,3125,0.01,1000,21.5,105,426.2962,9614.11
72fbe855d0,Genome,400,7,398,523,3,246,3,4,425153054041,lenovo_thinkedge,2,16,32,32.0,3125,0.01,1000,44.7,89,426.5828,38364.16
17757139ff,Genome,400,7,398,523,3,246,3,4,425153054041,dell_r6715,1,160,160,336.0,3125,0.01,1000,72.8,374,425.3772,30982.2
f540f80ed6,Genome,400,7,398,523,3,246,3,4,425153054041,dell_r6725,1,320,320,672.0,3125,0.01,1000,135,711,425.3008,57422.66
be635cdce0,Genome,400,7,398,523,3,246,3,4,425153054041,lenovo_sr850,1,344,344,688.0,3125,0.01,1000,450,1578,425.2995,191397.32
b69f5e9be6,Genome,400,8,398,531,3,239,3,4,423521194328,lenovo_st45,1,12,12,40.8,3125,0.01,1000,21.5,105,424.2991,9592.02
523b923654,Genome,400,8,398,531,3,239,3,4,423521194328,lenovo_thinkedge,2,16,32,32.0,3125,0.01,1000,44.7,89,424.6122,38198.57
62719ddcf9,Genome,400,8,398,531,3,239,3,4,423521194328,dell_r6715,1,160,160,336.0,3125,0.01,1000,72.8,374,423.7081,30861.38
b0f6e68297,Genome,400,8,398,531,3,239,3,4,423521194328,dell_r6725,1,320,320,672.0,3125,0.01,1000,135,711,423.6613,57201.65
f4c482f390,Genome,400,8,398,531,3,239,3,4,423521194328,lenovo_sr850,1,344,344,688.0,3125,0.01,1000,450,1578,423.6595,190659.89
ede7cc0f29,Genome,400,9,398,528,3,241,3,4,396961762639,lenovo_st45,1,12,12,40.8,3125,0.01,1000,21.5,105,397.9292,8978.0
8bcd4f3713,Genome,400,9,398,528,3,241,3,4,396961762639,lenovo_thinkedge,2,16,32,32.0,3125,0.01,1000,44.7,89,398.4906,35839.42
473b3c26d3,Genome,400,9,398,528,3,241,3,4,396961762639,dell_r6715,1,160,160,336.0,3125,0.01,1000,72.8,374,397.1812,28928.67
e258cd3e76,Genome,400,9,398,528,3,241,3,4,396961762639,dell_r6725,1,320,320,672.0,3125,0.01,1000,135,711,397.0834,53612.9
1222395afd,Genome,400,9,398,528,3,241,3,4,396961762639,lenovo_sr850,1,344,344,688.0,3125,0.01,1000,450,1578,397.0822,178698.81
f9d3781cc7,Genome,400,10,398,527,3,242,3,4,434315914070,lenovo_st45,1,12,12,40.8,3125,0.01,1000,21.5,105,435.5078,9846.09
9dfd50b119,Genome,400,10,398,527,3,242,3,4,434315914070,lenovo_thinkedge,2,16,32,32.0,3125,0.01,1000,44.7,89,435.7752,39203.17
343a7462af,Genome,400,10,398,527,3,242,3,4,434315914070,dell_r6715,1,160,160,336.0,3125,0.01,1000,72.8,374,434.5541,31651.4
8e07b457cc,Genome,400,10,398,527,3,242,3,4,434315914070,dell_r6725,1,320,320,672.0,3125,0.01,1000,135,711,434.4472,58657.96
2df960838a,Genome,400,10,398,527,3,242,3,4,434315914070,lenovo_sr850,1,344,344,688.0,3125,0.01,1000,450,1578,434.4464,195514.39
e5b149a107,Genome,500,1,498,663,3,307,3,4,558635828726,lenovo_st45,1,12,12,40.8,3125,0.01,1000,21.5,105,559.8015,12588.0
f805f70877,Genome,500,1,498,663,3,307,3,4,558635828726,lenovo_thinkedge,2,16,32,32.0,3125,0.01,1000,44.7,89,559.8471,50330.51
02501e7eba,Genome,500,1,498,663,3,307,3,4,558635828726,dell_r6715,1,160,160,336.0,3125,0.01,1000,72.8,374,558.7908,40698.11
c734851e2d,Genome,500,1,498,663,3,307,3,4,558635828726,dell_r6725,1,320,320,672.0,3125,0.01,1000,135,711,558.7406,75438.65
43a482509f,Genome,500,1,498,663,3,307,3,4,558635828726,lenovo_sr850,1,344,344,688.0,3125,0.01,1000,450,1578,558.7394,251448.16
5fde0923ee,Genome,500,2,498,658,3,307,3,4,546715856228,lenovo_st45,1,12,12,40.8,3125,0.01,1000,21.5,105,547.9043,12331.85
36cb6c9a4f,Genome,500,2,498,658,3,307,3,4,546715856228,lenovo_thinkedge,2,16,32,32.0,3125,0.01,1000,44.7,89,548.1706,49286.45
17e4459fb0,Genome,500,2,498,658,3,307,3,4,546715856228,dell_r6715,1,160,160,336.0,3125,0.01,1000,72.8,374,547.0187,39841.09
2bb6c19d8f,Genome,500,2,498,658,3,307,3,4,546715856228,dell_r6725,1,320,320,672.0,3125,0.01,1000,135,711,546.934,73844.76
20725402ac,Genome,500,2,498,658,3,307,3,4,546715856228,lenovo_sr850,1,344,344,688.0,3125,0.01,1000,450,1578,546.9321,246134.88
0240131155,Genome,500,3,498,666,3,303,3,4,535477068623,lenovo_st45,1,12,12,40.8,3125,0.01,1000,21.5,105,536.4756,12076.29
670fd18f0a,Genome,500,3,498,666,3,303,3,4,535477068623,lenovo_thinkedge,2,16,32,32.0,3125,0.01,1000,44.7,89,536.9859,48281.54
f3076c813c,Genome,500,3,498,666,3,303,3,4,535477068623,dell_r6715,1,160,160,336.0,3125,0.01,1000,72.8,374,535.6087,39010.12
43c124f13a,Genome,500,3,498,666,3,303,3,4,535477068623,dell_r6725,1,320,320,672.0,3125,0.01,1000,135,711,535.5864,72312.67
c005047c64,Genome,500,3,498,666,3,303,3,4,535477068623,lenovo_sr850,1,344,344,688.0,3125,0.01,1000,450,1578,535.5849,241028.36
1a29b8df38,Genome,500,4,498,677,3,300,3,4,526173008789,lenovo_st45,1,12,12,40.8,3125,0.01,1000,21.5,105,527.2854,11877.58
599a8f6265,Genome,500,4,498,677,3,300,3,4,526173008789,lenovo_thinkedge,2,16,32,32.0,3125,0.01,1000,44.7,89,527.1999,47406.11
eda8aa28cf,Genome,500,4,498,677,3,300,3,4,526173008789,dell_r6715,1,160,160,336.0,3125,0.01,1000,72.8,374,526.4308,38341.93
ffab9293a6,Genome,500,4,498,677,3,300,3,4,526173008789,dell_r6725,1,320,320,672.0,3125,0.01,1000,135,711,526.3511,71065.9
964c19d6b9,Genome,500,4,498,677,3,300,3,4,526173008789,lenovo_sr850,1,344,344,688.0,3125,0.01,1000,450,1578,526.3495,236872.4
04ebab3685,Genome,500,5,498,674,3,298,3,4,519165164046,lenovo_st45,1,12,12,40.8,3125,0.01,1000,21.5,105,520.0315,11731.42
90fa9c8c1c,Genome,500,5,498,674,3,298,3,4,519165164046,lenovo_thinkedge,2,16,32,32.0,3125,0.01,1000,44.7,89,520.2325,46788.2
c0de6f0949,Genome,500,5,498,674,3,298,3,4,519165164046,dell_r6715,1,160,160,336.0,3125,0.01,1000,72.8,374,519.4278,37832.44
e9d13567e4,Genome,500,5,498,674,3,298,3,4,519165164046,dell_r6725,1,320,320,672.0,3125,0.01,1000,135,711,519.371,70123.73
c66e39862d,Genome,500,5,498,674,3,298,3,4,519165164046,lenovo_sr850,1,344,344,688.0,3125,0.01,1000,450,1578,519.3707,233732.2
42ba8cc4e5,Genome,500,6,498,669,3,299,3,4,525599306170,lenovo_st45,1,12,12,40.8,3125,0.01,1000,21.5,105,526.8555,11900.12
dee4cf71d4,Genome,500,6,498,669,3,299,3,4,525599306170,lenovo_thinkedge,2,16,32,32.0,3125,0.01,1000,44.7,89,527.1303,47416.01
ae77241b90,Genome,500,6,498,669,3,299,3,4,525599306170,dell_r6715,1,160,160,336.0,3125,0.01,1000,72.8,374,525.8227,38298.71
7d23af80b9,Genome,500,6,498,669,3,299,3,4,525599306170,dell_r6725,1,320,320,672.0,3125,0.01,1000,135,711,525.7339,70983.08
9e0099447a,Genome,500,6,498,669,3,299,3,4,525599306170,lenovo_sr850,1,344,344,688.0,3125,0.01,1000,450,1578,525.7323,236595.53
bedb49b957,Genome,500,7,498,667,3,300,3,4,522619127013,lenovo_st45,1,12,12,40.8,3125,0.01,1000,21.5,105,523.8927,11775.95
e633ad566a,Genome,500,7,498,667,3,300,3,4,522619127013,lenovo_thinkedge,2,16,32,32.0,3125,0.01,1000,44.7,89,523.9741,47103.17
159d5c16a6,Genome,500,7,498,667,3,300,3,4,522619127013,dell_r6715,1,160,160,336.0,3125,0.01,1000,72.8,374,522.8048,38077.02
536f1674d2,Genome,500,7,498,667,3,300,3,4,522619127013,dell_r6725,1,320,320,672.0,3125,0.01,1000,135,711,522.7324,70576.93
e5b6c8bdda,Genome,500,7,498,667,3,300,3,4,522619127013,lenovo_sr850,1,344,344,688.0,3125,0.01,1000,450,1578,522.731,235243.25
a5edf12569,Genome,500,8,498,665,3,303,3,4,529212518258,lenovo_st45,1,12,12,40.8,3125,0.01,1000,21.5,105,529.8923,11947.26
2eb8f88177,Genome,500,8,498,665,3,303,3,4,529212518258,lenovo_thinkedge,2,16,32,32.0,3125,0.01,1000,44.7,89,530.0579,47668.52
0173ef1454,Genome,500,8,498,665,3,303,3,4,529212518258,dell_r6715,1,160,160,336.0,3125,0.01,1000,72.8,374,529.3778,38556.92
b49487df9e,Genome,500,8,498,665,3,303,3,4,529212518258,dell_r6725,1,320,320,672.0,3125,0.01,1000,135,711,529.3662,71473.15
a980c40462,Genome,500,8,498,665,3,303,3,4,529212518258,lenovo_sr850,1,344,344,688.0,3125,0.01,1000,450,1578,529.3643,238229.45
385b2fea8d,Genome,500,9,498,666,3,301,3,4,501778575299,lenovo_st45,1,12,12,40.8,3125,0.01,1000,21.5,105,502.6353,11343.59
502547e4f7,Genome,500,9,498,666,3,301,3,4,501778575299,lenovo_thinkedge,2,16,32,32.0,3125,0.01,1000,44.7,89,502.8376,45226.08
562cefde9c,Genome,500,9,498,666,3,301,3,4,501778575299,dell_r6715,1,160,160,336.0,3125,0.01,1000,72.8,374,501.979,36561.71
b080ffad53,Genome,500,9,498,666,3,301,3,4,501778575299,dell_r6725,1,320,320,672.0,3125,0.01,1000,135,711,501.9049,67765.59
00685d3e4d,Genome,500,9,498,666,3,301,3,4,501778575299,lenovo_sr850,1,344,344,688.0,3125,0.01,1000,450,1578,501.9056,225872.51
ce842e27eb,Genome,500,10,498,647,3,313,3,4,540659365111,lenovo_st45,1,12,12,40.8,3125,0.01,1000,21.5,105,541.7543,12206.17
6123bfa8f2,Genome,500,10,498,647,3,313,3,4,540659365111,lenovo_thinkedge,2,16,32,32.0,3125,0.01,1000,44.7,89,541.7769,48718.17
54c54bcef5,Genome,500,10,498,647,3,313,3,4,540659365111,dell_r6715,1,160,160,336.0,3125,0.01,1000,72.8,374,540.8963,39395.6
abbc0acc1c,Genome,500,10,498,647,3,313,3,4,540659365111,dell_r6725,1,320,320,672.0,3125,0.01,1000,135,711,540.8327,73021.19
328fd3427e,Genome,500,10,498,647,3,313,3,4,540659365111,lenovo_sr850,1,344,344,688.0,3125,0.01,1000,450,1578,540.8317,243389.88
d5cea27492,Genome,700,1,698,924,3,430,3,4,754492254332,lenovo_st45,1,12,12,40.8,3125,0.01,1000,21.5,105,755.5839,17049.06
00898ad4dd,Genome,700,1,698,924,3,430,3,4,754492254332,lenovo_thinkedge,2,16,32,32.0,3125,0.01,1000,44.7,89,755.9822,67992.7
b516f85c99,Genome,700,1,698,924,3,430,3,4,754492254332,dell_r6715,1,160,160,336.0,3125,0.01,1000,72.8,374,754.7683,54973.55
24ec43421c,Genome,700,1,698,924,3,430,3,4,754492254332,dell_r6725,1,320,320,672.0,3125,0.01,1000,135,711,754.7325,101901.51
3444dce017,Genome,700,1,698,924,3,430,3,4,754492254332,lenovo_sr850,1,344,344,688.0,3125,0.01,1000,450,1578,754.7158,339644.59
35f0de9c58,Genome,700,2,698,920,3,430,3,4,776722394236,lenovo_st45,1,12,12,40.8,3125,0.01,1000,21.5,105,778.0498,17518.84
5ec16262a1,Genome,700,2,698,920,3,430,3,4,776722394236,lenovo_thinkedge,2,16,32,32.0,3125,0.01,1000,44.7,89,778.2968,69980.91
fb53414d2b,Genome,700,2,698,920,3,430,3,4,776722394236,dell_r6715,1,160,160,336.0,3125,0.01,1000,72.8,374,777.001,56591.65
e4f8e27c58,Genome,700,2,698,920,3,430,3,4,776722394236,dell_r6725,1,320,320,672.0,3125,0.01,1000,135,711,776.9321,104898.26
27876fce06,Genome,700,2,698,920,3,430,3,4,776722394236,lenovo_sr850,1,344,344,688.0,3125,0.01,1000,450,1578,776.9305,349640.84
b252c4e98d,Genome,700,3,698,929,3,421,3,4,738262366014,lenovo_st45,1,12,12,40.8,3125,0.01,1000,21.5,105,739.2244,16708.63
16f0867776,Genome,700,3,698,929,3,421,3,4,738262366014,lenovo_thinkedge,2,16,32,32.0,3125,0.01,1000,44.7,89,739.4422,66519.76
43ce9a7033,Genome,700,3,698,929,3,421,3,4,738262366014,dell_r6715,1,160,160,336.0,3125,0.01,1000,72.8,374,738.4886,53788.75
6b1cca0d94,Genome,700,3,698,929,3,421,3,4,738262366014,dell_r6725,1,320,320,672.0,3125,0.01,1000,135,711,738.4558,99704.34
607616ec98,Genome,700,3,698,929,3,421,3,4,738262366014,lenovo_sr850,1,344,344,688.0,3125,0.01,1000,450,1578,738.4553,332327.68
12514949f5,Genome,700,4,698,923,3,428,3,4,729348424426,lenovo_st45,1,12,12,40.8,3125,0.01,1000,21.5,105,730.2558,16525.4
4eaa36e8a8,Genome,700,4,698,923,3,428,3,4,729348424426,lenovo_thinkedge,2,16,32,32.0,3125,0.01,1000,44.7,89,730.5968,65733.84
03cc67fcaa,Genome,700,4,698,923,3,428,3,4,729348424426,dell_r6715,1,160,160,336.0,3125,0.01,1000,72.8,374,729.6116,53142.83
383b29b5f8,Genome,700,4,698,923,3,428,3,4,729348424426,dell_r6725,1,320,320,672.0,3125,0.01,1000,135,711,729.5922,98507.91
99171265ba,Genome,700,4,698,923,3,428,3,4,729348424426,lenovo_sr850,1,344,344,688.0,3125,0.01,1000,450,1578,729.5926,328339.71
d4b61ccaac,Genome,700,5,698,923,3,425,3,4,758314960317,lenovo_st45,1,12,12,40.8,3125,0.01,1000,21.5,105,759.2998,17120.69
843d781d4a,Genome,700,5,698,923,3,425,3,4,758314960317,lenovo_thinkedge,2,16,32,32.0,3125,0.01,1000,44.7,89,759.5619,68308.54
a0df095c53,Genome,700,5,698,923,3,425,3,4,758314960317,dell_r6715,1,160,160,336.0,3125,0.01,1000,72.8,374,758.489,55244.14
065093fe76,Genome,700,5,698,923,3,425,3,4,758314960317,dell_r6725,1,320,320,672.0,3125,0.01,1000,135,711,758.468,102405.67
1a70622e40,Genome,700,5,698,923,3,425,3,4,758314960317,lenovo_sr850,1,344,344,688.0,3125,0.01,1000,450,1578,758.4675,341332.6
7ff17b21c6,Genome,700,6,698,918,3,431,3,4,751858788648,lenovo_st45,1,12,12,40.8,3125,0.01,1000,21.5,105,753.0264,16961.32
5c491f24b9,Genome,700,6,698,918,3,431,3,4,751858788648,lenovo_thinkedge,2,16,32,32.0,3125,0.01,1000,44.7,89,753.3179,67737.9
39c8ab06d1,Genome,700,6,698,918,3,431,3,4,751858788648,dell_r6715,1,160,160,336.0,3125,0.01,1000,72.8,374,752.125,54780.04
6053eff3ba,Genome,700,6,698,918,3,431,3,4,751858788648,dell_r6725,1,320,320,672.0,3125,0.01,1000,135,711,752.066,101541.02
8f85c34df7,Genome,700,6,698,918,3,431,3,4,751858788648,lenovo_sr850,1,344,344,688.0,3125,0.01,1000,450,1578,752.0646,338450.62
6b93af69e2,Genome,700,7,698,918,3,430,3,4,749444011119,lenovo_st45,1,12,12,40.8,3125,0.01,1000,21.5,105,750.8874,16960.23
e745971dc4,Genome,700,7,698,918,3,430,3,4,749444011119,lenovo_thinkedge,2,16,32,32.0,3125,0.01,1000,44.7,89,751.1068,67563.0
0b7b6769b9,Genome,700,7,698,918,3,430,3,4,749444011119,dell_r6715,1,160,160,336.0,3125,0.01,1000,72.8,374,749.7377,54607.72
a0757daf4f,Genome,700,7,698,918,3,430,3,4,749444011119,dell_r6725,1,320,320,672.0,3125,0.01,1000,135,711,749.683,101220.03
16d1872c21,Genome,700,7,698,918,3,430,3,4,749444011119,lenovo_sr850,1,344,344,688.0,3125,0.01,1000,450,1578,749.6818,337379.63
c396d04227,Genome,700,8,698,916,3,433,3,4,734505377636,lenovo_st45,1,12,12,40.8,3125,0.01,1000,21.5,105,735.7245,16614.16
d6fc952655,Genome,700,8,698,916,3,433,3,4,734505377636,lenovo_thinkedge,2,16,32,32.0,3125,0.01,1000,44.7,89,736.0314,66205.08
17ba7c60e2,Genome,700,8,698,916,3,433,3,4,734505377636,dell_r6715,1,160,160,336.0,3125,0.01,1000,72.8,374,734.7707,53517.46
57ba7a2303,Genome,700,8,698,916,3,433,3,4,734505377636,dell_r6725,1,320,320,672.0,3125,0.01,1000,135,711,734.7039,99197.52
9267a20e5a,Genome,700,8,698,916,3,433,3,4,734505377636,lenovo_sr850,1,344,344,688.0,3125,0.01,1000,450,1578,734.7023,330638.28
d64090c625,Genome,700,9,698,915,3,435,3,4,755035122624,lenovo_st45,1,12,12,40.8,3125,0.01,1000,21.5,105,755.9519,17023.99
12c21ca48c,Genome,700,9,698,915,3,435,3,4,755035122624,lenovo_thinkedge,2,16,32,32.0,3125,0.01,1000,44.7,89,756.3072,68005.03
8ef97989ae,Genome,700,9,698,915,3,435,3,4,755035122624,dell_r6715,1,160,160,336.0,3125,0.01,1000,72.8,374,755.2758,55009.41
f60ebab5d5,Genome,700,9,698,915,3,435,3,4,755035122624,dell_r6725,1,320,320,672.0,3125,0.01,1000,135,711,755.2256,101967.57
47c5bee8d6,Genome,700,9,698,915,3,435,3,4,755035122624,lenovo_sr850,1,344,344,688.0,3125,0.01,1000,450,1578,755.227,339873.72
ef9804a737,Genome,700,10,698,918,3,431,3,4,752305025695,lenovo_st45,1,12,12,40.8,3125,0.01,1000,21.5,105,753.5442,16967.45
4e611fa4c5,Genome,700,10,698,918,3,431,3,4,752305025695,lenovo_thinkedge,2,16,32,32.0,3125,0.01,1000,44.7,89,753.7095,67770.37
e52b8a0c4d,Genome,700,10,698,918,3,431,3,4,752305025695,dell_r6715,1,160,160,336.0,3125,0.01,1000,72.8,374,752.5611,54811.62
4940aba97e,Genome,700,10,698,918,3,431,3,4,752305025695,dell_r6725,1,320,320,672.0,3125,0.01,1000,135,711,752.5149,101601.55
fbee7707c4,Genome,700,10,698,918,3,431,3,4,752305025695,lenovo_sr850,1,344,344,688.0,3125,0.01,1000,450,1578,752.5149,338653.12
c7b0526459,Genome,1000,1,998,1314,3,617,3,4,1064627247913,lenovo_st45,1,12,12,40.8,3125,0.01,1000,21.5,105,1065.6967,24045.81
e3c120b1e0,Genome,1000,1,998,1314,3,617,3,4,1064627247913,lenovo_thinkedge,2,16,32,32.0,3125,0.01,1000,44.7,89,1065.9035,95866.74
0c403b6627,Genome,1000,1,998,1314,3,617,3,4,1064627247913,dell_r6715,1,160,160,336.0,3125,0.01,1000,72.8,374,1064.9581,77566.18
110def9dd9,Genome,1000,1,998,1314,3,617,3,4,1064627247913,dell_r6725,1,320,320,672.0,3125,0.01,1000,135,711,1064.9289,143783.21
58071fab19,Genome,1000,1,998,1314,3,617,3,4,1064627247913,lenovo_sr850,1,344,344,688.0,3125,0.01,1000,450,1578,1064.9281,479249.33
787972d69b,Genome,1000,2,998,1324,3,612,3,4,1058798632131,lenovo_st45,1,12,12,40.8,3125,0.01,1000,21.5,105,1059.7427,23901.91
56d4165e49,Genome,1000,2,998,1324,3,612,3,4,1058798632131,lenovo_thinkedge,2,16,32,32.0,3125,0.01,1000,44.7,89,1059.8749,95319.73
9a772b6609,Genome,1000,2,998,1324,3,612,3,4,1058798632131,dell_r6715,1,160,160,336.0,3125,0.01,1000,72.8,374,1059.1376,77141.93
7998bcd714,Genome,1000,2,998,1324,3,612,3,4,1058798632131,dell_r6725,1,320,320,672.0,3125,0.01,1000,135,711,1059.1053,142996.77
7ed93f43fe,Genome,1000,2,998,1324,3,612,3,4,1058798632131,lenovo_sr850,1,344,344,688.0,3125,0.01,1000,450,1578,1059.1046,476628.28
d10d61c380,Genome,1000,3,998,1300,3,626,3,4,1096409778351,lenovo_st45,1,12,12,40.8,3125,0.01,1000,21.5,105,1097.4736,24708.36
15208d97e4,Genome,1000,3,998,1300,3,626,3,4,1096409778351,lenovo_thinkedge,2,16,32,32.0,3125,0.01,1000,44.7,89,1097.7095,98699.72
3023bee27a,Genome,1000,3,998,1300,3,626,3,4,1096409778351,dell_r6715,1,160,160,336.0,3125,0.01,1000,72.8,374,1096.6938,79875.86
9041fdfa08,Genome,1000,3,998,1300,3,626,3,4,1096409778351,dell_r6725,1,320,320,672.0,3125,0.01,1000,135,711,1096.6403,148063.92
0ad3dfc1a7,Genome,1000,3,998,1300,3,626,3,4,1096409778351,lenovo_sr850,1,344,344,688.0,3125,0.01,1000,450,1578,1096.6391,493518.67
a70bd9b236,Genome,1000,4,998,1297,3,629,3,4,1071175483524,lenovo_st45,1,12,12,40.8,3125,0.01,1000,21.5,105,1072.2156,24200.59
96d7161787,Genome,1000,4,998,1297,3,629,3,4,1071175483524,lenovo_thinkedge,2,16,32,32.0,3125,0.01,1000,44.7,89,1072.4737,96461.54
e7af3bab46,Genome,1000,4,998,1297,3,629,3,4,1071175483524,dell_r6715,1,160,160,336.0,3125,0.01,1000,72.8,374,1071.5708,78048.07
4623354245,Genome,1000,4,998,1297,3,629,3,4,1071175483524,dell_r6725,1,320,320,672.0,3125,0.01,1000,135,711,1071.515,144672.56
e192f19de1,Genome,1000,4,998,1297,3,629,3,4,1071175483524,lenovo_sr850,1,344,344,688.0,3125,0.01,1000,450,1578,1071.5137,482213.25
159024bb42,Genome,1000,5,998,1299,3,630,3,4,1119203491667,lenovo_st45,1,12,12,40.8,3125,0.01,1000,21.5,105,1120.3694,25235.84
7b7fa6970b,Genome,1000,5,998,1299,3,630,3,4,1119203491667,lenovo_thinkedge,2,16,32,32.0,3125,0.01,1000,44.7,89,1120.7543,100777.79
6bfd103e39,Genome,1000,5,998,1299,3,630,3,4,1119203491667,dell_r6715,1,160,160,336.0,3125,0.01,1000,72.8,374,1119.5615,81541.78
9eeb5590ec,Genome,1000,5,998,1299,3,630,3,4,1119203491667,dell_r6725,1,320,320,672.0,3125,0.01,1000,135,711,1119.5164,151152.75
66cf242da5,Genome,1000,5,998,1299,3,630,3,4,1119203491667,lenovo_sr850,1,344,344,688.0,3125,0.01,1000,450,1578,1119.5174,503814.89
48fb39201a,Genome,1000,6,998,1323,3,615,3,4,1089072754452,lenovo_st45,1,12,12,40.8,3125,0.01,1000,21.5,105,1090.5741,24516.05
5aa8fb5de0,Genome,1000,6,998,1323,3,615,3,4,1089072754452,lenovo_thinkedge,2,16,32,32.0,3125,0.01,1000,44.7,89,1090.9234,98070.74
69f74c8d5a,Genome,1000,6,998,1323,3,615,3,4,1089072754452,dell_r6715,1,160,160,336.0,3125,0.01,1000,72.8,374,1089.4335,79345.87
901a9c0263,Genome,1000,6,998,1323,3,615,3,4,1089072754452,dell_r6725,1,320,320,672.0,3125,0.01,1000,135,711,1089.3551,147079.72
4977b82523,Genome,1000,6,998,1323,3,615,3,4,1089072754452,lenovo_sr850,1,344,344,688.0,3125,0.01,1000,450,1578,1089.3576,490240.77
e035aefb42,Genome,1000,7,998,1296,3,628,3,4,1090168304571,lenovo_st45,1,12,12,40.8,3125,0.01,1000,21.5,105,1091.319,24598.36
2ecf4a69ff,Genome,1000,7,998,1296,3,628,3,4,1090168304571,lenovo_thinkedge,2,16,32,32.0,3125,0.01,1000,44.7,89,1091.5326,98158.84
b4ad2e26dc,Genome,1000,7,998,1296,3,628,3,4,1090168304571,dell_r6715,1,160,160,336.0,3125,0.01,1000,72.8,374,1090.4894,79424.92
2d7c80d10d,Genome,1000,7,998,1296,3,628,3,4,1090168304571,dell_r6725,1,320,320,672.0,3125,0.01,1000,135,711,1090.4427,147227.59
044f530c1c,Genome,1000,7,998,1296,3,628,3,4,1090168304571,lenovo_sr850,1,344,344,688.0,3125,0.01,1000,450,1578,1090.4412,490730.25
abb30f6bdf,Genome,1000,8,998,1308,3,619,3,4,1089261419160,lenovo_st45,1,12,12,40.8,3125,0.01,1000,21.5,105,1090.355,24567.04
26140d09b4,Genome,1000,8,998,1308,3,619,3,4,1089261419160,lenovo_thinkedge,2,16,32,32.0,3125,0.01,1000,44.7,89,1090.6015,98070.22
18c1f283d1,Genome,1000,8,998,1308,3,619,3,4,1089261419160,dell_r6715,1,160,160,336.0,3125,0.01,1000,72.8,374,1089.5877,79358.92
e56bf66254,Genome,1000,8,998,1308,3,619,3,4,1089261419160,dell_r6725,1,320,320,672.0,3125,0.01,1000,135,711,1089.5333,147104.66
5da256a90a,Genome,1000,8,998,1308,3,619,3,4,1089261419160,lenovo_sr850,1,344,344,688.0,3125,0.01,1000,450,1578,1089.5321,490320.86
b971a91c50,Genome,1000,9,998,1302,3,628,3,4,1096247918225,lenovo_st45,1,12,12,40.8,3125,0.01,1000,21.5,105,1097.1532,24663.39
063f64e87c,Genome,1000,9,998,1302,3,628,3,4,1096247918225,lenovo_thinkedge,2,16,32,32.0,3125,0.01,1000,44.7,89,1097.3497,98648.24
b311c87449,Genome,1000,9,998,1302,3,628,3,4,1096247918225,dell_r6715,1,160,160,336.0,3125,0.01,1000,72.8,374,1096.5317,79862.81
35b7893cde,Genome,1000,9,998,1302,3,628,3,4,1096247918225,dell_r6725,1,320,320,672.0,3125,0.01,1000,135,711,1096.4877,148042.72
5eba94c117,Genome,1000,9,998,1302,3,628,3,4,1096247918225,lenovo_sr850,1,344,344,688.0,3125,0.01,1000,450,1578,1096.4867,493449.03
260c4b4b0f,Genome,1000,10,998,1314,3,617,3,4,1058304877358,lenovo_st45,1,12,12,40.8,3125,0.01,1000,21.5,105,1059.2357,23845.62
2820183456,Genome,1000,10,998,1314,3,617,3,4,1058304877358,lenovo_thinkedge,2,16,32,32.0,3125,0.01,1000,44.7,89,1059.4173,95255.79
42162339ca,Genome,1000,10,998,1314,3,617,3,4,1058304877358,dell_r6715,1,160,160,336.0,3125,0.01,1000,72.8,374,1058.5657,77098.8
13ea6710dc,Genome,1000,10,998,1314,3,617,3,4,1058304877358,dell_r6725,1,320,320,672.0,3125,0.01,1000,135,711,1058.5408,142919.84
cb373d8c66,Genome,1000,10,998,1314,3,617,3,4,1058304877358,lenovo_sr850,1,344,344,688.0,3125,0.01,1000,450,1578,1058.548,476376.55
837e115d55,Montage,100,1,96,190,8,30,8,8,4451163824,lenovo_st45,1,12,12,40.8,3125,0.01,1000,21.5,105,17.5561,900.65
76eae00835,Montage,100,1,96,190,8,30,8,8,4451163824,lenovo_thinkedge,2,16,32,32.0,3125,0.01,1000,44.7,89,18.265,1898.33
14200599c7,Montage,100,1,96,190,8,30,8,8,4451163824,dell_r6715,1,160,160,336.0,3125,0.01,1000,72.8,374,14.4521,1069.3
aef92500c7,Montage,100,1,96,190,8,30,8,8,4451163824,dell_r6725,1,320,320,672.0,3125,0.01,1000,135,711,14.264,1933.86
b497125c78,Montage,100,1,96,190,8,30,8,8,4451163824,lenovo_sr850,1,344,344,688.0,3125,0.01,1000,450,1578,14.2597,6431.47
faac8e8f76,Montage,100,2,97,210,8,34,8,8,4010162197,lenovo_st45,1,12,12,40.8,3125,0.01,1000,21.5,105,18.3179,921.71
23aaacf1c4,Montage,100,2,97,210,8,34,8,8,4010162197,lenovo_thinkedge,2,16,32,32.0,3125,0.01,1000,44.7,89,17.1862,1804.25
19275098a7,Montage,100,2,97,210,8,34,8,8,4010162197,dell_r6715,1,160,160,336.0,3125,0.01,1000,72.8,374,13.4715,998.07
fd8227e595,Montage,100,2,97,210,8,34,8,8,4010162197,dell_r6725,1,320,320,672.0,3125,0.01,1000,135,711,13.2733,1800.19
70f5482937,Montage,100,2,97,210,8,34,8,8,4010162197,lenovo_sr850,1,344,344,688.0,3125,0.01,1000,450,1578,13.2687,5985.68
cb891b9c1c,Montage,100,3,97,211,8,34,8,8,4142376626,lenovo_st45,1,12,12,40.8,3125,0.01,1000,21.5,105,17.6579,907.81
15bd6269d7,Montage,100,3,97,211,8,34,8,8,4142376626,lenovo_thinkedge,2,16,32,32.0,3125,0.01,1000,44.7,89,17.5663,1838.38
731f597125,Montage,100,3,97,211,8,34,8,8,4142376626,dell_r6715,1,160,160,336.0,3125,0.01,1000,72.8,374,13.8553,1026.02
06d863ed8f,Montage,100,3,97,211,8,34,8,8,4142376626,dell_r6725,1,320,320,672.0,3125,0.01,1000,135,711,13.6673,1853.38
da2c2c404e,Montage,100,3,97,211,8,34,8,8,4142376626,lenovo_sr850,1,344,344,688.0,3125,0.01,1000,450,1578,13.6629,6163.08
5a443d9bdc,Montage,100,4,97,219,8,34,8,8,3892628442,lenovo_st45,1,12,12,40.8,3125,0.01,1000,21.5,105,18.6537,965.91
9c66b2f67a,Montage,100,4,97,219,8,34,8,8,3892628442,lenovo_thinkedge,2,16,32,32.0,3125,0.01,1000,44.7,89,18.9526,1980.93
3cbde7f2e0,Montage,100,4,97,219,8,34,8,8,3892628442,dell_r6715,1,160,160,336.0,3125,0.01,1000,72.8,374,13.8187,1024.56
f84d99baff,Montage,100,4,97,219,8,34,8,8,3892628442,dell_r6725,1,320,320,672.0,3125,0.01,1000,135,711,13.6188,1847.42
a7352974b9,Montage,100,4,97,219,8,34,8,8,3892628442,lenovo_sr850,1,344,344,688.0,3125,0.01,1000,450,1578,13.6145,6142.3
ae77f90a8c,Montage,100,5,97,219,8,34,8,8,4200731211,lenovo_st45,1,12,12,40.8,3125,0.01,1000,21.5,105,18.1769,935.08
9ba2cfb600,Montage,100,5,97,219,8,34,8,8,4200731211,lenovo_thinkedge,2,16,32,32.0,3125,0.01,1000,44.7,89,18.4259,1923.4
1471793068,Montage,100,5,97,219,8,34,8,8,4200731211,dell_r6715,1,160,160,336.0,3125,0.01,1000,72.8,374,14.6433,1083.91
f31147549c,Montage,100,5,97,219,8,34,8,8,4200731211,dell_r6725,1,320,320,672.0,3125,0.01,1000,135,711,14.4451,1958.63
f7542bb7c3,Montage,100,5,97,219,8,34,8,8,4200731211,lenovo_sr850,1,344,344,688.0,3125,0.01,1000,450,1578,14.4405,6513.42
30368b00d8,Montage,100,6,97,210,8,34,8,8,4762710025,lenovo_st45,1,12,12,40.8,3125,0.01,1000,21.5,105,20.0349,972.26
9577e39463,Montage,100,6,97,210,8,34,8,8,4762710025,lenovo_thinkedge,2,16,32,32.0,3125,0.01,1000,44.7,89,18.973,1970.91
235780e315,Montage,100,6,97,210,8,34,8,8,4762710025,dell_r6715,1,160,160,336.0,3125,0.01,1000,72.8,374,15.0837,1115.88
d3b8b1a952,Montage,100,6,97,210,8,34,8,8,4762710025,dell_r6725,1,320,320,672.0,3125,0.01,1000,135,711,14.8852,2018.0
36be839fb3,Montage,100,6,97,210,8,34,8,8,4762710025,lenovo_sr850,1,344,344,688.0,3125,0.01,1000,450,1578,14.8806,6711.39
b7346bfbd3,Montage,100,7,96,190,8,30,8,8,4455126555,lenovo_st45,1,12,12,40.8,3125,0.01,1000,21.5,105,81.1741,2754.45
4b167cf899,Montage,100,7,96,190,8,30,8,8,4455126555,lenovo_thinkedge,2,16,32,32.0,3125,0.01,1000,44.7,89,103.7877,9790.61
f3746dcfd6,Montage,100,7,96,190,8,30,8,8,4455126555,dell_r6715,1,160,160,336.0,3125,0.01,1000,72.8,374,15.9799,1196.49
9031488e61,Montage,100,7,96,190,8,30,8,8,4455126555,dell_r6725,1,320,320,672.0,3125,0.01,1000,135,711,14.2774,1943.31
02f35a4d73,Montage,100,7,96,190,8,30,8,8,4455126555,lenovo_sr850,1,344,344,688.0,3125,0.01,1000,450,1578,14.2728,6450.98
064577a2f0,Montage,100,8,97,217,8,34,8,8,4176536371,lenovo_st45,1,12,12,40.8,3125,0.01,1000,21.5,105,19.6542,974.0
1cf4b9cf23,Montage,100,8,97,217,8,34,8,8,4176536371,lenovo_thinkedge,2,16,32,32.0,3125,0.01,1000,44.7,89,18.1461,1902.01
1f85933c04,Montage,100,8,97,217,8,34,8,8,4176536371,dell_r6715,1,160,160,336.0,3125,0.01,1000,72.8,374,14.1915,1051.26
3fa1c98dfe,Montage,100,8,97,217,8,34,8,8,4176536371,dell_r6725,1,320,320,672.0,3125,0.01,1000,135,711,14.0035,1899.13
79efd6c0cf,Montage,100,8,97,217,8,34,8,8,4176536371,lenovo_sr850,1,344,344,688.0,3125,0.01,1000,450,1578,13.9991,6315.01
83f458c819,Montage,100,9,97,209,8,34,8,8,3869527533,lenovo_st45,1,12,12,40.8,3125,0.01,1000,21.5,105,18.7809,931.06
132ae656cc,Montage,100,9,97,209,8,34,8,8,3869527533,lenovo_thinkedge,2,16,32,32.0,3125,0.01,1000,44.7,89,17.3781,1821.1
2e35a1d33b,Montage,100,9,97,209,8,34,8,8,3869527533,dell_r6715,1,160,160,336.0,3125,0.01,1000,72.8,374,13.5499,1003.76
e0d03edbf6,Montage,100,9,97,209,8,34,8,8,3869527533,dell_r6725,1,320,320,672.0,3125,0.01,1000,135,711,13.3557,1811.29
ab786cebca,Montage,100,9,97,209,8,34,8,8,3869527533,lenovo_sr850,1,344,344,688.0,3125,0.01,1000,450,1578,13.3511,6022.75
94db765896,Montage,100,10,96,190,8,30,8,8,4277050089,lenovo_st45,1,12,12,40.8,3125,0.01,1000,21.5,105,17.2411,874.62
26a9503d03,Montage,100,10,96,190,8,30,8,8,4277050089,lenovo_thinkedge,2,16,32,32.0,3125,0.01,1000,44.7,89,17.5665,1826.1
55fb6c27b4,Montage,100,10,96,190,8,30,8,8,4277050089,dell_r6715,1,160,160,336.0,3125,0.01,1000,72.8,374,13.8104,1021.95
92da686152,Montage,100,10,96,190,8,30,8,8,4277050089,dell_r6725,1,320,320,672.0,3125,0.01,1000,135,711,13.6198,1846.59
99eb887297,Montage,100,10,96,190,8,30,8,8,4277050089,lenovo_sr850,1,344,344,688.0,3125,0.01,1000,450,1578,13.6154,6141.02
bf38572264,Montage,150,1,147,336,8,66,8,8,5066916031,lenovo_st45,1,12,12,40.8,3125,0.01,1000,21.5,105,24.0956,1284.55
095f96f5d6,Montage,150,1,147,336,8,66,8,8,5066916031,lenovo_thinkedge,2,16,32,32.0,3125,0.01,1000,44.7,89,22.0365,2358.92
22e914dfb3,Montage,150,1,147,336,8,66,8,8,5066916031,dell_r6715,1,160,160,336.0,3125,0.01,1000,72.8,374,18.3464,1360.8
4724444970,Montage,150,1,147,336,8,66,8,8,5066916031,dell_r6725,1,320,320,672.0,3125,0.01,1000,135,711,18.1584,2463.43
487c96f896,Montage,150,1,147,336,8,66,8,8,5066916031,lenovo_sr850,1,344,344,688.0,3125,0.01,1000,450,1578,18.1541,8190.74
22a6f6810f,Montage,150,2,148,339,8,67,8,8,5004919960,lenovo_st45,1,12,12,40.8,3125,0.01,1000,21.5,105,39.8409,1794.29
edb924d147,Montage,150,2,148,339,8,67,8,8,5004919960,lenovo_thinkedge,2,16,32,32.0,3125,0.01,1000,44.7,89,46.7895,4658.71
2ce3652143,Montage,150,2,148,339,8,67,8,8,5004919960,dell_r6715,1,160,160,336.0,3125,0.01,1000,72.8,374,18.532,1379.93
8a26418e93,Montage,150,2,148,339,8,67,8,8,5004919960,dell_r6725,1,320,320,672.0,3125,0.01,1000,135,711,18.3338,2489.79
797907c55f,Montage,150,2,148,339,8,67,8,8,5004919960,lenovo_sr850,1,344,344,688.0,3125,0.01,1000,450,1578,18.3292,8274.34
25802b3a5c,Montage,150,3,146,356,8,72,8,8,4408939619,lenovo_st45,1,12,12,40.8,3125,0.01,1000,21.5,105,22.8541,1235.82
81977dfd97,Montage,150,3,146,356,8,72,8,8,4408939619,lenovo_thinkedge,2,16,32,32.0,3125,0.01,1000,44.7,89,21.4056,2291.34
df61056e2f,Montage,150,3,146,356,8,72,8,8,4408939619,dell_r6715,1,160,160,336.0,3125,0.01,1000,72.8,374,17.6108,1306.52
a2509f29c0,Montage,150,3,146,356,8,72,8,8,4408939619,dell_r6725,1,320,320,672.0,3125,0.01,1000,135,711,17.4228,2363.77
b7fdd4fbf6,Montage,150,3,146,356,8,72,8,8,4408939619,lenovo_sr850,1,344,344,688.0,3125,0.01,1000,450,1578,17.4184,7859.09
cf2c4c99b2,Montage,150,4,147,337,8,66,8,8,4786867041,lenovo_st45,1,12,12,40.8,3125,0.01,1000,21.5,105,21.9653,1236.95
92fa8bee46,Montage,150,4,147,337,8,66,8,8,4786867041,lenovo_thinkedge,2,16,32,32.0,3125,0.01,1000,44.7,89,22.0632,2360.4
7bb1a4af65,Montage,150,4,147,337,8,66,8,8,4786867041,dell_r6715,1,160,160,336.0,3125,0.01,1000,72.8,374,18.2921,1356.79
5dfd1da123,Montage,150,4,147,337,8,66,8,8,4786867041,dell_r6725,1,320,320,672.0,3125,0.01,1000,135,711,18.1041,2456.06
03cd2b2314,Montage,150,4,147,337,8,66,8,8,4786867041,lenovo_sr850,1,344,344,688.0,3125,0.01,1000,450,1578,18.0997,8166.24
9fafc00fb9,Montage,150,5,148,339,8,67,8,8,5084261101,lenovo_st45,1,12,12,40.8,3125,0.01,1000,21.5,105,186.5795,5946.21
81e9f35c5d,Montage,150,5,148,339,8,67,8,8,5084261101,lenovo_thinkedge,2,16,32,32.0,3125,0.01,1000,44.7,89,229.3821,21488.31
040020042d,Montage,150,5,148,339,8,67,8,8,5084261101,dell_r6715,1,160,160,336.0,3125,0.01,1000,72.8,374,31.7695,2376.38
5093728e45,Montage,150,5,148,339,8,67,8,8,5084261101,dell_r6725,1,320,320,672.0,3125,0.01,1000,135,711,21.3958,2918.82
b25dc44fea,Montage,150,5,148,339,8,67,8,8,5084261101,lenovo_sr850,1,344,344,688.0,3125,0.01,1000,450,1578,21.1545,9573.61
5b78cd1efa,Montage,150,6,145,330,8,64,8,8,4947938234,lenovo_st45,1,12,12,40.8,3125,0.01,1000,21.5,105,23.4668,1267.11
3a6ca115dd,Montage,150,6,145,330,8,64,8,8,4947938234,lenovo_thinkedge,2,16,32,32.0,3125,0.01,1000,44.7,89,21.4661,2305.94
b0a6ba1205,Montage,150,6,145,330,8,64,8,8,4947938234,dell_r6715,1,160,160,336.0,3125,0.01,1000,72.8,374,17.816,1322.05
4f65f2499c,Montage,150,6,145,330,8,64,8,8,4947938234,dell_r6725,1,320,320,672.0,3125,0.01,1000,135,711,17.628,2391.75
24d2adbe3e,Montage,150,6,145,330,8,64,8,8,4947938234,lenovo_sr850,1,344,344,688.0,3125,0.01,1000,450,1578,17.6236,7951.92
5a2f6def0c,Montage,150,7,146,331,8,65,8,8,4996596989,lenovo_st45,1,12,12,40.8,3125,0.01,1000,21.5,105,22.8163,1255.98
712e7f389c,Montage,150,7,146,331,8,65,8,8,4996596989,lenovo_thinkedge,2,16,32,32.0,3125,0.01,1000,44.7,89,22.9164,2437.05
3972405bb3,Montage,150,7,146,331,8,65,8,8,4996596989,dell_r6715,1,160,160,336.0,3125,0.01,1000,72.8,374,19.1609,1420.06
778d5f7ad6,Montage,150,7,146,331,8,65,8,8,4996596989,dell_r6725,1,320,320,672.0,3125,0.01,1000,135,711,18.9729,2573.36
3336e4e878,Montage,150,7,146,331,8,65,8,8,4996596989,lenovo_sr850,1,344,344,688.0,3125,0.01,1000,450,1578,18.9685,8557.21
bcbaa81845,Montage,150,8,145,330,8,64,8,8,4811428405,lenovo_st45,1,12,12,40.8,3125,0.01,1000,21.5,105,24.2593,1303.74
1ff5323af0,Montage,150,8,145,330,8,64,8,8,4811428405,lenovo_thinkedge,2,16,32,32.0,3125,0.01,1000,44.7,89,22.0079,2364.32
b58e8a03ae,Montage,150,8,145,330,8,64,8,8,4811428405,dell_r6715,1,160,160,336.0,3125,0.01,1000,72.8,374,18.2276,1352.67
2fbe363774,Montage,150,8,145,330,8,64,8,8,4811428405,dell_r6725,1,320,320,672.0,3125,0.01,1000,135,711,18.0337,2446.84
125e1bfb14,Montage,150,8,145,330,8,64,8,8,4811428405,lenovo_sr850,1,344,344,688.0,3125,0.01,1000,450,1578,18.0294,8135.07
c286a300c3,Montage,150,9,147,336,8,66,8,8,4847367489,lenovo_st45,1,12,12,40.8,3125,0.01,1000,21.5,105,22.9808,1279.98
4ed5f1201f,Montage,150,9,147,336,8,66,8,8,4847367489,lenovo_thinkedge,2,16,32,32.0,3125,0.01,1000,44.7,89,21.3516,2307.54
e97645296a,Montage,150,9,147,336,8,66,8,8,4847367489,dell_r6715,1,160,160,336.0,3125,0.01,1000,72.8,374,17.5798,1305.63
a1cee42aa0,Montage,150,9,147,336,8,66,8,8,4847367489,dell_r6725,1,320,320,672.0,3125,0.01,1000,135,711,17.3859,2359.44
38006b700f,Montage,150,9,147,336,8,66,8,8,4847367489,lenovo_sr850,1,344,344,688.0,3125,0.01,1000,450,1578,17.3823,7844.01
2bff96a571,Montage,150,10,147,337,8,66,8,8,4654719693,lenovo_st45,1,12,12,40.8,3125,0.01,1000,21.5,105,21.3325,1223.87
75657e44b5,Montage,150,10,147,337,8,66,8,8,4654719693,lenovo_thinkedge,2,16,32,32.0,3125,0.01,1000,44.7,89,20.8635,2253.41
d9a248269d,Montage,150,10,147,337,8,66,8,8,4654719693,dell_r6715,1,160,160,336.0,3125,0.01,1000,72.8,374,17.1083,1270.62
d6302ea279,Montage,150,10,147,337,8,66,8,8,4654719693,dell_r6725,1,320,320,672.0,3125,0.01,1000,135,711,16.9113,2295.04
9ed11b473e,Montage,150,10,147,337,8,66,8,8,4654719693,lenovo_sr850,1,344,344,688.0,3125,0.01,1000,450,1578,16.9067,7629.39
03c9d1ed99,Montage,200,1,196,453,8,90,8,8,6292150111,lenovo_st45,1,12,12,40.8,3125,0.01,1000,21.5,105,60.3337,2602.21
cde8cb503c,Montage,200,1,196,453,8,90,8,8,6292150111,lenovo_thinkedge,2,16,32,32.0,3125,0.01,1000,44.7,89,67.2428,6673.59
7f742288b9,Montage,200,1,196,453,8,90,8,8,6292150111,dell_r6715,1,160,160,336.0,3125,0.01,1000,72.8,374,23.4318,1748.71
008c19eb4d,Montage,200,1,196,453,8,90,8,8,6292150111,dell_r6725,1,320,320,672.0,3125,0.01,1000,135,711,23.2623,3160.91
976b053a0c,Montage,200,1,196,453,8,90,8,8,6292150111,lenovo_sr850,1,344,344,688.0,3125,0.01,1000,450,1578,23.2621,10504.42
3649ecca12,Montage,200,2,195,463,8,89,8,8,6432509368,lenovo_st45,1,12,12,40.8,3125,0.01,1000,21.5,105,30.2544,1697.54
3a4cdef4cb,Montage,200,2,195,463,8,89,8,8,6432509368,lenovo_thinkedge,2,16,32,32.0,3125,0.01,1000,44.7,89,27.1739,2960.56
5896615626,Montage,200,2,195,463,8,89,8,8,6432509368,dell_r6715,1,160,160,336.0,3125,0.01,1000,72.8,374,23.3584,1734.89
ad3d69ca98,Montage,200,2,195,463,8,89,8,8,6432509368,dell_r6725,1,320,320,672.0,3125,0.01,1000,135,711,23.2052,3149.15
ae2c61f235,Montage,200,2,195,463,8,89,8,8,6432509368,lenovo_sr850,1,344,344,688.0,3125,0.01,1000,450,1578,23.2052,10471.62
2ab104a176,Montage,200,3,197,485,8,91,8,8,6569563327,lenovo_st45,1,12,12,40.8,3125,0.01,1000,21.5,105,451.725,13703.88
b7b3afae4f,Montage,200,3,197,485,8,91,8,8,6569563327,lenovo_thinkedge,2,16,32,32.0,3125,0.01,1000,44.7,89,564.4574,52487.64
f7c281bac0,Montage,200,3,197,485,8,91,8,8,6569563327,dell_r6715,1,160,160,336.0,3125,0.01,1000,72.8,374,67.509,5045.79
a1bbaa0796,Montage,200,3,197,485,8,91,8,8,6569563327,dell_r6725,1,320,320,672.0,3125,0.01,1000,135,711,41.4007,5651.8
01796b1fde,Montage,200,3,197,485,8,91,8,8,6569563327,lenovo_sr850,1,344,344,688.0,3125,0.01,1000,450,1578,40.7972,18470.29
445a4d6aed,Montage,200,4,198,463,8,92,8,8,6129699059,lenovo_st45,1,12,12,40.8,3125,0.01,1000,21.5,105,29.937,1666.26
d5a04b730a,Montage,200,4,198,463,8,92,8,8,6129699059,lenovo_thinkedge,2,16,32,32.0,3125,0.01,1000,44.7,89,27.2622,2956.04
3e79e4238a,Montage,200,4,198,463,8,92,8,8,6129699059,dell_r6715,1,160,160,336.0,3125,0.01,1000,72.8,374,23.4732,1742.44
15015ef3c2,Montage,200,4,198,463,8,92,8,8,6129699059,dell_r6725,1,320,320,672.0,3125,0.01,1000,135,711,23.3019,3161.82
2b643185cd,Montage,200,4,198,463,8,92,8,8,6129699059,lenovo_sr850,1,344,344,688.0,3125,0.01,1000,450,1578,23.3019,10514.43
7ad8d1ed38,Montage,200,5,196,460,8,90,8,8,6225217935,lenovo_st45,1,12,12,40.8,3125,0.01,1000,21.5,105,29.7586,1682.16
30e4e5bf46,Montage,200,5,196,460,8,90,8,8,6225217935,lenovo_thinkedge,2,16,32,32.0,3125,0.01,1000,44.7,89,27.4774,2985.29
5601d60947,Montage,200,5,196,460,8,90,8,8,6225217935,dell_r6715,1,160,160,336.0,3125,0.01,1000,72.8,374,23.6362,1754.96
bd83b46042,Montage,200,5,196,460,8,90,8,8,6225217935,dell_r6725,1,320,320,672.0,3125,0.01,1000,135,711,23.4758,3185.61
96564da317,Montage,200,5,196,460,8,90,8,8,6225217935,lenovo_sr850,1,344,344,688.0,3125,0.01,1000,450,1578,23.4756,10593.15
9ed53f6cbc,Montage,200,6,198,487,8,92,8,8,6277010187,lenovo_st45,1,12,12,40.8,3125,0.01,1000,21.5,105,88.8667,3398.15
3dd4adcad2,Montage,200,6,198,487,8,92,8,8,6277010187,lenovo_thinkedge,2,16,32,32.0,3125,0.01,1000,44.7,89,105.5803,10193.54
df0cd6c870,Montage,200,6,198,487,8,92,8,8,6277010187,dell_r6715,1,160,160,336.0,3125,0.01,1000,72.8,374,24.6077,1840.31
1e75dda6ef,Montage,200,6,198,487,8,92,8,8,6277010187,dell_r6725,1,320,320,672.0,3125,0.01,1000,135,711,24.4088,3318.55
3e663fe927,Montage,200,6,198,487,8,92,8,8,6277010187,lenovo_sr850,1,344,344,688.0,3125,0.01,1000,450,1578,24.4086,11025.44
7366b81af6,Montage,200,7,198,466,8,90,8,8,6194889407,lenovo_st45,1,12,12,40.8,3125,0.01,1000,21.5,105,27.6479,1653.22
0282077ca4,Montage,200,7,198,466,8,90,8,8,6194889407,lenovo_thinkedge,2,16,32,32.0,3125,0.01,1000,44.7,89,26.5649,2912.06
febde4e6ed,Montage,200,7,198,466,8,90,8,8,6194889407,dell_r6715,1,160,160,336.0,3125,0.01,1000,72.8,374,22.7368,1690.02
4d574526fe,Montage,200,7,198,466,8,90,8,8,6194889407,dell_r6725,1,320,320,672.0,3125,0.01,1000,135,711,22.5839,3065.46
d81b43db79,Montage,200,7,198,466,8,90,8,8,6194889407,lenovo_sr850,1,344,344,688.0,3125,0.01,1000,450,1578,22.5839,10192.35
ba5db798b9,Montage,200,8,196,453,8,90,8,8,6397884918,lenovo_st45,1,12,12,40.8,3125,0.01,1000,21.5,105,30.3978,1679.52
b1b618d38a,Montage,200,8,196,453,8,90,8,8,6397884918,lenovo_thinkedge,2,16,32,32.0,3125,0.01,1000,44.7,89,27.1784,2950.25
e01507ff0b,Montage,200,8,196,453,8,90,8,8,6397884918,dell_r6715,1,160,160,336.0,3125,0.01,1000,72.8,374,23.4226,1738.87
9a8033dbc0,Montage,200,8,196,453,8,90,8,8,6397884918,dell_r6725,1,320,320,672.0,3125,0.01,1000,135,711,23.2402,3153.54
191d5fa5a6,Montage,200,8,196,453,8,90,8,8,6397884918,lenovo_sr850,1,344,344,688.0,3125,0.01,1000,450,1578,23.24,10486.66
fe02e2b8d3,Montage,200,9,197,485,8,96,8,8,5934493603,lenovo_st45,1,12,12,40.8,3125,0.01,1000,21.5,105,30.4211,1677.35
08e26c7d68,Montage,200,9,197,485,8,96,8,8,5934493603,lenovo_thinkedge,2,16,32,32.0,3125,0.01,1000,44.7,89,27.4044,2969.1
769ab602d8,Montage,200,9,197,485,8,96,8,8,5934493603,dell_r6715,1,160,160,336.0,3125,0.01,1000,72.8,374,23.5795,1750.2
f06566e6b8,Montage,200,9,197,485,8,96,8,8,5934493603,dell_r6725,1,320,320,672.0,3125,0.01,1000,135,711,23.4105,3176.49
497b1cdcb3,Montage,200,9,197,485,8,96,8,8,5934493603,lenovo_sr850,1,344,344,688.0,3125,0.01,1000,450,1578,23.4102,10563.21
04ddbaabdd,Montage,200,10,198,461,8,92,8,8,6302215753,lenovo_st45,1,12,12,40.8,3125,0.01,1000,21.5,105,30.0139,1719.85
1392fbb68c,Montage,200,10,198,461,8,92,8,8,6302215753,lenovo_thinkedge,2,16,32,32.0,3125,0.01,1000,44.7,89,28.0766,3055.2
0c4ffec585,Montage,200,10,198,461,8,92,8,8,6302215753,dell_r6715,1,160,160,336.0,3125,0.01,1000,72.8,374,24.211,1797.86
906469b189,Montage,200,10,198,461,8,92,8,8,6302215753,dell_r6725,1,320,320,672.0,3125,0.01,1000,135,711,24.0545,3264.24
e64515db0b,Montage,200,10,198,461,8,92,8,8,6302215753,lenovo_sr850,1,344,344,688.0,3125,0.01,1000,450,1578,24.0545,10854.57
28edf202d1,Montage,250,1,246,618,8,151,8,8,5932596942,lenovo_st45,1,12,12,40.8,3125,0.01,1000,21.5,105,57.9557,2438.44
d4cdf0ca9d,Montage,250,1,246,618,8,151,8,8,5932596942,lenovo_thinkedge,2,16,32,32.0,3125,0.01,1000,44.7,89,62.3563,6179.59
de18ce51e8,Montage,250,1,246,618,8,151,8,8,5932596942,dell_r6715,1,160,160,336.0,3125,0.01,1000,72.8,374,25.9972,1931.77
e78601fabe,Montage,250,1,246,618,8,151,8,8,5932596942,dell_r6725,1,320,320,672.0,3125,0.01,1000,135,711,25.8124,3503.41
d6de7e76be,Montage,250,1,246,618,8,151,8,8,5932596942,lenovo_sr850,1,344,344,688.0,3125,0.01,1000,450,1578,25.8124,11648.92
4e538ab538,Montage,250,2,246,636,8,151,8,8,5514177778,lenovo_st45,1,12,12,40.8,3125,0.01,1000,21.5,105,32.3204,1698.26
8f880ff8c8,Montage,250,2,246,636,8,151,8,8,5514177778,lenovo_thinkedge,2,16,32,32.0,3125,0.01,1000,44.7,89,30.1746,3206.65
afff3f86f0,Montage,250,2,246,636,8,151,8,8,5514177778,dell_r6715,1,160,160,336.0,3125,0.01,1000,72.8,374,26.3863,1953.89
4dc774ad5a,Montage,250,2,246,636,8,151,8,8,5514177778,dell_r6725,1,320,320,672.0,3125,0.01,1000,135,711,26.1983,3552.53
fbca0852e5,Montage,250,2,246,636,8,151,8,8,5514177778,lenovo_sr850,1,344,344,688.0,3125,0.01,1000,450,1578,26.194,11815.32
e8cea6b3ec,Montage,250,3,246,618,8,151,8,8,5732481166,lenovo_st45,1,12,12,40.8,3125,0.01,1000,21.5,105,32.9608,1704.6
e26c1ffde9,Montage,250,3,246,618,8,151,8,8,5732481166,lenovo_thinkedge,2,16,32,32.0,3125,0.01,1000,44.7,89,31.0761,3283.47
d548aeb420,Montage,250,3,246,618,8,151,8,8,5732481166,dell_r6715,1,160,160,336.0,3125,0.01,1000,72.8,374,27.3009,2020.22
c3ca55311e,Montage,250,3,246,618,8,151,8,8,5732481166,dell_r6725,1,320,320,672.0,3125,0.01,1000,135,711,27.1622,3682.53
0306f8aa41,Montage,250,3,246,618,8,151,8,8,5732481166,lenovo_sr850,1,344,344,688.0,3125,0.01,1000,450,1578,27.1622,12250.8
65a7058c61,Montage,250,4,241,633,8,157,8,8,4952383958,lenovo_st45,1,12,12,40.8,3125,0.01,1000,21.5,105,32.3625,1624.6
e677771f49,Montage,250,4,241,633,8,157,8,8,4952383958,lenovo_thinkedge,2,16,32,32.0,3125,0.01,1000,44.7,89,29.0031,3064.08
d6a40c043f,Montage,250,4,241,633,8,157,8,8,4952383958,dell_r6715,1,160,160,336.0,3125,0.01,1000,72.8,374,25.2346,1867.59
04922ec900,Montage,250,4,241,633,8,157,8,8,4952383958,dell_r6725,1,320,320,672.0,3125,0.01,1000,135,711,25.0425,3395.33
12f5b1d097,Montage,250,4,241,633,8,157,8,8,4952383958,lenovo_sr850,1,344,344,688.0,3125,0.01,1000,450,1578,25.0423,11294.99
9b1d23ab68,Montage,250,5,246,618,8,151,8,8,5469834213,lenovo_st45,1,12,12,40.8,3125,0.01,1000,21.5,105,29.9524,1646.64
fb1b489d70,Montage,250,5,246,618,8,151,8,8,5469834213,lenovo_thinkedge,2,16,32,32.0,3125,0.01,1000,44.7,89,29.623,3156.97
ccf28d2dc0,Montage,250,5,246,618,8,151,8,8,5469834213,dell_r6715,1,160,160,336.0,3125,0.01,1000,72.8,374,25.5869,1895.66
1dedc35922,Montage,250,5,246,618,8,151,8,8,5469834213,dell_r6725,1,320,320,672.0,3125,0.01,1000,135,711,25.3989,3444.59
06c4b2283c,Montage,250,5,246,618,8,151,8,8,5469834213,lenovo_sr850,1,344,344,688.0,3125,0.01,1000,450,1578,25.3956,11456.04
fb03ac9c04,Montage,250,6,246,618,8,151,8,8,5433173910,lenovo_st45,1,12,12,40.8,3125,0.01,1000,21.5,105,31.5405,1702.37
5c462cdbe1,Montage,250,6,246,618,8,151,8,8,5433173910,lenovo_thinkedge,2,16,32,32.0,3125,0.01,1000,44.7,89,29.2921,3138.34
01a81c922d,Montage,250,6,246,618,8,151,8,8,5433173910,dell_r6715,1,160,160,336.0,3125,0.01,1000,72.8,374,25.4838,1888.87
6d8e9297a2,Montage,250,6,246,618,8,151,8,8,5433173910,dell_r6725,1,320,320,672.0,3125,0.01,1000,135,711,25.3007,3431.68
16944156fb,Montage,250,6,246,618,8,151,8,8,5433173910,lenovo_sr850,1,344,344,688.0,3125,0.01,1000,450,1578,25.3007,11413.93
6e5eb9bb22,Montage,250,7,241,631,8,157,8,8,5152575735,lenovo_st45,1,12,12,40.8,3125,0.01,1000,21.5,105,31.9286,1615.36
be0c030b14,Montage,250,7,241,631,8,157,8,8,5152575735,lenovo_thinkedge,2,16,32,32.0,3125,0.01,1000,44.7,89,28.8562,3051.0
cfc41ecd19,Montage,250,7,241,631,8,157,8,8,5152575735,dell_r6715,1,160,160,336.0,3125,0.01,1000,72.8,374,25.1513,1861.53
1a22952cf2,Montage,250,7,241,631,8,157,8,8,5152575735,dell_r6725,1,320,320,672.0,3125,0.01,1000,135,711,24.9792,3386.78
6c498aad59,Montage,250,7,241,631,8,157,8,8,5152575735,lenovo_sr850,1,344,344,688.0,3125,0.01,1000,450,1578,24.9792,11266.61
f15c943404,Montage,250,8,246,618,8,151,8,8,5565549113,lenovo_st45,1,12,12,40.8,3125,0.01,1000,21.5,105,43.1117,2034.67
c563f356d6,Montage,250,8,246,618,8,151,8,8,5565549113,lenovo_thinkedge,2,16,32,32.0,3125,0.01,1000,44.7,89,46.9303,4757.58
2d1a844606,Montage,250,8,246,618,8,151,8,8,5565549113,dell_r6715,1,160,160,336.0,3125,0.01,1000,72.8,374,26.7205,1981.64
d38ff14f4e,Montage,250,8,246,618,8,151,8,8,5565549113,dell_r6725,1,320,320,672.0,3125,0.01,1000,135,711,26.5223,3597.91
4dbfb29239,Montage,250,8,246,618,8,151,8,8,5565549113,lenovo_sr850,1,344,344,688.0,3125,0.01,1000,450,1578,26.5177,11963.92
9c96ab4658,Montage,250,9,246,618,8,151,8,8,5356847933,lenovo_st45,1,12,12,40.8,3125,0.01,1000,21.5,105,154.1456,5311.78
1b7c4fb738,Montage,250,9,246,618,8,151,8,8,5356847933,lenovo_thinkedge,2,16,32,32.0,3125,0.01,1000,44.7,89,197.0583,18630.48
19dd9acb16,Montage,250,9,246,618,8,151,8,8,5356847933,dell_r6715,1,160,160,336.0,3125,0.01,1000,72.8,374,33.679,2517.45
5ae388742a,Montage,250,9,246,618,8,151,8,8,5356847933,dell_r6725,1,320,320,672.0,3125,0.01,1000,135,711,24.7699,3375.31
b8d9bd7dfe,Montage,250,9,246,618,8,151,8,8,5356847933,lenovo_sr850,1,344,344,688.0,3125,0.01,1000,450,1578,24.5669,11110.93
0bda76f13e,Montage,250,10,246,618,8,151,8,8,5350823903,lenovo_st45,1,12,12,40.8,3125,0.01,1000,21.5,105,29.7797,1652.72
8e1e81586b,Montage,250,10,246,618,8,151,8,8,5350823903,lenovo_thinkedge,2,16,32,32.0,3125,0.01,1000,44.7,89,28.2646,3040.5
50305bf739,Montage,250,10,246,618,8,151,8,8,5350823903,dell_r6715,1,160,160,336.0,3125,0.01,1000,72.8,374,24.1398,1790.64
de3cf4917c,Montage,250,10,246,618,8,151,8,8,5350823903,dell_r6725,1,320,320,672.0,3125,0.01,1000,135,711,23.9752,3252.55
55ded0a77e,Montage,250,10,246,618,8,151,8,8,5350823903,lenovo_sr850,1,344,344,688.0,3125,0.01,1000,450,1578,23.9752,10817.14
b0d4c1e2b3,Montage,300,1,291,751,8,186,8,8,5740370906,lenovo_st45,1,12,12,40.8,3125,0.01,1000,21.5,105,35.1266,1909.54
f9d260bccc,Montage,300,1,291,751,8,186,8,8,5740370906,lenovo_thinkedge,2,16,32,32.0,3125,0.01,1000,44.7,89,34.5821,3677.26
0b702cdf0d,Montage,300,1,291,751,8,186,8,8,5740370906,dell_r6715,1,160,160,336.0,3125,0.01,1000,72.8,374,27.8675,2066.68
06f2dc531a,Montage,300,1,291,751,8,186,8,8,5740370906,dell_r6725,1,320,320,672.0,3125,0.01,1000,135,711,27.7177,3760.02
a48d8b1f3c,Montage,300,1,291,751,8,186,8,8,5740370906,lenovo_sr850,1,344,344,688.0,3125,0.01,1000,450,1578,27.7177,12505.22
5304c95b15,Montage,300,2,296,740,8,180,8,8,6899047001,lenovo_st45,1,12,12,40.8,3125,0.01,1000,21.5,105,35.8308,1991.37
8c66d4cb76,Montage,300,2,296,740,8,180,8,8,6899047001,lenovo_thinkedge,2,16,32,32.0,3125,0.01,1000,44.7,89,34.6542,3717.53
ca37677939,Montage,300,2,296,740,8,180,8,8,6899047001,dell_r6715,1,160,160,336.0,3125,0.01,1000,72.8,374,30.862,2286.86
5240da5fee,Montage,300,2,296,740,8,180,8,8,6899047001,dell_r6725,1,320,320,672.0,3125,0.01,1000,135,711,30.6638,4158.79
eeda596a5f,Montage,300,2,296,740,8,180,8,8,6899047001,lenovo_sr850,1,344,344,688.0,3125,0.01,1000,450,1578,30.6592,13830.75
9191a5838c,Montage,300,3,291,752,8,186,8,8,6666001568,lenovo_st45,1,12,12,40.8,3125,0.01,1000,21.5,105,41.0247,2023.75
574734ec78,Montage,300,3,291,752,8,186,8,8,6666001568,lenovo_thinkedge,2,16,32,32.0,3125,0.01,1000,44.7,89,40.3993,4190.93
89b62518e9,Montage,300,3,291,752,8,186,8,8,6666001568,dell_r6715,1,160,160,336.0,3125,0.01,1000,72.8,374,33.7475,2494.32
175423d5cb,Montage,300,3,291,752,8,186,8,8,6666001568,dell_r6725,1,320,320,672.0,3125,0.01,1000,135,711,33.6194,4556.55
19acd06bfe,Montage,300,3,291,752,8,186,8,8,6666001568,lenovo_sr850,1,344,344,688.0,3125,0.01,1000,450,1578,33.6194,15160.65
60145a8982,Montage,300,4,291,776,8,186,8,8,6610852799,lenovo_st45,1,12,12,40.8,3125,0.01,1000,21.5,105,46.3295,2198.01
23b0fdf350,Montage,300,4,291,776,8,186,8,8,6610852799,lenovo_thinkedge,2,16,32,32.0,3125,0.01,1000,44.7,89,43.3399,4484.36
6dd10e1a9d,Montage,300,4,291,776,8,186,8,8,6610852799,dell_r6715,1,160,160,336.0,3125,0.01,1000,72.8,374,32.1527,2380.2
127e76996c,Montage,300,4,291,776,8,186,8,8,6610852799,dell_r6725,1,320,320,672.0,3125,0.01,1000,135,711,31.9839,4336.7
933b6bc956,Montage,300,4,291,776,8,186,8,8,6610852799,lenovo_sr850,1,344,344,688.0,3125,0.01,1000,450,1578,31.9839,14426.33
63eb5feaed,Montage,300,5,291,754,8,186,8,8,5940437497,lenovo_st45,1,12,12,40.8,3125,0.01,1000,21.5,105,41.9231,2107.4
320019179d,Montage,300,5,291,754,8,186,8,8,5940437497,lenovo_thinkedge,2,16,32,32.0,3125,0.01,1000,44.7,89,40.8201,4261.18
57070af6dd,Montage,300,5,291,754,8,186,8,8,5940437497,dell_r6715,1,160,160,336.0,3125,0.01,1000,72.8,374,30.0514,2227.36
3ecc1e5615,Montage,300,5,291,754,8,186,8,8,5940437497,dell_r6725,1,320,320,672.0,3125,0.01,1000,135,711,29.9124,4057.12
65bae7ad6f,Montage,300,5,291,754,8,186,8,8,5940437497,lenovo_sr850,1,344,344,688.0,3125,0.01,1000,450,1578,29.9118,13494.01
d4fa947a35,Montage,300,6,291,752,8,186,8,8,6204581303,lenovo_st45,1,12,12,40.8,3125,0.01,1000,21.5,105,51.2607,2414.09
2cf9fa3866,Montage,300,6,291,752,8,186,8,8,6204581303,lenovo_thinkedge,2,16,32,32.0,3125,0.01,1000,44.7,89,56.0083,5672.75
07cad8eb89,Montage,300,6,291,752,8,186,8,8,6204581303,dell_r6715,1,160,160,336.0,3125,0.01,1000,72.8,374,31.6347,2346.1
4d756b93aa,Montage,300,6,291,752,8,186,8,8,6204581303,dell_r6725,1,320,320,672.0,3125,0.01,1000,135,711,31.4898,4271.73
199effb37d,Montage,300,6,291,752,8,186,8,8,6204581303,lenovo_sr850,1,344,344,688.0,3125,0.01,1000,450,1578,31.4898,14207.06
d32eb96b90,Montage,300,7,291,770,8,186,8,8,6121371898,lenovo_st45,1,12,12,40.8,3125,0.01,1000,21.5,105,39.1802,1986.33
c8db933777,Montage,300,7,291,770,8,186,8,8,6121371898,lenovo_thinkedge,2,16,32,32.0,3125,0.01,1000,44.7,89,36.305,3826.03
a46ee15d63,Montage,300,7,291,770,8,186,8,8,6121371898,dell_r6715,1,160,160,336.0,3125,0.01,1000,72.8,374,31.797,2352.4
101f948e7b,Montage,300,7,291,770,8,186,8,8,6121371898,dell_r6725,1,320,320,672.0,3125,0.01,1000,135,711,31.6411,4289.52
bf43fb7172,Montage,300,7,291,770,8,186,8,8,6121371898,lenovo_sr850,1,344,344,688.0,3125,0.01,1000,450,1578,31.6411,14270.47
c5137f9b6b,Montage,300,8,291,791,8,186,8,8,6197033704,lenovo_st45,1,12,12,40.8,3125,0.01,1000,21.5,105,37.9129,1956.33
b7ca4bbe15,Montage,300,8,291,791,8,186,8,8,6197033704,lenovo_thinkedge,2,16,32,32.0,3125,0.01,1000,44.7,89,36.687,3858.78
deae8c77ef,Montage,300,8,291,791,8,186,8,8,6197033704,dell_r6715,1,160,160,336.0,3125,0.01,1000,72.8,374,32.832,2427.66
b5fa4c5b21,Montage,300,8,291,791,8,186,8,8,6197033704,dell_r6725,1,320,320,672.0,3125,0.01,1000,135,711,32.7014,4432.61
57f94106fe,Montage,300,8,291,791,8,186,8,8,6197033704,lenovo_sr850,1,344,344,688.0,3125,0.01,1000,450,1578,32.7014,14747.51
44f7843519,Montage,300,9,291,752,8,186,8,8,6017917881,lenovo_st45,1,12,12,40.8,3125,0.01,1000,21.5,105,37.0671,1972.15
95df61572b,Montage,300,9,291,752,8,186,8,8,6017917881,lenovo_thinkedge,2,16,32,32.0,3125,0.01,1000,44.7,89,33.9159,3628.3
33ea7f0973,Montage,300,9,291,752,8,186,8,8,6017917881,dell_r6715,1,160,160,336.0,3125,0.01,1000,72.8,374,29.5857,2192.45
54419aaa67,Montage,300,9,291,752,8,186,8,8,6017917881,dell_r6725,1,320,320,672.0,3125,0.01,1000,135,711,29.4181,3989.9
82d2d1ae26,Montage,300,9,291,752,8,186,8,8,6017917881,lenovo_sr850,1,344,344,688.0,3125,0.01,1000,450,1578,29.4181,13271.0
00c83e6880,Montage,300,10,296,740,8,180,8,8,6732324396,lenovo_st45,1,12,12,40.8,3125,0.01,1000,21.5,105,33.5618,1930.3
7d9bdb39e4,Montage,300,10,296,740,8,180,8,8,6732324396,lenovo_thinkedge,2,16,32,32.0,3125,0.01,1000,44.7,89,34.139,3665.25
a775bcb180,Montage,300,10,296,740,8,180,8,8,6732324396,dell_r6715,1,160,160,336.0,3125,0.01,1000,72.8,374,30.3215,2247.11
e9a79502d0,Montage,300,10,296,740,8,180,8,8,6732324396,dell_r6725,1,320,320,672.0,3125,0.01,1000,135,711,30.1983,4095.76
7e3d26c395,Montage,300,10,296,740,8,180,8,8,6732324396,lenovo_sr850,1,344,344,688.0,3125,0.01,1000,450,1578,30.1983,13623.03
b58864d430,Montage,400,1,391,1011,8,244,8,8,8414649671,lenovo_st45,1,12,12,40.8,3125,0.01,1000,21.5,105,145.2027,5521.78
0b7106ec28,Montage,400,1,391,1011,8,244,8,8,8414649671,lenovo_thinkedge,2,16,32,32.0,3125,0.01,1000,44.7,89,181.1823,17415.25
de3b2e4185,Montage,400,1,391,1011,8,244,8,8,8414649671,dell_r6715,1,160,160,336.0,3125,0.01,1000,72.8,374,40.9888,3062.82
188d3385df,Montage,400,1,391,1011,8,244,8,8,8414649671,dell_r6725,1,320,320,672.0,3125,0.01,1000,135,711,40.3824,5489.32
b56bb45c19,Montage,400,1,391,1011,8,244,8,8,8414649671,lenovo_sr850,1,344,344,688.0,3125,0.01,1000,450,1578,40.3822,18239.04
536390e38c,Montage,400,2,391,1030,8,244,8,8,8807397971,lenovo_st45,1,12,12,40.8,3125,0.01,1000,21.5,105,50.9679,2662.23
81bcff2d91,Montage,400,2,391,1030,8,244,8,8,8807397971,lenovo_thinkedge,2,16,32,32.0,3125,0.01,1000,44.7,89,46.1459,4920.13
242a2b9cbb,Montage,400,2,391,1030,8,244,8,8,8807397971,dell_r6715,1,160,160,336.0,3125,0.01,1000,72.8,374,41.9472,3105.22
8cd601077d,Montage,400,2,391,1030,8,244,8,8,8807397971,dell_r6725,1,320,320,672.0,3125,0.01,1000,135,711,41.8797,5678.36
3931ae84ec,Montage,400,2,391,1030,8,244,8,8,8807397971,lenovo_sr850,1,344,344,688.0,3125,0.01,1000,450,1578,41.8797,18889.65
44f373eebe,Montage,400,3,395,1097,8,257,8,8,7699858254,lenovo_st45,1,12,12,40.8,3125,0.01,1000,21.5,105,50.4397,2612.73
7b21011ce1,Montage,400,3,395,1097,8,257,8,8,7699858254,lenovo_thinkedge,2,16,32,32.0,3125,0.01,1000,44.7,89,47.9297,5060.25
3ad5498fd3,Montage,400,3,395,1097,8,257,8,8,7699858254,dell_r6715,1,160,160,336.0,3125,0.01,1000,72.8,374,41.2392,3052.42
f1709f6231,Montage,400,3,395,1097,8,257,8,8,7699858254,dell_r6725,1,320,320,672.0,3125,0.01,1000,135,711,41.1505,5579.33
7a238b24e0,Montage,400,3,395,1097,8,257,8,8,7699858254,lenovo_sr850,1,344,344,688.0,3125,0.01,1000,450,1578,41.1503,18560.35
2097f519eb,Montage,400,4,391,1011,8,244,8,8,8615237897,lenovo_st45,1,12,12,40.8,3125,0.01,1000,21.5,105,49.9763,2651.88
34b8197baa,Montage,400,4,391,1011,8,244,8,8,8615237897,lenovo_thinkedge,2,16,32,32.0,3125,0.01,1000,44.7,89,46.5664,4963.29
91a8149635,Montage,400,4,391,1011,8,244,8,8,8615237897,dell_r6715,1,160,160,336.0,3125,0.01,1000,72.8,374,39.9195,2957.96
f3339347c8,Montage,400,4,391,1011,8,244,8,8,8615237897,dell_r6725,1,320,320,672.0,3125,0.01,1000,135,711,39.8854,5409.3
c0d0b40478,Montage,400,4,391,1011,8,244,8,8,8615237897,lenovo_sr850,1,344,344,688.0,3125,0.01,1000,450,1578,39.8854,17992.49
ebd6947fcd,Montage,400,5,395,1044,8,257,8,8,7985266301,lenovo_st45,1,12,12,40.8,3125,0.01,1000,21.5,105,349.3759,11136.12
82fd04d6e7,Montage,400,5,395,1044,8,257,8,8,7985266301,lenovo_thinkedge,2,16,32,32.0,3125,0.01,1000,44.7,89,424.411,39781.17
604f106412,Montage,400,5,395,1044,8,257,8,8,7985266301,dell_r6715,1,160,160,336.0,3125,0.01,1000,72.8,374,67.0974,5003.76
2146d28ca1,Montage,400,5,395,1044,8,257,8,8,7985266301,dell_r6725,1,320,320,672.0,3125,0.01,1000,135,711,48.6601,6626.04
9cbdba286b,Montage,400,5,395,1044,8,257,8,8,7985266301,lenovo_sr850,1,344,344,688.0,3125,0.01,1000,450,1578,48.2365,21807.7
bc6154a20d,Montage,400,6,391,1030,8,244,8,8,8711351639,lenovo_st45,1,12,12,40.8,3125,0.01,1000,21.5,105,51.6105,2676.59
a9e6434728,Montage,400,6,391,1030,8,244,8,8,8711351639,lenovo_thinkedge,2,16,32,32.0,3125,0.01,1000,44.7,89,48.1557,5100.08
a7e05cd4ad,Montage,400,6,391,1030,8,244,8,8,8711351639,dell_r6715,1,160,160,336.0,3125,0.01,1000,72.8,374,43.9668,3252.26
90cee4f5b1,Montage,400,6,391,1030,8,244,8,8,8711351639,dell_r6725,1,320,320,672.0,3125,0.01,1000,135,711,43.9379,5956.22
c2e6091c1c,Montage,400,6,391,1030,8,244,8,8,8711351639,lenovo_sr850,1,344,344,688.0,3125,0.01,1000,450,1578,43.9379,19815.83
e6d4f34a01,Montage,400,7,391,1047,8,244,8,8,8544331649,lenovo_st45,1,12,12,40.8,3125,0.01,1000,21.5,105,52.4074,2720.5
a2e69896cb,Montage,400,7,391,1047,8,244,8,8,8544331649,lenovo_thinkedge,2,16,32,32.0,3125,0.01,1000,44.7,89,48.501,5144.53
986b674aa7,Montage,400,7,391,1047,8,244,8,8,8544331649,dell_r6715,1,160,160,336.0,3125,0.01,1000,72.8,374,41.8939,3102.23
aa9d8af8c8,Montage,400,7,391,1047,8,244,8,8,8544331649,dell_r6725,1,320,320,672.0,3125,0.01,1000,135,711,41.7937,5667.19
dd0e456ad9,Montage,400,7,391,1047,8,244,8,8,8544331649,lenovo_sr850,1,344,344,688.0,3125,0.01,1000,450,1578,41.7937,18851.72
016535f3df,Montage,400,8,391,993,8,244,8,8,8722321356,lenovo_st45,1,12,12,40.8,3125,0.01,1000,21.5,105,49.155,2629.36
443c9bd515,Montage,400,8,391,993,8,244,8,8,8722321356,lenovo_thinkedge,2,16,32,32.0,3125,0.01,1000,44.7,89,45.8448,4896.32
cf3c784a89,Montage,400,8,391,993,8,244,8,8,8722321356,dell_r6715,1,160,160,336.0,3125,0.01,1000,72.8,374,41.7752,3092.9
5417772c60,Montage,400,8,391,993,8,244,8,8,8722321356,dell_r6725,1,320,320,672.0,3125,0.01,1000,135,711,41.7309,5658.37
441d60c1e1,Montage,400,8,391,993,8,244,8,8,8722321356,lenovo_sr850,1,344,344,688.0,3125,0.01,1000,450,1578,41.7309,18822.87
33a85ec027,Montage,400,9,391,1012,8,244,8,8,8412271605,lenovo_st45,1,12,12,40.8,3125,0.01,1000,21.5,105,50.2295,2712.08
2fc528b2e8,Montage,400,9,391,1012,8,244,8,8,8412271605,lenovo_thinkedge,2,16,32,32.0,3125,0.01,1000,44.7,89,46.3075,4967.92
96bdd09b60,Montage,400,9,391,1012,8,244,8,8,8412271605,dell_r6715,1,160,160,336.0,3125,0.01,1000,72.8,374,40.2339,2982.64
5cea29893d,Montage,400,9,391,1012,8,244,8,8,8412271605,dell_r6725,1,320,320,672.0,3125,0.01,1000,135,711,40.1677,5448.27
1e0ed0b50d,Montage,400,9,391,1012,8,244,8,8,8412271605,lenovo_sr850,1,344,344,688.0,3125,0.01,1000,450,1578,40.1677,18121.07
20287343d9,Montage,400,10,391,1013,8,244,8,8,8497129573,lenovo_st45,1,12,12,40.8,3125,0.01,1000,21.5,105,48.6717,2615.59
231c13f701,Montage,400,10,391,1013,8,244,8,8,8497129573,lenovo_thinkedge,2,16,32,32.0,3125,0.01,1000,44.7,89,45.0767,4825.93
43fe564fbe,Montage,400,10,391,1013,8,244,8,8,8497129573,dell_r6715,1,160,160,336.0,3125,0.01,1000,72.8,374,41.2145,3051.96
2a5e7b6a64,Montage,400,10,391,1013,8,244,8,8,8497129573,dell_r6725,1,320,320,672.0,3125,0.01,1000,135,711,41.1336,5577.68
a900176649,Montage,400,10,391,1013,8,244,8,8,8497129573,lenovo_sr850,1,344,344,688.0,3125,0.01,1000,450,1578,41.1336,18553.98
af9dedab63,Montage,500,1,495,1427,8,315,8,8,10308341422,lenovo_st45,1,12,12,40.8,3125,0.01,1000,21.5,105,67.6078,3413.67
670a2ad377,Montage,500,1,495,1427,8,315,8,8,10308341422,lenovo_thinkedge,2,16,32,32.0,3125,0.01,1000,44.7,89,61.2146,6467.0
d37ed77c0a,Montage,500,1,495,1427,8,315,8,8,10308341422,dell_r6715,1,160,160,336.0,3125,0.01,1000,72.8,374,54.0151,3996.69
7000ad7ef6,Montage,500,1,495,1427,8,315,8,8,10308341422,dell_r6725,1,320,320,672.0,3125,0.01,1000,135,711,54.0151,7322.83
5734fa1c57,Montage,500,1,495,1427,8,315,8,8,10308341422,lenovo_sr850,1,344,344,688.0,3125,0.01,1000,450,1578,54.0151,24361.59
d4cf35161c,Montage,500,2,495,1334,8,315,8,8,10606027561,lenovo_st45,1,12,12,40.8,3125,0.01,1000,21.5,105,64.1514,3334.33
e8d89a693e,Montage,500,2,495,1334,8,315,8,8,10606027561,lenovo_thinkedge,2,16,32,32.0,3125,0.01,1000,44.7,89,59.442,6305.98
d23c877860,Montage,500,2,495,1334,8,315,8,8,10606027561,dell_r6715,1,160,160,336.0,3125,0.01,1000,72.8,374,52.7435,3903.96
dba0d5b2a8,Montage,500,2,495,1334,8,315,8,8,10606027561,dell_r6725,1,320,320,672.0,3125,0.01,1000,135,711,52.7435,7151.08
8f79b20d2c,Montage,500,2,495,1334,8,315,8,8,10606027561,lenovo_sr850,1,344,344,688.0,3125,0.01,1000,450,1578,52.7435,23789.23
0a847d6a91,Montage,500,3,491,1236,8,302,8,8,11101015420,lenovo_st45,1,12,12,40.8,3125,0.01,1000,21.5,105,57.3932,3246.25
747d9a8b4d,Montage,500,3,491,1236,8,302,8,8,11101015420,lenovo_thinkedge,2,16,32,32.0,3125,0.01,1000,44.7,89,56.1671,6042.23
800ab7cc84,Montage,500,3,491,1236,8,302,8,8,11101015420,dell_r6715,1,160,160,336.0,3125,0.01,1000,72.8,374,51.375,3806.21
86b6840638,Montage,500,3,491,1236,8,302,8,8,11101015420,dell_r6725,1,320,320,672.0,3125,0.01,1000,135,711,51.375,6967.23
43ec73b749,Montage,500,3,491,1236,8,302,8,8,11101015420,lenovo_sr850,1,344,344,688.0,3125,0.01,1000,450,1578,51.375,23175.0
b26ac41cb9,Montage,500,4,495,1351,8,315,8,8,10501904483,lenovo_st45,1,12,12,40.8,3125,0.01,1000,21.5,105,66.7667,3396.52
f97446da9b,Montage,500,4,495,1351,8,315,8,8,10501904483,lenovo_thinkedge,2,16,32,32.0,3125,0.01,1000,44.7,89,61.5335,6495.99
fbd85b908e,Montage,500,4,495,1351,8,315,8,8,10501904483,dell_r6715,1,160,160,336.0,3125,0.01,1000,72.8,374,53.7541,3977.72
78ff1c50f3,Montage,500,4,495,1351,8,315,8,8,10501904483,dell_r6725,1,320,320,672.0,3125,0.01,1000,135,711,53.7541,7287.6
f0e3a054e2,Montage,500,4,495,1351,8,315,8,8,10501904483,lenovo_sr850,1,344,344,688.0,3125,0.01,1000,450,1578,53.7541,24244.13
f933fe394f,Montage,500,5,490,1420,8,321,8,8,9703662627,lenovo_st45,1,12,12,40.8,3125,0.01,1000,21.5,105,70.7217,3416.87
caef0c73ce,Montage,500,5,490,1420,8,321,8,8,9703662627,lenovo_thinkedge,2,16,32,32.0,3125,0.01,1000,44.7,89,62.0742,6511.5
723ab4cd2a,Montage,500,5,490,1420,8,321,8,8,9703662627,dell_r6715,1,160,160,336.0,3125,0.01,1000,72.8,374,55.3277,4090.15
eb3e356825,Montage,500,5,490,1420,8,321,8,8,9703662627,dell_r6725,1,320,320,672.0,3125,0.01,1000,135,711,55.3277,7499.02
47f1e588d5,Montage,500,5,490,1420,8,321,8,8,9703662627,lenovo_sr850,1,344,344,688.0,3125,0.01,1000,450,1578,55.3277,24950.46
2594253f1a,Montage,500,6,491,1290,8,302,8,8,10877036184,lenovo_st45,1,12,12,40.8,3125,0.01,1000,21.5,105,62.8978,3350.29
7bdb62c97d,Montage,500,6,491,1290,8,302,8,8,10877036184,lenovo_thinkedge,2,16,32,32.0,3125,0.01,1000,44.7,89,55.9283,6013.63
6ab11248ae,Montage,500,6,491,1290,8,302,8,8,10877036184,dell_r6715,1,160,160,336.0,3125,0.01,1000,72.8,374,51.6537,3826.02
09b150e756,Montage,500,6,491,1290,8,302,8,8,10877036184,dell_r6725,1,320,320,672.0,3125,0.01,1000,135,711,51.6537,7004.62
e54bfccefe,Montage,500,6,491,1290,8,302,8,8,10877036184,lenovo_sr850,1,344,344,688.0,3125,0.01,1000,450,1578,51.6537,23299.98
d2d407a2dd,Montage,500,7,491,1309,8,302,8,8,11852478713,lenovo_st45,1,12,12,40.8,3125,0.01,1000,21.5,105,64.2787,3374.7
7f3f49c514,Montage,500,7,491,1309,8,302,8,8,11852478713,lenovo_thinkedge,2,16,32,32.0,3125,0.01,1000,44.7,89,59.6798,6346.33
a127e2d073,Montage,500,7,491,1309,8,302,8,8,11852478713,dell_r6715,1,160,160,336.0,3125,0.01,1000,72.8,374,54.7682,4052.59
c20703a6ce,Montage,500,7,491,1309,8,302,8,8,11852478713,dell_r6725,1,320,320,672.0,3125,0.01,1000,135,711,54.758,7423.63
09f0668ce5,Montage,500,7,491,1309,8,302,8,8,11852478713,lenovo_sr850,1,344,344,688.0,3125,0.01,1000,450,1578,54.7578,24696.68
7418c9e7c2,Montage,500,8,495,1299,8,315,8,8,10288253859,lenovo_st45,1,12,12,40.8,3125,0.01,1000,21.5,105,65.1353,3468.14
31e944d8b4,Montage,500,8,495,1299,8,315,8,8,10288253859,lenovo_thinkedge,2,16,32,32.0,3125,0.01,1000,44.7,89,63.8516,6757.35
5e0faf4699,Montage,500,8,495,1299,8,315,8,8,10288253859,dell_r6715,1,160,160,336.0,3125,0.01,1000,72.8,374,48.4162,3592.63
58a0034710,Montage,500,8,495,1299,8,315,8,8,10288253859,dell_r6725,1,320,320,672.0,3125,0.01,1000,135,711,48.4162,6568.66
8f11294e68,Montage,500,8,495,1299,8,315,8,8,10288253859,lenovo_sr850,1,344,344,688.0,3125,0.01,1000,450,1578,48.4162,21845.07
98cf906ff6,Montage,500,9,491,1273,8,302,8,8,10878096631,lenovo_st45,1,12,12,40.8,3125,0.01,1000,21.5,105,59.1407,3326.73
1f46e411a9,Montage,500,9,491,1273,8,302,8,8,10878096631,lenovo_thinkedge,2,16,32,32.0,3125,0.01,1000,44.7,89,55.2387,5981.01
dfbba748f5,Montage,500,9,491,1273,8,302,8,8,10878096631,dell_r6715,1,160,160,336.0,3125,0.01,1000,72.8,374,51.3333,3804.58
84a64f27a2,Montage,500,9,491,1273,8,302,8,8,10878096631,dell_r6725,1,320,320,672.0,3125,0.01,1000,135,711,51.3231,6960.9
0d4e15f447,Montage,500,9,491,1273,8,302,8,8,10878096631,lenovo_sr850,1,344,344,688.0,3125,0.01,1000,450,1578,51.3229,23152.74
316bca9b4b,Montage,500,10,495,1406,8,315,8,8,10356565952,lenovo_st45,1,12,12,40.8,3125,0.01,1000,21.5,105,87.859,4051.27
c08d31a463,Montage,500,10,495,1406,8,315,8,8,10356565952,lenovo_thinkedge,2,16,32,32.0,3125,0.01,1000,44.7,89,83.3437,8547.92
57211e59b9,Montage,500,10,495,1406,8,315,8,8,10356565952,dell_r6715,1,160,160,336.0,3125,0.01,1000,72.8,374,53.8025,3987.85
d4fd64fd4e,Montage,500,10,495,1406,8,315,8,8,10356565952,dell_r6725,1,320,320,672.0,3125,0.01,1000,135,711,53.8025,7297.29
572813b3a5,Montage,500,10,495,1406,8,315,8,8,10356565952,lenovo_sr850,1,344,344,688.0,3125,0.01,1000,450,1578,53.8025,24271.54
425555182e,Montage,700,1,695,2043,8,461,8,8,13082695784,lenovo_st45,1,12,12,40.8,3125,0.01,1000,21.5,105,97.7572,4966.76
724afebf0b,Montage,700,1,695,2043,8,461,8,8,13082695784,lenovo_thinkedge,2,16,32,32.0,3125,0.01,1000,44.7,89,89.9526,9495.25
26a7010852,Montage,700,1,695,2043,8,461,8,8,13082695784,dell_r6715,1,160,160,336.0,3125,0.01,1000,72.8,374,78.5627,5813.48
23710262b5,Montage,700,1,695,2043,8,461,8,8,13082695784,dell_r6725,1,320,320,672.0,3125,0.01,1000,135,711,78.5616,10650.81
4fe852e81a,Montage,700,1,695,2043,8,461,8,8,13082695784,lenovo_sr850,1,344,344,688.0,3125,0.01,1000,450,1578,78.5616,35432.77
56721d2239,Montage,700,2,698,1828,8,453,8,8,13459806443,lenovo_st45,1,12,12,40.8,3125,0.01,1000,21.5,105,83.6183,4770.36
3432ff16a5,Montage,700,2,698,1828,8,453,8,8,13459806443,lenovo_thinkedge,2,16,32,32.0,3125,0.01,1000,44.7,89,76.8288,8376.56
b387c0e641,Montage,700,2,698,1828,8,453,8,8,13459806443,dell_r6715,1,160,160,336.0,3125,0.01,1000,72.8,374,70.1601,5205.31
9d22591d42,Montage,700,2,698,1828,8,453,8,8,13459806443,dell_r6725,1,320,320,672.0,3125,0.01,1000,135,711,70.1601,9518.3
0e7dd2afb1,Montage,700,2,698,1828,8,453,8,8,13459806443,lenovo_sr850,1,344,344,688.0,3125,0.01,1000,450,1578,70.1601,31655.11
203a136179,Montage,700,3,695,1905,8,466,8,8,12381268745,lenovo_st45,1,12,12,40.8,3125,0.01,1000,21.5,105,88.2123,4811.77
372556e0fa,Montage,700,3,695,1905,8,466,8,8,12381268745,lenovo_thinkedge,2,16,32,32.0,3125,0.01,1000,44.7,89,79.1488,8554.87
f89660548f,Montage,700,3,695,1905,8,466,8,8,12381268745,dell_r6715,1,160,160,336.0,3125,0.01,1000,72.8,374,70.7095,5243.42
5b0c29610d,Montage,700,3,695,1905,8,466,8,8,12381268745,dell_r6725,1,320,320,672.0,3125,0.01,1000,135,711,70.7105,9591.7
79fba723ea,Montage,700,3,695,1905,8,466,8,8,12381268745,lenovo_sr850,1,344,344,688.0,3125,0.01,1000,450,1578,70.7107,31901.27
db4c3a438b,Montage,700,4,698,1971,8,467,8,8,12346513879,lenovo_st45,1,12,12,40.8,3125,0.01,1000,21.5,105,88.6931,4754.26
468294f214,Montage,700,4,698,1971,8,467,8,8,12346513879,lenovo_thinkedge,2,16,32,32.0,3125,0.01,1000,44.7,89,81.4651,8727.52
ee5e34c881,Montage,700,4,698,1971,8,467,8,8,12346513879,dell_r6715,1,160,160,336.0,3125,0.01,1000,72.8,374,71.5489,5302.3
64465dd399,Montage,700,4,698,1971,8,467,8,8,12346513879,dell_r6725,1,320,320,672.0,3125,0.01,1000,135,711,71.5398,9702.59
59627c79d2,Montage,700,4,698,1971,8,467,8,8,12346513879,lenovo_sr850,1,344,344,688.0,3125,0.01,1000,450,1578,71.5395,32272.35
c971d0c9fe,Montage,700,5,696,1821,8,453,8,8,13980662431,lenovo_st45,1,12,12,40.8,3125,0.01,1000,21.5,105,83.7171,4662.55
c6f6d87f46,Montage,700,5,696,1821,8,453,8,8,13980662431,lenovo_thinkedge,2,16,32,32.0,3125,0.01,1000,44.7,89,75.4874,8200.86
232cc723f6,Montage,700,5,696,1821,8,453,8,8,13980662431,dell_r6715,1,160,160,336.0,3125,0.01,1000,72.8,374,71.4964,5298.98
6d1fdc6763,Montage,700,5,696,1821,8,453,8,8,13980662431,dell_r6725,1,320,320,672.0,3125,0.01,1000,135,711,71.4964,9696.98
4f313b0b45,Montage,700,5,696,1821,8,453,8,8,13980662431,lenovo_sr850,1,344,344,688.0,3125,0.01,1000,450,1578,71.4964,32253.39
77cac1355e,Montage,700,6,692,1804,8,449,8,8,13363680281,lenovo_st45,1,12,12,40.8,3125,0.01,1000,21.5,105,80.1069,4586.92
734a9ed131,Montage,700,6,692,1804,8,449,8,8,13363680281,lenovo_thinkedge,2,16,32,32.0,3125,0.01,1000,44.7,89,76.3516,8279.14
7bbfed2ed3,Montage,700,6,692,1804,8,449,8,8,13363680281,dell_r6715,1,160,160,336.0,3125,0.01,1000,72.8,374,67.7622,5027.2
6b632c102d,Montage,700,6,692,1804,8,449,8,8,13363680281,dell_r6725,1,320,320,672.0,3125,0.01,1000,135,711,67.7521,9191.52
a67e1fe4cf,Montage,700,6,692,1804,8,449,8,8,13363680281,lenovo_sr850,1,344,344,688.0,3125,0.01,1000,450,1578,67.7518,30568.38
88aa4aa730,Montage,700,7,695,1824,8,450,8,8,14039141810,lenovo_st45,1,12,12,40.8,3125,0.01,1000,21.5,105,86.1257,4734.43
f172f37680,Montage,700,7,695,1824,8,450,8,8,14039141810,lenovo_thinkedge,2,16,32,32.0,3125,0.01,1000,44.7,89,79.2388,8546.43
754a41418a,Montage,700,7,695,1824,8,450,8,8,14039141810,dell_r6715,1,160,160,336.0,3125,0.01,1000,72.8,374,70.1433,5201.13
396c8d8154,Montage,700,7,695,1824,8,450,8,8,14039141810,dell_r6725,1,320,320,672.0,3125,0.01,1000,135,711,70.1433,9514.62
9e8ccab15a,Montage,700,7,695,1824,8,450,8,8,14039141810,lenovo_sr850,1,344,344,688.0,3125,0.01,1000,450,1578,70.1433,31645.03
8a8cb74ba1,Montage,700,8,696,1819,8,451,8,8,13973297016,lenovo_st45,1,12,12,40.8,3125,0.01,1000,21.5,105,82.6451,4659.73
86d699cf20,Montage,700,8,696,1819,8,451,8,8,13973297016,lenovo_thinkedge,2,16,32,32.0,3125,0.01,1000,44.7,89,79.8392,8600.18
3fc09b2fe0,Montage,700,8,696,1819,8,451,8,8,13973297016,dell_r6715,1,160,160,336.0,3125,0.01,1000,72.8,374,70.8032,5249.18
d445a7d2d8,Montage,700,8,696,1819,8,451,8,8,13973297016,dell_r6725,1,320,320,672.0,3125,0.01,1000,135,711,70.7931,9602.34
38f856f681,Montage,700,8,696,1819,8,451,8,8,13973297016,lenovo_sr850,1,344,344,688.0,3125,0.01,1000,450,1578,70.7928,31937.33
4e5da6213c,Montage,700,9,697,2026,8,461,8,8,12773019751,lenovo_st45,1,12,12,40.8,3125,0.01,1000,21.5,105,100.3637,5114.33
a83140b097,Montage,700,9,697,2026,8,461,8,8,12773019751,lenovo_thinkedge,2,16,32,32.0,3125,0.01,1000,44.7,89,94.1326,9915.38
b9b75d1d65,Montage,700,9,697,2026,8,461,8,8,12773019751,dell_r6715,1,160,160,336.0,3125,0.01,1000,72.8,374,72.4938,5374.68
ff0166f545,Montage,700,9,697,2026,8,461,8,8,12773019751,dell_r6725,1,320,320,672.0,3125,0.01,1000,135,711,72.4938,9833.1
c74a1a2923,Montage,700,9,697,2026,8,461,8,8,12773019751,lenovo_sr850,1,344,344,688.0,3125,0.01,1000,450,1578,72.4938,32704.85
b3773c2c22,Montage,700,10,693,1920,8,468,8,8,12097807711,lenovo_st45,1,12,12,40.8,3125,0.01,1000,21.5,105,85.376,4616.42
1c9ed58f76,Montage,700,10,693,1920,8,468,8,8,12097807711,lenovo_thinkedge,2,16,32,32.0,3125,0.01,1000,44.7,89,76.0726,8211.69
a3b79e2f3b,Montage,700,10,693,1920,8,468,8,8,12097807711,dell_r6715,1,160,160,336.0,3125,0.01,1000,72.8,374,69.6427,5161.34
182b6af321,Montage,700,10,693,1920,8,468,8,8,12097807711,dell_r6725,1,320,320,672.0,3125,0.01,1000,135,711,69.6427,9445.43
5c6429402d,Montage,700,10,693,1920,8,468,8,8,12097807711,lenovo_sr850,1,344,344,688.0,3125,0.01,1000,450,1578,69.6427,31416.91
1c842a0940,Montage,1000,1,994,2908,8,782,8,8,12347762651,lenovo_st45,1,12,12,40.8,3125,0.01,1000,21.5,105,113.9401,5263.79
27d19a05ba,Montage,1000,1,994,2908,8,782,8,8,12347762651,lenovo_thinkedge,2,16,32,32.0,3125,0.01,1000,44.7,89,107.4864,11036.95
f4e13cd1b3,Montage,1000,1,994,2908,8,782,8,8,12347762651,dell_r6715,1,160,160,336.0,3125,0.01,1000,72.8,374,99.0725,7304.92
7ac7e7ada8,Montage,1000,1,994,2908,8,782,8,8,12347762651,dell_r6725,1,320,320,672.0,3125,0.01,1000,135,711,99.0679,13418.36
f8ab10c3f2,Montage,1000,1,994,2908,8,782,8,8,12347762651,lenovo_sr850,1,344,344,688.0,3125,0.01,1000,450,1578,99.0679,44659.18
bf640b34a3,Montage,1000,2,994,2843,8,782,8,8,11669847480,lenovo_st45,1,12,12,40.8,3125,0.01,1000,21.5,105,112.9913,5251.32
601fadb897,Montage,1000,2,994,2843,8,782,8,8,11669847480,lenovo_thinkedge,2,16,32,32.0,3125,0.01,1000,44.7,89,103.8781,10718.38
f706a66a9c,Montage,1000,2,994,2843,8,782,8,8,11669847480,dell_r6715,1,160,160,336.0,3125,0.01,1000,72.8,374,93.7217,6915.65
ae18e9aaf7,Montage,1000,2,994,2843,8,782,8,8,11669847480,dell_r6725,1,320,320,672.0,3125,0.01,1000,135,711,93.7217,12696.75
9b3be3e78c,Montage,1000,2,994,2843,8,782,8,8,11669847480,lenovo_sr850,1,344,344,688.0,3125,0.01,1000,450,1578,93.7217,42253.63
90887bb696,Montage,1000,3,994,2779,8,782,8,8,12054040053,lenovo_st45,1,12,12,40.8,3125,0.01,1000,21.5,105,106.0433,5103.3
c02b01e110,Montage,1000,3,994,2779,8,782,8,8,12054040053,lenovo_thinkedge,2,16,32,32.0,3125,0.01,1000,44.7,89,97.8274,10178.15
cfdeabf374,Montage,1000,3,994,2779,8,782,8,8,12054040053,dell_r6715,1,160,160,336.0,3125,0.01,1000,72.8,374,89.8251,6632.02
530051792f,Montage,1000,3,994,2779,8,782,8,8,12054040053,dell_r6725,1,320,320,672.0,3125,0.01,1000,135,711,89.8191,12169.92
75145d7421,Montage,1000,3,994,2779,8,782,8,8,12054040053,lenovo_sr850,1,344,344,688.0,3125,0.01,1000,450,1578,89.821,40498.36
365e3baa9f,Montage,1000,4,991,2742,8,762,8,8,12687154386,lenovo_st45,1,12,12,40.8,3125,0.01,1000,21.5,105,105.3552,5239.59
3d02ed5f99,Montage,1000,4,991,2742,8,762,8,8,12687154386,lenovo_thinkedge,2,16,32,32.0,3125,0.01,1000,44.7,89,97.3941,10216.06
8356c65375,Montage,1000,4,991,2742,8,762,8,8,12687154386,dell_r6715,1,160,160,336.0,3125,0.01,1000,72.8,374,90.3023,6671.72
49522da823,Montage,1000,4,991,2742,8,762,8,8,12687154386,dell_r6725,1,320,320,672.0,3125,0.01,1000,135,711,90.3023,12237.52
45d07c13a9,Montage,1000,4,991,2742,8,762,8,8,12687154386,lenovo_sr850,1,344,344,688.0,3125,0.01,1000,450,1578,90.3023,40719.14
21bb8e8402,Montage,1000,5,991,2710,8,762,8,8,12717753230,lenovo_st45,1,12,12,40.8,3125,0.01,1000,21.5,105,103.8046,5172.64
580d1b9cd5,Montage,1000,5,991,2710,8,762,8,8,12717753230,lenovo_thinkedge,2,16,32,32.0,3125,0.01,1000,44.7,89,98.748,10320.04
d0f3d8b41c,Montage,1000,5,991,2710,8,762,8,8,12717753230,dell_r6715,1,160,160,336.0,3125,0.01,1000,72.8,374,90.8499,6710.49
cb3c7d96eb,Montage,1000,5,991,2710,8,762,8,8,12717753230,dell_r6725,1,320,320,672.0,3125,0.01,1000,135,711,90.8398,12309.56
1d29a74b0c,Montage,1000,5,991,2710,8,762,8,8,12717753230,lenovo_sr850,1,344,344,688.0,3125,0.01,1000,450,1578,90.8395,40959.97
a63266a23d,Montage,1000,6,991,2774,8,762,8,8,12654114698,lenovo_st45,1,12,12,40.8,3125,0.01,1000,21.5,105,105.8235,5216.17
28d8fcd099,Montage,1000,6,991,2774,8,762,8,8,12654114698,lenovo_thinkedge,2,16,32,32.0,3125,0.01,1000,44.7,89,98.2578,10276.29
f1ab0c4213,Montage,1000,6,991,2774,8,762,8,8,12654114698,dell_r6715,1,160,160,336.0,3125,0.01,1000,72.8,374,91.3728,6748.55
5b127d2856,Montage,1000,6,991,2774,8,762,8,8,12654114698,dell_r6725,1,320,320,672.0,3125,0.01,1000,135,711,91.3626,12380.14
d9e51de96c,Montage,1000,6,991,2774,8,762,8,8,12654114698,lenovo_sr850,1,344,344,688.0,3125,0.01,1000,450,1578,91.3624,41195.26
90ff7878d2,Montage,1000,7,991,2742,8,762,8,8,12736111822,lenovo_st45,1,12,12,40.8,3125,0.01,1000,21.5,105,105.4694,5213.2
76a6419176,Montage,1000,7,991,2742,8,762,8,8,12736111822,lenovo_thinkedge,2,16,32,32.0,3125,0.01,1000,44.7,89,98.5375,10303.64
a44671ec6e,Montage,1000,7,991,2742,8,762,8,8,12736111822,dell_r6715,1,160,160,336.0,3125,0.01,1000,72.8,374,91.3586,6747.67
cc86d3821d,Montage,1000,7,991,2742,8,762,8,8,12736111822,dell_r6725,1,320,320,672.0,3125,0.01,1000,135,711,91.3484,12378.3
18aa2902aa,Montage,1000,7,991,2742,8,762,8,8,12736111822,lenovo_sr850,1,344,344,688.0,3125,0.01,1000,450,1578,91.3482,41189.01
8566beddbe,Montage,1000,8,991,2838,8,762,8,8,12563849964,lenovo_st45,1,12,12,40.8,3125,0.01,1000,21.5,105,109.1432,5294.15
0707f8c72b,Montage,1000,8,991,2838,8,762,8,8,12563849964,lenovo_thinkedge,2,16,32,32.0,3125,0.01,1000,44.7,89,101.3279,10554.1
4cd10f192d,Montage,1000,8,991,2838,8,762,8,8,12563849964,dell_r6715,1,160,160,336.0,3125,0.01,1000,72.8,374,93.3905,6895.66
c62c11b843,Montage,1000,8,991,2838,8,762,8,8,12563849964,dell_r6725,1,320,320,672.0,3125,0.01,1000,135,711,93.3864,12653.46
9a60ae6750,Montage,1000,8,991,2838,8,762,8,8,12563849964,lenovo_sr850,1,344,344,688.0,3125,0.01,1000,450,1578,93.3864,42106.26
ef0a49228d,Montage,1000,9,994,2808,8,782,8,8,11703662620,lenovo_st45,1,12,12,40.8,3125,0.01,1000,21.5,105,110.5241,5264.1
9fc4cee0a8,Montage,1000,9,994,2808,8,782,8,8,11703662620,lenovo_thinkedge,2,16,32,32.0,3125,0.01,1000,44.7,89,103.1252,10684.48
1e293f9877,Montage,1000,9,994,2808,8,782,8,8,11703662620,dell_r6715,1,160,160,336.0,3125,0.01,1000,72.8,374,95.4321,7042.33
a2c9a54ee9,Montage,1000,9,994,2808,8,782,8,8,11703662620,dell_r6725,1,320,320,672.0,3125,0.01,1000,135,711,95.4321,12928.69
5f80cefd84,Montage,1000,9,994,2808,8,782,8,8,11703662620,lenovo_sr850,1,344,344,688.0,3125,0.01,1000,450,1578,95.4321,43025.17
4b4a5db77c,Montage,1000,10,994,2970,8,782,8,8,11762955390,lenovo_st45,1,12,12,40.8,3125,0.01,1000,21.5,105,114.0895,5268.75
b8c13b23cc,Montage,1000,10,994,2970,8,782,8,8,11762955390,lenovo_thinkedge,2,16,32,32.0,3125,0.01,1000,44.7,89,106.6995,10967.48
2389fc8c8d,Montage,1000,10,994,2970,8,782,8,8,11762955390,dell_r6715,1,160,160,336.0,3125,0.01,1000,72.8,374,97.9897,7226.15
138ad6606f,Montage,1000,10,994,2970,8,782,8,8,11762955390,dell_r6725,1,320,320,672.0,3125,0.01,1000,135,711,97.9897,13272.83
6d2136b7f8,Montage,1000,10,994,2970,8,782,8,8,11762955390,lenovo_sr850,1,344,344,688.0,3125,0.01,1000,450,1578,97.9897,44174.03
48786979d8,Seismology,150,1,148,147,2,147,2,2,2641626,lenovo_st45,1,12,12,40.8,3125,0.01,1000,21.5,105,0.08,7.39
0d25ea113c,Seismology,150,1,148,147,2,147,2,2,2641626,lenovo_thinkedge,2,16,32,32.0,3125,0.01,1000,44.7,89,0.0473,7.1
55ee151e58,Seismology,150,1,148,147,2,147,2,2,2641626,dell_r6715,1,160,160,336.0,3125,0.01,1000,72.8,374,0.0051,0.55
312e70ab69,Seismology,150,1,148,147,2,147,2,2,2641626,dell_r6725,1,320,320,672.0,3125,0.01,1000,135,711,0.0047,0.72
75159a66d7,Seismology,150,1,148,147,2,147,2,2,2641626,lenovo_sr850,1,344,344,688.0,3125,0.01,1000,450,1578,0.0047,2.27
eca52173b6,Seismology,150,2,148,147,2,147,2,2,2756639,lenovo_st45,1,12,12,40.8,3125,0.01,1000,21.5,105,0.0808,7.41
9fc6a7221e,Seismology,150,2,148,147,2,147,2,2,2756639,lenovo_thinkedge,2,16,32,32.0,3125,0.01,1000,44.7,89,0.0479,7.16
38c0dbdd1e,Seismology,150,2,148,147,2,147,2,2,2756639,dell_r6715,1,160,160,336.0,3125,0.01,1000,72.8,374,0.0052,0.57
0952c37eb8,Seismology,150,2,148,147,2,147,2,2,2756639,dell_r6725,1,320,320,672.0,3125,0.01,1000,135,711,0.0049,0.75
5883e20a96,Seismology,150,2,148,147,2,147,2,2,2756639,lenovo_sr850,1,344,344,688.0,3125,0.01,1000,450,1578,0.0049,2.37
44ab7bdb57,Seismology,150,3,148,147,2,147,2,2,2803449,lenovo_st45,1,12,12,40.8,3125,0.01,1000,21.5,105,0.071,6.63
c6489a000c,Seismology,150,3,148,147,2,147,2,2,2803449,lenovo_thinkedge,2,16,32,32.0,3125,0.01,1000,44.7,89,0.0429,6.43
a7ea5d5241,Seismology,150,3,148,147,2,147,2,2,2803449,dell_r6715,1,160,160,336.0,3125,0.01,1000,72.8,374,0.0052,0.54
15ccc74e25,Seismology,150,3,148,147,2,147,2,2,2803449,dell_r6725,1,320,320,672.0,3125,0.01,1000,135,711,0.005,0.76
d64fe5ac03,Seismology,150,3,148,147,2,147,2,2,2803449,lenovo_sr850,1,344,344,688.0,3125,0.01,1000,450,1578,0.005,2.4
cdfc2203eb,Seismology,150,4,148,147,2,147,2,2,2792838,lenovo_st45,1,12,12,40.8,3125,0.01,1000,21.5,105,0.0823,7.56
8d561caa9f,Seismology,150,4,148,147,2,147,2,2,2792838,lenovo_thinkedge,2,16,32,32.0,3125,0.01,1000,44.7,89,0.047,7.14
ebae398a42,Seismology,150,4,148,147,2,147,2,2,2792838,dell_r6715,1,160,160,336.0,3125,0.01,1000,72.8,374,0.0052,0.57
c54e9fab58,Seismology,150,4,148,147,2,147,2,2,2792838,dell_r6725,1,320,320,672.0,3125,0.01,1000,135,711,0.005,0.76
9ff76240c4,Seismology,150,4,148,147,2,147,2,2,2792838,lenovo_sr850,1,344,344,688.0,3125,0.01,1000,450,1578,0.005,2.4
1dad7d9982,Seismology,150,5,148,147,2,147,2,2,2801659,lenovo_st45,1,12,12,40.8,3125,0.01,1000,21.5,105,0.0766,7.05
a95bbfc821,Seismology,150,5,148,147,2,147,2,2,2801659,lenovo_thinkedge,2,16,32,32.0,3125,0.01,1000,44.7,89,0.0443,6.7
4edd961f47,Seismology,150,5,148,147,2,147,2,2,2801659,dell_r6715,1,160,160,336.0,3125,0.01,1000,72.8,374,0.0052,0.56
8e0bf960ed,Seismology,150,5,148,147,2,147,2,2,2801659,dell_r6725,1,320,320,672.0,3125,0.01,1000,135,711,0.005,0.76
b16943f6ed,Seismology,150,5,148,147,2,147,2,2,2801659,lenovo_sr850,1,344,344,688.0,3125,0.01,1000,450,1578,0.005,2.4
81ada860d9,Seismology,150,6,148,147,2,147,2,2,2825478,lenovo_st45,1,12,12,40.8,3125,0.01,1000,21.5,105,0.0785,7.36
bfd30b47d8,Seismology,150,6,148,147,2,147,2,2,2825478,lenovo_thinkedge,2,16,32,32.0,3125,0.01,1000,44.7,89,0.0468,7.06
804f61fefe,Seismology,150,6,148,147,2,147,2,2,2825478,dell_r6715,1,160,160,336.0,3125,0.01,1000,72.8,374,0.0052,0.56
1a83e832a2,Seismology,150,6,148,147,2,147,2,2,2825478,dell_r6725,1,320,320,672.0,3125,0.01,1000,135,711,0.005,0.77
6ed219f602,Seismology,150,6,148,147,2,147,2,2,2825478,lenovo_sr850,1,344,344,688.0,3125,0.01,1000,450,1578,0.005,2.41
08355883e1,Seismology,150,7,148,147,2,147,2,2,2872105,lenovo_st45,1,12,12,40.8,3125,0.01,1000,21.5,105,0.0774,7.38
80eaa26883,Seismology,150,7,148,147,2,147,2,2,2872105,lenovo_thinkedge,2,16,32,32.0,3125,0.01,1000,44.7,89,0.0434,6.79
5e117b6d9e,Seismology,150,7,148,147,2,147,2,2,2872105,dell_r6715,1,160,160,336.0,3125,0.01,1000,72.8,374,0.0052,0.57
88b9be7a51,Seismology,150,7,148,147,2,147,2,2,2872105,dell_r6725,1,320,320,672.0,3125,0.01,1000,135,711,0.0051,0.78
617d67d6e8,Seismology,150,7,148,147,2,147,2,2,2872105,lenovo_sr850,1,344,344,688.0,3125,0.01,1000,450,1578,0.0051,2.46
74e900ce01,Seismology,150,8,148,147,2,147,2,2,2755703,lenovo_st45,1,12,12,40.8,3125,0.01,1000,21.5,105,0.0779,7.13
b37f507b1d,Seismology,150,8,148,147,2,147,2,2,2755703,lenovo_thinkedge,2,16,32,32.0,3125,0.01,1000,44.7,89,0.0476,7.03
c8db3b0da4,Seismology,150,8,148,147,2,147,2,2,2755703,dell_r6715,1,160,160,336.0,3125,0.01,1000,72.8,374,0.0051,0.55
b89a15c78e,Seismology,150,8,148,147,2,147,2,2,2755703,dell_r6725,1,320,320,672.0,3125,0.01,1000,135,711,0.0049,0.75
84a2ca1e18,Seismology,150,8,148,147,2,147,2,2,2755703,lenovo_sr850,1,344,344,688.0,3125,0.01,1000,450,1578,0.0049,2.35
7852c321b9,Seismology,150,9,148,147,2,147,2,2,2652279,lenovo_st45,1,12,12,40.8,3125,0.01,1000,21.5,105,0.0713,6.66
c1868e7df7,Seismology,150,9,148,147,2,147,2,2,2652279,lenovo_thinkedge,2,16,32,32.0,3125,0.01,1000,44.7,89,0.0407,6.24
b9241be02c,Seismology,150,9,148,147,2,147,2,2,2652279,dell_r6715,1,160,160,336.0,3125,0.01,1000,72.8,374,0.0048,0.52
9557d775d3,Seismology,150,9,148,147,2,147,2,2,2652279,dell_r6725,1,320,320,672.0,3125,0.01,1000,135,711,0.0048,0.72
55e85137a5,Seismology,150,9,148,147,2,147,2,2,2652279,lenovo_sr850,1,344,344,688.0,3125,0.01,1000,450,1578,0.0048,2.29
3a0e479605,Seismology,150,10,148,147,2,147,2,2,2838802,lenovo_st45,1,12,12,40.8,3125,0.01,1000,21.5,105,0.0847,7.89
be236ea5f1,Seismology,150,10,148,147,2,147,2,2,2838802,lenovo_thinkedge,2,16,32,32.0,3125,0.01,1000,44.7,89,0.0498,7.53
34cf870eff,Seismology,150,10,148,147,2,147,2,2,2838802,dell_r6715,1,160,160,336.0,3125,0.01,1000,72.8,374,0.0052,0.58
6ab139d1bc,Seismology,150,10,148,147,2,147,2,2,2838802,dell_r6725,1,320,320,672.0,3125,0.01,1000,135,711,0.005,0.78
16ed9734c3,Seismology,150,10,148,147,2,147,2,2,2838802,lenovo_sr850,1,344,344,688.0,3125,0.01,1000,450,1578,0.005,2.44
85b29106fc,Seismology,200,1,198,197,2,197,2,2,3735119,lenovo_st45,1,12,12,40.8,3125,0.01,1000,21.5,105,0.105,9.77
6b3c5edf50,Seismology,200,1,198,197,2,197,2,2,3735119,lenovo_thinkedge,2,16,32,32.0,3125,0.01,1000,44.7,89,0.059,9.09
faffd733a9,Seismology,200,1,198,197,2,197,2,2,3735119,dell_r6715,1,160,160,336.0,3125,0.01,1000,72.8,374,0.0075,0.8
50ec5bfbed,Seismology,200,1,198,197,2,197,2,2,3735119,dell_r6725,1,320,320,672.0,3125,0.01,1000,135,711,0.0065,0.99
d7c704c92b,Seismology,200,1,198,197,2,197,2,2,3735119,lenovo_sr850,1,344,344,688.0,3125,0.01,1000,450,1578,0.0065,3.12
0e439092a6,Seismology,200,2,198,197,2,197,2,2,3769769,lenovo_st45,1,12,12,40.8,3125,0.01,1000,21.5,105,0.0964,9.06
99ec36aa04,Seismology,200,2,198,197,2,197,2,2,3769769,lenovo_thinkedge,2,16,32,32.0,3125,0.01,1000,44.7,89,0.0534,8.32
1c17d0c3f9,Seismology,200,2,198,197,2,197,2,2,3769769,dell_r6715,1,160,160,336.0,3125,0.01,1000,72.8,374,0.0078,0.79
943e7be173,Seismology,200,2,198,197,2,197,2,2,3769769,dell_r6725,1,320,320,672.0,3125,0.01,1000,135,711,0.0066,1.0
21e02c185b,Seismology,200,2,198,197,2,197,2,2,3769769,lenovo_sr850,1,344,344,688.0,3125,0.01,1000,450,1578,0.0066,3.16
c26df1c011,Seismology,200,3,198,197,2,197,2,2,3705075,lenovo_st45,1,12,12,40.8,3125,0.01,1000,21.5,105,0.093,8.7
4ab37c01ba,Seismology,200,3,198,197,2,197,2,2,3705075,lenovo_thinkedge,2,16,32,32.0,3125,0.01,1000,44.7,89,0.0529,8.13
d65671ab0d,Seismology,200,3,198,197,2,197,2,2,3705075,dell_r6715,1,160,160,336.0,3125,0.01,1000,72.8,374,0.0076,0.77
37206441d8,Seismology,200,3,198,197,2,197,2,2,3705075,dell_r6725,1,320,320,672.0,3125,0.01,1000,135,711,0.0065,0.98
5d59ac6808,Seismology,200,3,198,197,2,197,2,2,3705075,lenovo_sr850,1,344,344,688.0,3125,0.01,1000,450,1578,0.0065,3.11
20d3544481,Seismology,200,4,198,197,2,197,2,2,3506349,lenovo_st45,1,12,12,40.8,3125,0.01,1000,21.5,105,0.1047,9.74
e1666d8802,Seismology,200,4,198,197,2,197,2,2,3506349,lenovo_thinkedge,2,16,32,32.0,3125,0.01,1000,44.7,89,0.0581,9.0
e989078d76,Seismology,200,4,198,197,2,197,2,2,3506349,dell_r6715,1,160,160,336.0,3125,0.01,1000,72.8,374,0.0068,0.74
c964b511a9,Seismology,200,4,198,197,2,197,2,2,3506349,dell_r6725,1,320,320,672.0,3125,0.01,1000,135,711,0.0062,0.95
c02da753a9,Seismology,200,4,198,197,2,197,2,2,3506349,lenovo_sr850,1,344,344,688.0,3125,0.01,1000,450,1578,0.0062,2.98
9b887c62af,Seismology,200,5,198,197,2,197,2,2,3729033,lenovo_st45,1,12,12,40.8,3125,0.01,1000,21.5,105,0.1019,9.73
2d9f101537,Seismology,200,5,198,197,2,197,2,2,3729033,lenovo_thinkedge,2,16,32,32.0,3125,0.01,1000,44.7,89,0.0554,8.77
d805700ce7,Seismology,200,5,198,197,2,197,2,2,3729033,dell_r6715,1,160,160,336.0,3125,0.01,1000,72.8,374,0.0072,0.77
457c8f5d8b,Seismology,200,5,198,197,2,197,2,2,3729033,dell_r6725,1,320,320,672.0,3125,0.01,1000,135,711,0.0065,0.99
16cf56c3c5,Seismology,200,5,198,197,2,197,2,2,3729033,lenovo_sr850,1,344,344,688.0,3125,0.01,1000,450,1578,0.0065,3.12
87277ff129,Seismology,200,6,198,197,2,197,2,2,3572766,lenovo_st45,1,12,12,40.8,3125,0.01,1000,21.5,105,0.1014,9.74
fa7b3ddcb5,Seismology,200,6,198,197,2,197,2,2,3572766,lenovo_thinkedge,2,16,32,32.0,3125,0.01,1000,44.7,89,0.0552,8.77
0eee7f0b3f,Seismology,200,6,198,197,2,197,2,2,3572766,dell_r6715,1,160,160,336.0,3125,0.01,1000,72.8,374,0.0067,0.74
174edfd251,Seismology,200,6,198,197,2,197,2,2,3572766,dell_r6725,1,320,320,672.0,3125,0.01,1000,135,711,0.0062,0.96
4e7fc45b5a,Seismology,200,6,198,197,2,197,2,2,3572766,lenovo_sr850,1,344,344,688.0,3125,0.01,1000,450,1578,0.0062,3.0
3ef715bd8a,Seismology,200,7,198,197,2,197,2,2,3677824,lenovo_st45,1,12,12,40.8,3125,0.01,1000,21.5,105,0.1046,9.85
54d63f39da,Seismology,200,7,198,197,2,197,2,2,3677824,lenovo_thinkedge,2,16,32,32.0,3125,0.01,1000,44.7,89,0.0573,8.98
189d7364d7,Seismology,200,7,198,197,2,197,2,2,3677824,dell_r6715,1,160,160,336.0,3125,0.01,1000,72.8,374,0.0073,0.78
876f7d2f60,Seismology,200,7,198,197,2,197,2,2,3677824,dell_r6725,1,320,320,672.0,3125,0.01,1000,135,711,0.0064,0.98
565d60a948,Seismology,200,7,198,197,2,197,2,2,3677824,lenovo_sr850,1,344,344,688.0,3125,0.01,1000,450,1578,0.0064,3.09
e1d93d1012,Seismology,200,8,198,197,2,197,2,2,3663622,lenovo_st45,1,12,12,40.8,3125,0.01,1000,21.5,105,0.1019,9.35
f609bc91b4,Seismology,200,8,198,197,2,197,2,2,3663622,lenovo_thinkedge,2,16,32,32.0,3125,0.01,1000,44.7,89,0.0574,8.76
5e0da78aea,Seismology,200,8,198,197,2,197,2,2,3663622,dell_r6715,1,160,160,336.0,3125,0.01,1000,72.8,374,0.0073,0.76
51485a5ed7,Seismology,200,8,198,197,2,197,2,2,3663622,dell_r6725,1,320,320,672.0,3125,0.01,1000,135,711,0.0064,0.98
2a4e9084d6,Seismology,200,8,198,197,2,197,2,2,3663622,lenovo_sr850,1,344,344,688.0,3125,0.01,1000,450,1578,0.0064,3.1
ebf1ee6593,Seismology,200,9,198,197,2,197,2,2,3536537,lenovo_st45,1,12,12,40.8,3125,0.01,1000,21.5,105,0.0965,9.03
f095e81adb,Seismology,200,9,198,197,2,197,2,2,3536537,lenovo_thinkedge,2,16,32,32.0,3125,0.01,1000,44.7,89,0.0524,8.21
7e61cb1297,Seismology,200,9,198,197,2,197,2,2,3536537,dell_r6715,1,160,160,336.0,3125,0.01,1000,72.8,374,0.0069,0.73
1b0c14682d,Seismology,200,9,198,197,2,197,2,2,3536537,dell_r6725,1,320,320,672.0,3125,0.01,1000,135,711,0.0062,0.95
da28467865,Seismology,200,9,198,197,2,197,2,2,3536537,lenovo_sr850,1,344,344,688.0,3125,0.01,1000,450,1578,0.0062,3.0
25c3ddc348,Seismology,200,10,198,197,2,197,2,2,3611563,lenovo_st45,1,12,12,40.8,3125,0.01,1000,21.5,105,0.1031,9.62
22214a07af,Seismology,200,10,198,197,2,197,2,2,3611563,lenovo_thinkedge,2,16,32,32.0,3125,0.01,1000,44.7,89,0.0552,8.69
e57f3e364c,Seismology,200,10,198,197,2,197,2,2,3611563,dell_r6715,1,160,160,336.0,3125,0.01,1000,72.8,374,0.0072,0.77
90ff6bb93f,Seismology,200,10,198,197,2,197,2,2,3611563,dell_r6725,1,320,320,672.0,3125,0.01,1000,135,711,0.0063,0.96
1d185774f8,Seismology,200,10,198,197,2,197,2,2,3611563,lenovo_sr850,1,344,344,688.0,3125,0.01,1000,450,1578,0.0062,3.02
562994dc8d,Seismology,250,1,248,247,2,247,2,2,4575821,lenovo_st45,1,12,12,40.8,3125,0.01,1000,21.5,105,0.1306,12.32
1ef84d4cb4,Seismology,250,1,248,247,2,247,2,2,4575821,lenovo_thinkedge,2,16,32,32.0,3125,0.01,1000,44.7,89,0.0715,11.22
cfe909c9f9,Seismology,250,1,248,247,2,247,2,2,4575821,dell_r6715,1,160,160,336.0,3125,0.01,1000,72.8,374,0.0089,0.96
c2c5083c8b,Seismology,250,1,248,247,2,247,2,2,4575821,dell_r6725,1,320,320,672.0,3125,0.01,1000,135,711,0.0079,1.21
871d803a9a,Seismology,250,1,248,247,2,247,2,2,4575821,lenovo_sr850,1,344,344,688.0,3125,0.01,1000,450,1578,0.0079,3.81
878de0aa46,Seismology,250,2,248,247,2,247,2,2,4591946,lenovo_st45,1,12,12,40.8,3125,0.01,1000,21.5,105,0.1257,11.86
ef9b44f7be,Seismology,250,2,248,247,2,247,2,2,4591946,lenovo_thinkedge,2,16,32,32.0,3125,0.01,1000,44.7,89,0.0685,10.77
628c62e3ce,Seismology,250,2,248,247,2,247,2,2,4591946,dell_r6715,1,160,160,336.0,3125,0.01,1000,72.8,374,0.0088,0.94
b90a0f8028,Seismology,250,2,248,247,2,247,2,2,4591946,dell_r6725,1,320,320,672.0,3125,0.01,1000,135,711,0.0078,1.2
57d92c4289,Seismology,250,2,248,247,2,247,2,2,4591946,lenovo_sr850,1,344,344,688.0,3125,0.01,1000,450,1578,0.0078,3.78
291ce12043,Seismology,250,3,248,247,2,247,2,2,4723270,lenovo_st45,1,12,12,40.8,3125,0.01,1000,21.5,105,0.121,11.69
3f9e181eac,Seismology,250,3,248,247,2,247,2,2,4723270,lenovo_thinkedge,2,16,32,32.0,3125,0.01,1000,44.7,89,0.0626,10.21
7b61053151,Seismology,250,3,248,247,2,247,2,2,4723270,dell_r6715,1,160,160,336.0,3125,0.01,1000,72.8,374,0.009,0.96
1af0130bbe,Seismology,250,3,248,247,2,247,2,2,4723270,dell_r6725,1,320,320,672.0,3125,0.01,1000,135,711,0.0082,1.24
3e0b83916e,Seismology,250,3,248,247,2,247,2,2,4723270,lenovo_sr850,1,344,344,688.0,3125,0.01,1000,450,1578,0.0082,3.92
0656df6336,Seismology,250,4,248,247,2,247,2,2,4486915,lenovo_st45,1,12,12,40.8,3125,0.01,1000,21.5,105,0.1246,11.83
3615705e64,Seismology,250,4,248,247,2,247,2,2,4486915,lenovo_thinkedge,2,16,32,32.0,3125,0.01,1000,44.7,89,0.0655,10.5
668662e52b,Seismology,250,4,248,247,2,247,2,2,4486915,dell_r6715,1,160,160,336.0,3125,0.01,1000,72.8,374,0.0085,0.92
f04080213c,Seismology,250,4,248,247,2,247,2,2,4486915,dell_r6725,1,320,320,672.0,3125,0.01,1000,135,711,0.0078,1.2
5e1808caf2,Seismology,250,4,248,247,2,247,2,2,4486915,lenovo_sr850,1,344,344,688.0,3125,0.01,1000,450,1578,0.0078,3.78
88d192805e,Seismology,250,5,248,247,2,247,2,2,4552809,lenovo_st45,1,12,12,40.8,3125,0.01,1000,21.5,105,0.127,11.9
80f0cfda5e,Seismology,250,5,248,247,2,247,2,2,4552809,lenovo_thinkedge,2,16,32,32.0,3125,0.01,1000,44.7,89,0.0676,10.7
3f7c703b13,Seismology,250,5,248,247,2,247,2,2,4552809,dell_r6715,1,160,160,336.0,3125,0.01,1000,72.8,374,0.0087,0.93
8009d866f3,Seismology,250,5,248,247,2,247,2,2,4552809,dell_r6725,1,320,320,672.0,3125,0.01,1000,135,711,0.0079,1.21
f8ba6213ee,Seismology,250,5,248,247,2,247,2,2,4552809,lenovo_sr850,1,344,344,688.0,3125,0.01,1000,450,1578,0.0079,3.81
0913c635be,Seismology,250,6,248,247,2,247,2,2,4562382,lenovo_st45,1,12,12,40.8,3125,0.01,1000,21.5,105,0.1265,11.69
bc045cf422,Seismology,250,6,248,247,2,247,2,2,4562382,lenovo_thinkedge,2,16,32,32.0,3125,0.01,1000,44.7,89,0.0685,10.68
9fb1a7273c,Seismology,250,6,248,247,2,247,2,2,4562382,dell_r6715,1,160,160,336.0,3125,0.01,1000,72.8,374,0.0089,0.94
874a6cf772,Seismology,250,6,248,247,2,247,2,2,4562382,dell_r6725,1,320,320,672.0,3125,0.01,1000,135,711,0.0079,1.2
5d48084685,Seismology,250,6,248,247,2,247,2,2,4562382,lenovo_sr850,1,344,344,688.0,3125,0.01,1000,450,1578,0.0079,3.79
27bbc40a51,Seismology,250,7,248,247,2,247,2,2,4446818,lenovo_st45,1,12,12,40.8,3125,0.01,1000,21.5,105,0.1244,11.83
ae85258fb4,Seismology,250,7,248,247,2,247,2,2,4446818,lenovo_thinkedge,2,16,32,32.0,3125,0.01,1000,44.7,89,0.0667,10.6
85ef155bff,Seismology,250,7,248,247,2,247,2,2,4446818,dell_r6715,1,160,160,336.0,3125,0.01,1000,72.8,374,0.0086,0.93
c40b90e113,Seismology,250,7,248,247,2,247,2,2,4446818,dell_r6725,1,320,320,672.0,3125,0.01,1000,135,711,0.0077,1.19
7ab6b83cc4,Seismology,250,7,248,247,2,247,2,2,4446818,lenovo_sr850,1,344,344,688.0,3125,0.01,1000,450,1578,0.0077,3.73
3247bf3bf0,Seismology,250,8,248,247,2,247,2,2,4611276,lenovo_st45,1,12,12,40.8,3125,0.01,1000,21.5,105,0.1351,12.73
9181db2a20,Seismology,250,8,248,247,2,247,2,2,4611276,lenovo_thinkedge,2,16,32,32.0,3125,0.01,1000,44.7,89,0.0724,11.46
0f5c504663,Seismology,250,8,248,247,2,247,2,2,4611276,dell_r6715,1,160,160,336.0,3125,0.01,1000,72.8,374,0.009,0.97
42d2d3ece2,Seismology,250,8,248,247,2,247,2,2,4611276,dell_r6725,1,320,320,672.0,3125,0.01,1000,135,711,0.0079,1.22
618da71c7d,Seismology,250,8,248,247,2,247,2,2,4611276,lenovo_sr850,1,344,344,688.0,3125,0.01,1000,450,1578,0.0079,3.84
b2a3eedb31,Seismology,250,9,248,247,2,247,2,2,4471819,lenovo_st45,1,12,12,40.8,3125,0.01,1000,21.5,105,0.1265,11.97
55654cbfc2,Seismology,250,9,248,247,2,247,2,2,4471819,lenovo_thinkedge,2,16,32,32.0,3125,0.01,1000,44.7,89,0.0675,10.72
4cda1aa51d,Seismology,250,9,248,247,2,247,2,2,4471819,dell_r6715,1,160,160,336.0,3125,0.01,1000,72.8,374,0.0087,0.94
9efa2c4d8f,Seismology,250,9,248,247,2,247,2,2,4471819,dell_r6725,1,320,320,672.0,3125,0.01,1000,135,711,0.0078,1.19
759cafb5fa,Seismology,250,9,248,247,2,247,2,2,4471819,lenovo_sr850,1,344,344,688.0,3125,0.01,1000,450,1578,0.0078,3.75
584b6be276,Seismology,250,10,248,247,2,247,2,2,4506353,lenovo_st45,1,12,12,40.8,3125,0.01,1000,21.5,105,0.1183,11.22
280a33bdce,Seismology,250,10,248,247,2,247,2,2,4506353,lenovo_thinkedge,2,16,32,32.0,3125,0.01,1000,44.7,89,0.0661,10.31
10115ecd90,Seismology,250,10,248,247,2,247,2,2,4506353,dell_r6715,1,160,160,336.0,3125,0.01,1000,72.8,374,0.0089,0.94
8912de3e4f,Seismology,250,10,248,247,2,247,2,2,4506353,dell_r6725,1,320,320,672.0,3125,0.01,1000,135,711,0.0078,1.19
b4cd70399e,Seismology,250,10,248,247,2,247,2,2,4506353,lenovo_sr850,1,344,344,688.0,3125,0.01,1000,450,1578,0.0078,3.75
056eaadeb9,Seismology,300,1,298,297,2,297,2,2,5311789,lenovo_st45,1,12,12,40.8,3125,0.01,1000,21.5,105,0.1462,13.92
cad1cbdc0f,Seismology,300,1,298,297,2,297,2,2,5311789,lenovo_thinkedge,2,16,32,32.0,3125,0.01,1000,44.7,89,0.0804,12.65
04bc00d4b3,Seismology,300,1,298,297,2,297,2,2,5311789,dell_r6715,1,160,160,336.0,3125,0.01,1000,72.8,374,0.01,1.08
78f6908797,Seismology,300,1,298,297,2,297,2,2,5311789,dell_r6725,1,320,320,672.0,3125,0.01,1000,135,711,0.0092,1.4
39ed63b5fc,Seismology,300,1,298,297,2,297,2,2,5311789,lenovo_sr850,1,344,344,688.0,3125,0.01,1000,450,1578,0.0092,4.42
fc8fa01fe3,Seismology,300,2,298,297,2,297,2,2,5475666,lenovo_st45,1,12,12,40.8,3125,0.01,1000,21.5,105,0.1497,14.34
3d82d8b2f7,Seismology,300,2,298,297,2,297,2,2,5475666,lenovo_thinkedge,2,16,32,32.0,3125,0.01,1000,44.7,89,0.079,12.71
40ab1d337b,Seismology,300,2,298,297,2,297,2,2,5475666,dell_r6715,1,160,160,336.0,3125,0.01,1000,72.8,374,0.0102,1.11
a153c75441,Seismology,300,2,298,297,2,297,2,2,5475666,dell_r6725,1,320,320,672.0,3125,0.01,1000,135,711,0.0095,1.46
d39f79de1d,Seismology,300,2,298,297,2,297,2,2,5475666,lenovo_sr850,1,344,344,688.0,3125,0.01,1000,450,1578,0.0095,4.58
c680a18cfd,Seismology,300,3,298,297,2,297,2,2,5515450,lenovo_st45,1,12,12,40.8,3125,0.01,1000,21.5,105,0.1392,13.23
323628c4b0,Seismology,300,3,298,297,2,297,2,2,5515450,lenovo_thinkedge,2,16,32,32.0,3125,0.01,1000,44.7,89,0.075,11.9
794fa69c02,Seismology,300,3,298,297,2,297,2,2,5515450,dell_r6715,1,160,160,336.0,3125,0.01,1000,72.8,374,0.0102,1.08
589f2361e6,Seismology,300,3,298,297,2,297,2,2,5515450,dell_r6725,1,320,320,672.0,3125,0.01,1000,135,711,0.0095,1.44
bc5cf26ee5,Seismology,300,3,298,297,2,297,2,2,5515450,lenovo_sr850,1,344,344,688.0,3125,0.01,1000,450,1578,0.0095,4.56
02921f9c62,Seismology,300,4,298,297,2,297,2,2,5308076,lenovo_st45,1,12,12,40.8,3125,0.01,1000,21.5,105,0.1499,14.18
efe6430267,Seismology,300,4,298,297,2,297,2,2,5308076,lenovo_thinkedge,2,16,32,32.0,3125,0.01,1000,44.7,89,0.0796,12.68
3cbefb6aac,Seismology,300,4,298,297,2,297,2,2,5308076,dell_r6715,1,160,160,336.0,3125,0.01,1000,72.8,374,0.0098,1.08
48bf716cb2,Seismology,300,4,298,297,2,297,2,2,5308076,dell_r6725,1,320,320,672.0,3125,0.01,1000,135,711,0.0093,1.42
0930fe845a,Seismology,300,4,298,297,2,297,2,2,5308076,lenovo_sr850,1,344,344,688.0,3125,0.01,1000,450,1578,0.0093,4.48
476e8ae925,Seismology,300,5,298,297,2,297,2,2,5622698,lenovo_st45,1,12,12,40.8,3125,0.01,1000,21.5,105,0.1554,14.85
bb2ad38e61,Seismology,300,5,298,297,2,297,2,2,5622698,lenovo_thinkedge,2,16,32,32.0,3125,0.01,1000,44.7,89,0.0814,13.12
1c3d5e9a31,Seismology,300,5,298,297,2,297,2,2,5622698,dell_r6715,1,160,160,336.0,3125,0.01,1000,72.8,374,0.0103,1.13
a1546084f8,Seismology,300,5,298,297,2,297,2,2,5622698,dell_r6725,1,320,320,672.0,3125,0.01,1000,135,711,0.0097,1.49
f4323c9cb9,Seismology,300,5,298,297,2,297,2,2,5622698,lenovo_sr850,1,344,344,688.0,3125,0.01,1000,450,1578,0.0097,4.7
d37181a03c,Seismology,300,6,298,297,2,297,2,2,5264138,lenovo_st45,1,12,12,40.8,3125,0.01,1000,21.5,105,0.1422,13.54
6e7ef65264,Seismology,300,6,298,297,2,297,2,2,5264138,lenovo_thinkedge,2,16,32,32.0,3125,0.01,1000,44.7,89,0.075,12.02
c97b969cac,Seismology,300,6,298,297,2,297,2,2,5264138,dell_r6715,1,160,160,336.0,3125,0.01,1000,72.8,374,0.01,1.07
731b6e1cdb,Seismology,300,6,298,297,2,297,2,2,5264138,dell_r6725,1,320,320,672.0,3125,0.01,1000,135,711,0.0091,1.39
82f35e70d6,Seismology,300,6,298,297,2,297,2,2,5264138,lenovo_sr850,1,344,344,688.0,3125,0.01,1000,450,1578,0.0091,4.37
d0d1162c05,Seismology,300,7,298,297,2,297,2,2,5561946,lenovo_st45,1,12,12,40.8,3125,0.01,1000,21.5,105,0.1403,13.34
ed14b99fb5,Seismology,300,7,298,297,2,297,2,2,5561946,lenovo_thinkedge,2,16,32,32.0,3125,0.01,1000,44.7,89,0.0756,12.0
d2fead9ae3,Seismology,300,7,298,297,2,297,2,2,5561946,dell_r6715,1,160,160,336.0,3125,0.01,1000,72.8,374,0.0104,1.09
4bb6cb5f9e,Seismology,300,7,298,297,2,297,2,2,5561946,dell_r6725,1,320,320,672.0,3125,0.01,1000,135,711,0.0095,1.44
dedb672ff7,Seismology,300,7,298,297,2,297,2,2,5561946,lenovo_sr850,1,344,344,688.0,3125,0.01,1000,450,1578,0.0095,4.55
af61528ff0,Seismology,300,8,298,297,2,297,2,2,5453603,lenovo_st45,1,12,12,40.8,3125,0.01,1000,21.5,105,0.1473,14.11
33d7487524,Seismology,300,8,298,297,2,297,2,2,5453603,lenovo_thinkedge,2,16,32,32.0,3125,0.01,1000,44.7,89,0.0784,12.56
96f7c32604,Seismology,300,8,298,297,2,297,2,2,5453603,dell_r6715,1,160,160,336.0,3125,0.01,1000,72.8,374,0.0105,1.12
44b701082d,Seismology,300,8,298,297,2,297,2,2,5453603,dell_r6725,1,320,320,672.0,3125,0.01,1000,135,711,0.0094,1.44
94224955b5,Seismology,300,8,298,297,2,297,2,2,5453603,lenovo_sr850,1,344,344,688.0,3125,0.01,1000,450,1578,0.0094,4.53
6bbbc99264,Seismology,300,9,298,297,2,297,2,2,5418275,lenovo_st45,1,12,12,40.8,3125,0.01,1000,21.5,105,0.146,14.15
faf14d4abd,Seismology,300,9,298,297,2,297,2,2,5418275,lenovo_thinkedge,2,16,32,32.0,3125,0.01,1000,44.7,89,0.0771,12.48
e055915a6b,Seismology,300,9,298,297,2,297,2,2,5418275,dell_r6715,1,160,160,336.0,3125,0.01,1000,72.8,374,0.0102,1.1
fda2db4179,Seismology,300,9,298,297,2,297,2,2,5418275,dell_r6725,1,320,320,672.0,3125,0.01,1000,135,711,0.0093,1.42
8e1e3bea17,Seismology,300,9,298,297,2,297,2,2,5418275,lenovo_sr850,1,344,344,688.0,3125,0.01,1000,450,1578,0.0093,4.48
c7c66e7bab,Seismology,300,10,298,297,2,297,2,2,5319074,lenovo_st45,1,12,12,40.8,3125,0.01,1000,21.5,105,0.1416,13.62
8231a402e4,Seismology,300,10,298,297,2,297,2,2,5319074,lenovo_thinkedge,2,16,32,32.0,3125,0.01,1000,44.7,89,0.075,12.07
7d75e71322,Seismology,300,10,298,297,2,297,2,2,5319074,dell_r6715,1,160,160,336.0,3125,0.01,1000,72.8,374,0.0101,1.08
7638631b48,Seismology,300,10,298,297,2,297,2,2,5319074,dell_r6725,1,320,320,672.0,3125,0.01,1000,135,711,0.0092,1.4
4a900f2df1,Seismology,300,10,298,297,2,297,2,2,5319074,lenovo_sr850,1,344,344,688.0,3125,0.01,1000,450,1578,0.0092,4.42
f8708e079b,Seismology,400,1,398,397,2,397,2,2,7414154,lenovo_st45,1,12,12,40.8,3125,0.01,1000,21.5,105,0.199,19.12
a108cc64da,Seismology,400,1,398,397,2,397,2,2,7414154,lenovo_thinkedge,2,16,32,32.0,3125,0.01,1000,44.7,89,0.1038,16.81
8144aadb5d,Seismology,400,1,398,397,2,397,2,2,7414154,dell_r6715,1,160,160,336.0,3125,0.01,1000,72.8,374,0.0135,1.47
8426911623,Seismology,400,1,398,397,2,397,2,2,7414154,dell_r6725,1,320,320,672.0,3125,0.01,1000,135,711,0.0129,1.97
46ff60d260,Seismology,400,1,398,397,2,397,2,2,7414154,lenovo_sr850,1,344,344,688.0,3125,0.01,1000,450,1578,0.0127,6.15
b62b9433e4,Seismology,400,2,398,397,2,397,2,2,7401028,lenovo_st45,1,12,12,40.8,3125,0.01,1000,21.5,105,0.1997,19.28
c0067414f6,Seismology,400,2,398,397,2,397,2,2,7401028,lenovo_thinkedge,2,16,32,32.0,3125,0.01,1000,44.7,89,0.104,16.9
d110e42803,Seismology,400,2,398,397,2,397,2,2,7401028,dell_r6715,1,160,160,336.0,3125,0.01,1000,72.8,374,0.0135,1.47
a01bb4e7bf,Seismology,400,2,398,397,2,397,2,2,7401028,dell_r6725,1,320,320,672.0,3125,0.01,1000,135,711,0.013,1.99
3f181dd90a,Seismology,400,2,398,397,2,397,2,2,7401028,lenovo_sr850,1,344,344,688.0,3125,0.01,1000,450,1578,0.0129,6.24
1e89fcb725,Seismology,400,3,398,397,2,397,2,2,7279271,lenovo_st45,1,12,12,40.8,3125,0.01,1000,21.5,105,0.2028,19.69
500f2b780e,Seismology,400,3,398,397,2,397,2,2,7279271,lenovo_thinkedge,2,16,32,32.0,3125,0.01,1000,44.7,89,0.1065,17.3
5b5049320c,Seismology,400,3,398,397,2,397,2,2,7279271,dell_r6715,1,160,160,336.0,3125,0.01,1000,72.8,374,0.0131,1.46
c1e18e16b0,Seismology,400,3,398,397,2,397,2,2,7279271,dell_r6725,1,320,320,672.0,3125,0.01,1000,135,711,0.0129,1.98
a87532ff1b,Seismology,400,3,398,397,2,397,2,2,7279271,lenovo_sr850,1,344,344,688.0,3125,0.01,1000,450,1578,0.0128,6.21
42e5cc9168,Seismology,400,4,398,397,2,397,2,2,7423740,lenovo_st45,1,12,12,40.8,3125,0.01,1000,21.5,105,0.1955,18.68
8e36c8f5df,Seismology,400,4,398,397,2,397,2,2,7423740,lenovo_thinkedge,2,16,32,32.0,3125,0.01,1000,44.7,89,0.1037,16.62
adcbe8af5a,Seismology,400,4,398,397,2,397,2,2,7423740,dell_r6715,1,160,160,336.0,3125,0.01,1000,72.8,374,0.0134,1.45
0dd18c2c49,Seismology,400,4,398,397,2,397,2,2,7423740,dell_r6725,1,320,320,672.0,3125,0.01,1000,135,711,0.0126,1.93
c7a26af386,Seismology,400,4,398,397,2,397,2,2,7423740,lenovo_sr850,1,344,344,688.0,3125,0.01,1000,450,1578,0.0126,6.06
0f736d496c,Seismology,400,5,398,397,2,397,2,2,7247825,lenovo_st45,1,12,12,40.8,3125,0.01,1000,21.5,105,0.2,19.52
a6ee99e233,Seismology,400,5,398,397,2,397,2,2,7247825,lenovo_thinkedge,2,16,32,32.0,3125,0.01,1000,44.7,89,0.1042,17.04
e8169b692a,Seismology,400,5,398,397,2,397,2,2,7247825,dell_r6715,1,160,160,336.0,3125,0.01,1000,72.8,374,0.0132,1.46
c9be7ef282,Seismology,400,5,398,397,2,397,2,2,7247825,dell_r6725,1,320,320,672.0,3125,0.01,1000,135,711,0.0127,1.95
87a27b3558,Seismology,400,5,398,397,2,397,2,2,7247825,lenovo_sr850,1,344,344,688.0,3125,0.01,1000,450,1578,0.0125,6.04
324c0ca5e1,Seismology,400,6,398,397,2,397,2,2,7271369,lenovo_st45,1,12,12,40.8,3125,0.01,1000,21.5,105,0.1953,18.62
4b6be17feb,Seismology,400,6,398,397,2,397,2,2,7271369,lenovo_thinkedge,2,16,32,32.0,3125,0.01,1000,44.7,89,0.1031,16.53
c1c8b64719,Seismology,400,6,398,397,2,397,2,2,7271369,dell_r6715,1,160,160,336.0,3125,0.01,1000,72.8,374,0.0136,1.47
a8c66192c7,Seismology,400,6,398,397,2,397,2,2,7271369,dell_r6725,1,320,320,672.0,3125,0.01,1000,135,711,0.013,1.98
4d3d412ea5,Seismology,400,6,398,397,2,397,2,2,7271369,lenovo_sr850,1,344,344,688.0,3125,0.01,1000,450,1578,0.013,6.24
366e56bdac,Seismology,400,7,398,397,2,397,2,2,7348487,lenovo_st45,1,12,12,40.8,3125,0.01,1000,21.5,105,0.1968,18.94
71d45f9360,Seismology,400,7,398,397,2,397,2,2,7348487,lenovo_thinkedge,2,16,32,32.0,3125,0.01,1000,44.7,89,0.1027,16.64
3bede6605d,Seismology,400,7,398,397,2,397,2,2,7348487,dell_r6715,1,160,160,336.0,3125,0.01,1000,72.8,374,0.0129,1.42
100c525fa0,Seismology,400,7,398,397,2,397,2,2,7348487,dell_r6725,1,320,320,672.0,3125,0.01,1000,135,711,0.0125,1.92
f7f16e0dcb,Seismology,400,7,398,397,2,397,2,2,7348487,lenovo_sr850,1,344,344,688.0,3125,0.01,1000,450,1578,0.0125,6.04
89ba01c1d5,Seismology,400,8,398,397,2,397,2,2,7481141,lenovo_st45,1,12,12,40.8,3125,0.01,1000,21.5,105,0.1944,18.57
ab7d77e7f1,Seismology,400,8,398,397,2,397,2,2,7481141,lenovo_thinkedge,2,16,32,32.0,3125,0.01,1000,44.7,89,0.1025,16.46
bc4d15f948,Seismology,400,8,398,397,2,397,2,2,7481141,dell_r6715,1,160,160,336.0,3125,0.01,1000,72.8,374,0.0138,1.48
44af2db8e4,Seismology,400,8,398,397,2,397,2,2,7481141,dell_r6725,1,320,320,672.0,3125,0.01,1000,135,711,0.0131,1.99
3a5d219481,Seismology,400,8,398,397,2,397,2,2,7481141,lenovo_sr850,1,344,344,688.0,3125,0.01,1000,450,1578,0.0131,6.29
74311844ec,Seismology,400,9,398,397,2,397,2,2,7121138,lenovo_st45,1,12,12,40.8,3125,0.01,1000,21.5,105,0.1941,18.61
7cf963b8f1,Seismology,400,9,398,397,2,397,2,2,7121138,lenovo_thinkedge,2,16,32,32.0,3125,0.01,1000,44.7,89,0.0991,16.18
0ebf144bbd,Seismology,400,9,398,397,2,397,2,2,7121138,dell_r6715,1,160,160,336.0,3125,0.01,1000,72.8,374,0.0128,1.4
b75ef5a8d8,Seismology,400,9,398,397,2,397,2,2,7121138,dell_r6725,1,320,320,672.0,3125,0.01,1000,135,711,0.0124,1.9
c8e1d4839b,Seismology,400,9,398,397,2,397,2,2,7121138,lenovo_sr850,1,344,344,688.0,3125,0.01,1000,450,1578,0.0123,5.95
a07f80ad6c,Seismology,400,10,398,397,2,397,2,2,7092956,lenovo_st45,1,12,12,40.8,3125,0.01,1000,21.5,105,0.1889,18.35
349e9efc8a,Seismology,400,10,398,397,2,397,2,2,7092956,lenovo_thinkedge,2,16,32,32.0,3125,0.01,1000,44.7,89,0.0973,15.94
8995959963,Seismology,400,10,398,397,2,397,2,2,7092956,dell_r6715,1,160,160,336.0,3125,0.01,1000,72.8,374,0.0126,1.39
7a8a85077c,Seismology,400,10,398,397,2,397,2,2,7092956,dell_r6725,1,320,320,672.0,3125,0.01,1000,135,711,0.012,1.84
2aa9db807a,Seismology,400,10,398,397,2,397,2,2,7092956,lenovo_sr850,1,344,344,688.0,3125,0.01,1000,450,1578,0.012,5.78
b32f2af6d9,Seismology,500,1,498,497,2,497,2,2,9515883,lenovo_st45,1,12,12,40.8,3125,0.01,1000,21.5,105,0.2534,24.68
9d3cd6ce76,Seismology,500,1,498,497,2,497,2,2,9515883,lenovo_thinkedge,2,16,32,32.0,3125,0.01,1000,44.7,89,0.1302,21.39
b363b76253,Seismology,500,1,498,497,2,497,2,2,9515883,dell_r6715,1,160,160,336.0,3125,0.01,1000,72.8,374,0.0169,1.86
da2b31e333,Seismology,500,1,498,497,2,497,2,2,9515883,dell_r6725,1,320,320,672.0,3125,0.01,1000,135,711,0.016,2.46
491a7d204b,Seismology,500,1,498,497,2,497,2,2,9515883,lenovo_sr850,1,344,344,688.0,3125,0.01,1000,450,1578,0.016,7.75
6edd87ae3c,Seismology,500,2,498,497,2,497,2,2,9112574,lenovo_st45,1,12,12,40.8,3125,0.01,1000,21.5,105,0.2431,23.6
8676c3e0fd,Seismology,500,2,498,497,2,497,2,2,9112574,lenovo_thinkedge,2,16,32,32.0,3125,0.01,1000,44.7,89,0.1268,20.66
2a216bf185,Seismology,500,2,498,497,2,497,2,2,9112574,dell_r6715,1,160,160,336.0,3125,0.01,1000,72.8,374,0.0161,1.77
1e86f0bc52,Seismology,500,2,498,497,2,497,2,2,9112574,dell_r6725,1,320,320,672.0,3125,0.01,1000,135,711,0.0154,2.37
f028df869c,Seismology,500,2,498,497,2,497,2,2,9112574,lenovo_sr850,1,344,344,688.0,3125,0.01,1000,450,1578,0.0154,7.45
7cae099dde,Seismology,500,3,498,497,2,497,2,2,9171084,lenovo_st45,1,12,12,40.8,3125,0.01,1000,21.5,105,0.248,23.98
c20448940b,Seismology,500,3,498,497,2,497,2,2,9171084,lenovo_thinkedge,2,16,32,32.0,3125,0.01,1000,44.7,89,0.1257,20.69
d132eba196,Seismology,500,3,498,497,2,497,2,2,9171084,dell_r6715,1,160,160,336.0,3125,0.01,1000,72.8,374,0.0162,1.79
7707168951,Seismology,500,3,498,497,2,497,2,2,9171084,dell_r6725,1,320,320,672.0,3125,0.01,1000,135,711,0.0155,2.38
bf081a2aaf,Seismology,500,3,498,497,2,497,2,2,9171084,lenovo_sr850,1,344,344,688.0,3125,0.01,1000,450,1578,0.0155,7.51
5064c3a152,Seismology,500,4,498,497,2,497,2,2,9132183,lenovo_st45,1,12,12,40.8,3125,0.01,1000,21.5,105,0.2431,23.43
60a4046f5d,Seismology,500,4,498,497,2,497,2,2,9132183,lenovo_thinkedge,2,16,32,32.0,3125,0.01,1000,44.7,89,0.1256,20.46
4199ee6385,Seismology,500,4,498,497,2,497,2,2,9132183,dell_r6715,1,160,160,336.0,3125,0.01,1000,72.8,374,0.0163,1.78
a59d94a20d,Seismology,500,4,498,497,2,497,2,2,9132183,dell_r6725,1,320,320,672.0,3125,0.01,1000,135,711,0.0155,2.38
abf972e55f,Seismology,500,4,498,497,2,497,2,2,9132183,lenovo_sr850,1,344,344,688.0,3125,0.01,1000,450,1578,0.0155,7.49
839ed489df,Seismology,500,5,498,497,2,497,2,2,9014334,lenovo_st45,1,12,12,40.8,3125,0.01,1000,21.5,105,0.2448,23.73
23cff1e6b1,Seismology,500,5,498,497,2,497,2,2,9014334,lenovo_thinkedge,2,16,32,32.0,3125,0.01,1000,44.7,89,0.1268,20.7
10260876f7,Seismology,500,5,498,497,2,497,2,2,9014334,dell_r6715,1,160,160,336.0,3125,0.01,1000,72.8,374,0.0163,1.79
8e28e41480,Seismology,500,5,498,497,2,497,2,2,9014334,dell_r6725,1,320,320,672.0,3125,0.01,1000,135,711,0.0155,2.38
08468b53bf,Seismology,500,5,498,497,2,497,2,2,9014334,lenovo_sr850,1,344,344,688.0,3125,0.01,1000,450,1578,0.0155,7.5
5060e4559a,Seismology,500,6,498,497,2,497,2,2,9114646,lenovo_st45,1,12,12,40.8,3125,0.01,1000,21.5,105,0.2495,24.4
97e6b7cf74,Seismology,500,6,498,497,2,497,2,2,9114646,lenovo_thinkedge,2,16,32,32.0,3125,0.01,1000,44.7,89,0.1267,20.98
f70a5d3afe,Seismology,500,6,498,497,2,497,2,2,9114646,dell_r6715,1,160,160,336.0,3125,0.01,1000,72.8,374,0.0162,1.8
7da01a1d92,Seismology,500,6,498,497,2,497,2,2,9114646,dell_r6725,1,320,320,672.0,3125,0.01,1000,135,711,0.0155,2.4
1a31cee9aa,Seismology,500,6,498,497,2,497,2,2,9114646,lenovo_sr850,1,344,344,688.0,3125,0.01,1000,450,1578,0.0156,7.54
cdd17ed46b,Seismology,500,7,498,497,2,497,2,2,9012911,lenovo_st45,1,12,12,40.8,3125,0.01,1000,21.5,105,0.2485,24.06
64268708ea,Seismology,500,7,498,497,2,497,2,2,9012911,lenovo_thinkedge,2,16,32,32.0,3125,0.01,1000,44.7,89,0.1284,20.97
3bda70b592,Seismology,500,7,498,497,2,497,2,2,9012911,dell_r6715,1,160,160,336.0,3125,0.01,1000,72.8,374,0.0159,1.77
11d113b491,Seismology,500,7,498,497,2,497,2,2,9012911,dell_r6725,1,320,320,672.0,3125,0.01,1000,135,711,0.0153,2.36
9c122e0c52,Seismology,500,7,498,497,2,497,2,2,9012911,lenovo_sr850,1,344,344,688.0,3125,0.01,1000,450,1578,0.0153,7.41
bf2984b024,Seismology,500,8,498,497,2,497,2,2,8955758,lenovo_st45,1,12,12,40.8,3125,0.01,1000,21.5,105,0.2499,24.01
bd3d316b5e,Seismology,500,8,498,497,2,497,2,2,8955758,lenovo_thinkedge,2,16,32,32.0,3125,0.01,1000,44.7,89,0.1291,20.99
992f3753ef,Seismology,500,8,498,497,2,497,2,2,8955758,dell_r6715,1,160,160,336.0,3125,0.01,1000,72.8,374,0.0161,1.79
49ea0f39a4,Seismology,500,8,498,497,2,497,2,2,8955758,dell_r6725,1,320,320,672.0,3125,0.01,1000,135,711,0.0154,2.37
a0169191bd,Seismology,500,8,498,497,2,497,2,2,8955758,lenovo_sr850,1,344,344,688.0,3125,0.01,1000,450,1578,0.0154,7.47
b85ff851ed,Seismology,500,9,498,497,2,497,2,2,8877460,lenovo_st45,1,12,12,40.8,3125,0.01,1000,21.5,105,0.2402,23.41
fa72a495c1,Seismology,500,9,498,497,2,497,2,2,8877460,lenovo_thinkedge,2,16,32,32.0,3125,0.01,1000,44.7,89,0.1237,20.32
b054e6f282,Seismology,500,9,498,497,2,497,2,2,8877460,dell_r6715,1,160,160,336.0,3125,0.01,1000,72.8,374,0.0157,1.74
154c51dcc7,Seismology,500,9,498,497,2,497,2,2,8877460,dell_r6725,1,320,320,672.0,3125,0.01,1000,135,711,0.015,2.32
bbb0bca240,Seismology,500,9,498,497,2,497,2,2,8877460,lenovo_sr850,1,344,344,688.0,3125,0.01,1000,450,1578,0.015,7.27
f18091a0c4,Seismology,500,10,498,497,2,497,2,2,9226220,lenovo_st45,1,12,12,40.8,3125,0.01,1000,21.5,105,0.2457,23.73
29bb56f4a4,Seismology,500,10,498,497,2,497,2,2,9226220,lenovo_thinkedge,2,16,32,32.0,3125,0.01,1000,44.7,89,0.1246,20.5
dc817c6659,Seismology,500,10,498,497,2,497,2,2,9226220,dell_r6715,1,160,160,336.0,3125,0.01,1000,72.8,374,0.0164,1.8
f6c573aadc,Seismology,500,10,498,497,2,497,2,2,9226220,dell_r6725,1,320,320,672.0,3125,0.01,1000,135,711,0.0159,2.44
5b594c6348,Seismology,500,10,498,497,2,497,2,2,9226220,lenovo_sr850,1,344,344,688.0,3125,0.01,1000,450,1578,0.016,7.7
24814d654e,Seismology,700,1,698,697,2,697,2,2,12898830,lenovo_st45,1,12,12,40.8,3125,0.01,1000,21.5,105,0.3259,31.76
007aaf60e4,Seismology,700,1,698,697,2,697,2,2,12898830,lenovo_thinkedge,2,16,32,32.0,3125,0.01,1000,44.7,89,0.1642,27.24
b45fc436c5,Seismology,700,1,698,697,2,697,2,2,12898830,dell_r6715,1,160,160,336.0,3125,0.01,1000,72.8,374,0.022,2.42
60314ee14e,Seismology,700,1,698,697,2,697,2,2,12898830,dell_r6725,1,320,320,672.0,3125,0.01,1000,135,711,0.0217,3.32
f29c575ea4,Seismology,700,1,698,697,2,697,2,2,12898830,lenovo_sr850,1,344,344,688.0,3125,0.01,1000,450,1578,0.0217,10.47
48b00a726a,Seismology,700,2,698,697,2,697,2,2,12823456,lenovo_st45,1,12,12,40.8,3125,0.01,1000,21.5,105,0.3485,33.57
a5c701dddc,Seismology,700,2,698,697,2,697,2,2,12823456,lenovo_thinkedge,2,16,32,32.0,3125,0.01,1000,44.7,89,0.1775,29.1
33191f271d,Seismology,700,2,698,697,2,697,2,2,12823456,dell_r6715,1,160,160,336.0,3125,0.01,1000,72.8,374,0.0222,2.47
928ed19993,Seismology,700,2,698,697,2,697,2,2,12823456,dell_r6725,1,320,320,672.0,3125,0.01,1000,135,711,0.0216,3.32
957d5d7fea,Seismology,700,2,698,697,2,697,2,2,12823456,lenovo_sr850,1,344,344,688.0,3125,0.01,1000,450,1578,0.0216,10.44
dc881cda16,Seismology,700,3,698,697,2,697,2,2,12623748,lenovo_st45,1,12,12,40.8,3125,0.01,1000,21.5,105,0.3414,33.38
a40a542d79,Seismology,700,3,698,697,2,697,2,2,12623748,lenovo_thinkedge,2,16,32,32.0,3125,0.01,1000,44.7,89,0.171,28.5
a1714ca242,Seismology,700,3,698,697,2,697,2,2,12623748,dell_r6715,1,160,160,336.0,3125,0.01,1000,72.8,374,0.0219,2.45
13cfed8168,Seismology,700,3,698,697,2,697,2,2,12623748,dell_r6725,1,320,320,672.0,3125,0.01,1000,135,711,0.0214,3.29
dd27e3e14b,Seismology,700,3,698,697,2,697,2,2,12623748,lenovo_sr850,1,344,344,688.0,3125,0.01,1000,450,1578,0.0214,10.34
1c47f3caa4,Seismology,700,4,698,697,2,697,2,2,12734510,lenovo_st45,1,12,12,40.8,3125,0.01,1000,21.5,105,0.3454,33.74
c7b2cc525b,Seismology,700,4,698,697,2,697,2,2,12734510,lenovo_thinkedge,2,16,32,32.0,3125,0.01,1000,44.7,89,0.173,28.82
a10752bb66,Seismology,700,4,698,697,2,697,2,2,12734510,dell_r6715,1,160,160,336.0,3125,0.01,1000,72.8,374,0.0223,2.49
727d1489ed,Seismology,700,4,698,697,2,697,2,2,12734510,dell_r6725,1,320,320,672.0,3125,0.01,1000,135,711,0.0214,3.3
20c7bcc169,Seismology,700,4,698,697,2,697,2,2,12734510,lenovo_sr850,1,344,344,688.0,3125,0.01,1000,450,1578,0.0214,10.37
7e98d4bbb2,Seismology,700,5,698,697,2,697,2,2,12626990,lenovo_st45,1,12,12,40.8,3125,0.01,1000,21.5,105,0.3337,32.46
eb65ba1fab,Seismology,700,5,698,697,2,697,2,2,12626990,lenovo_thinkedge,2,16,32,32.0,3125,0.01,1000,44.7,89,0.1691,27.95
673ed851da,Seismology,700,5,698,697,2,697,2,2,12626990,dell_r6715,1,160,160,336.0,3125,0.01,1000,72.8,374,0.0217,2.41
100ee0483b,Seismology,700,5,698,697,2,697,2,2,12626990,dell_r6725,1,320,320,672.0,3125,0.01,1000,135,711,0.0212,3.25
d8756d7eeb,Seismology,700,5,698,697,2,697,2,2,12626990,lenovo_sr850,1,344,344,688.0,3125,0.01,1000,450,1578,0.0212,10.22
eeeb391c01,Seismology,700,6,698,697,2,697,2,2,12822049,lenovo_st45,1,12,12,40.8,3125,0.01,1000,21.5,105,0.3248,31.53
ca96b93a96,Seismology,700,6,698,697,2,697,2,2,12822049,lenovo_thinkedge,2,16,32,32.0,3125,0.01,1000,44.7,89,0.1666,27.35
d7297b5cce,Seismology,700,6,698,697,2,697,2,2,12822049,dell_r6715,1,160,160,336.0,3125,0.01,1000,72.8,374,0.0225,2.45
408ecd3497,Seismology,700,6,698,697,2,697,2,2,12822049,dell_r6725,1,320,320,672.0,3125,0.01,1000,135,711,0.0219,3.34
1ae123435f,Seismology,700,6,698,697,2,697,2,2,12822049,lenovo_sr850,1,344,344,688.0,3125,0.01,1000,450,1578,0.0218,10.49
0a7a328922,Seismology,700,7,698,697,2,697,2,2,12603257,lenovo_st45,1,12,12,40.8,3125,0.01,1000,21.5,105,0.3465,33.77
53f742c39a,Seismology,700,7,698,697,2,697,2,2,12603257,lenovo_thinkedge,2,16,32,32.0,3125,0.01,1000,44.7,89,0.1729,28.81
5d06782960,Seismology,700,7,698,697,2,697,2,2,12603257,dell_r6715,1,160,160,336.0,3125,0.01,1000,72.8,374,0.0222,2.48
5868956b52,Seismology,700,7,698,697,2,697,2,2,12603257,dell_r6725,1,320,320,672.0,3125,0.01,1000,135,711,0.0214,3.31
2e278d9ef1,Seismology,700,7,698,697,2,697,2,2,12603257,lenovo_sr850,1,344,344,688.0,3125,0.01,1000,450,1578,0.0214,10.35
7d381abb91,Seismology,700,8,698,697,2,697,2,2,12791416,lenovo_st45,1,12,12,40.8,3125,0.01,1000,21.5,105,0.3404,33.19
3b60f1941b,Seismology,700,8,698,697,2,697,2,2,12791416,lenovo_thinkedge,2,16,32,32.0,3125,0.01,1000,44.7,89,0.1726,28.56
98497eb635,Seismology,700,8,698,697,2,697,2,2,12791416,dell_r6715,1,160,160,336.0,3125,0.01,1000,72.8,374,0.0225,2.48
0ff2b0419d,Seismology,700,8,698,697,2,697,2,2,12791416,dell_r6725,1,320,320,672.0,3125,0.01,1000,135,711,0.0218,3.35
2847be6bd9,Seismology,700,8,698,697,2,697,2,2,12791416,lenovo_sr850,1,344,344,688.0,3125,0.01,1000,450,1578,0.0218,10.52
467e97ef05,Seismology,700,9,698,697,2,697,2,2,12486550,lenovo_st45,1,12,12,40.8,3125,0.01,1000,21.5,105,0.3402,33.31
0cd2424c06,Seismology,700,9,698,697,2,697,2,2,12486550,lenovo_thinkedge,2,16,32,32.0,3125,0.01,1000,44.7,89,0.173,28.65
6c71a1af4f,Seismology,700,9,698,697,2,697,2,2,12486550,dell_r6715,1,160,160,336.0,3125,0.01,1000,72.8,374,0.0221,2.46
6c788c773f,Seismology,700,9,698,697,2,697,2,2,12486550,dell_r6725,1,320,320,672.0,3125,0.01,1000,135,711,0.0212,3.27
a618d41a80,Seismology,700,9,698,697,2,697,2,2,12486550,lenovo_sr850,1,344,344,688.0,3125,0.01,1000,450,1578,0.0211,10.21
229e0d7816,Seismology,700,10,698,697,2,697,2,2,12718433,lenovo_st45,1,12,12,40.8,3125,0.01,1000,21.5,105,0.3301,32.12
52a54bdeb1,Seismology,700,10,698,697,2,697,2,2,12718433,lenovo_thinkedge,2,16,32,32.0,3125,0.01,1000,44.7,89,0.1692,27.81
4b1ca9c6f8,Seismology,700,10,698,697,2,697,2,2,12718433,dell_r6715,1,160,160,336.0,3125,0.01,1000,72.8,374,0.0222,2.44
4adaeb1b8b,Seismology,700,10,698,697,2,697,2,2,12718433,dell_r6725,1,320,320,672.0,3125,0.01,1000,135,711,0.0216,3.31
e61749f45c,Seismology,700,10,698,697,2,697,2,2,12718433,lenovo_sr850,1,344,344,688.0,3125,0.01,1000,450,1578,0.0215,10.38
6fd34a7a45,Seismology,1000,1,998,997,2,997,2,2,18046912,lenovo_st45,1,12,12,40.8,3125,0.01,1000,21.5,105,0.4715,46.11
38fece0f40,Seismology,1000,1,998,997,2,997,2,2,18046912,lenovo_thinkedge,2,16,32,32.0,3125,0.01,1000,44.7,89,0.2377,39.5
d41eb3834f,Seismology,1000,1,998,997,2,997,2,2,18046912,dell_r6715,1,160,160,336.0,3125,0.01,1000,72.8,374,0.031,3.44
d8b813ba59,Seismology,1000,1,998,997,2,997,2,2,18046912,dell_r6725,1,320,320,672.0,3125,0.01,1000,135,711,0.03,4.62
3c986d6f41,Seismology,1000,1,998,997,2,997,2,2,18046912,lenovo_sr850,1,344,344,688.0,3125,0.01,1000,450,1578,0.03,14.51
c8263c4c43,Seismology,1000,2,998,997,2,997,2,2,18067808,lenovo_st45,1,12,12,40.8,3125,0.01,1000,21.5,105,0.5009,49.17
db4fece367,Seismology,1000,2,998,997,2,997,2,2,18067808,lenovo_thinkedge,2,16,32,32.0,3125,0.01,1000,44.7,89,0.2511,41.93
faa00e19bd,Seismology,1000,2,998,997,2,997,2,2,18067808,dell_r6715,1,160,160,336.0,3125,0.01,1000,72.8,374,0.0309,3.51
1d3a2baad5,Seismology,1000,2,998,997,2,997,2,2,18067808,dell_r6725,1,320,320,672.0,3125,0.01,1000,135,711,0.0303,4.7
4565e02bbf,Seismology,1000,2,998,997,2,997,2,2,18067808,lenovo_sr850,1,344,344,688.0,3125,0.01,1000,450,1578,0.0303,14.69
555a86914f,Seismology,1000,3,998,997,2,997,2,2,18237437,lenovo_st45,1,12,12,40.8,3125,0.01,1000,21.5,105,0.4659,45.35
61c580a700,Seismology,1000,3,998,997,2,997,2,2,18237437,lenovo_thinkedge,2,16,32,32.0,3125,0.01,1000,44.7,89,0.2335,38.8
15863eacbe,Seismology,1000,3,998,997,2,997,2,2,18237437,dell_r6715,1,160,160,336.0,3125,0.01,1000,72.8,374,0.0313,3.44
cc4442e37b,Seismology,1000,3,998,997,2,997,2,2,18237437,dell_r6725,1,320,320,672.0,3125,0.01,1000,135,711,0.0307,4.7
b6094bfddc,Seismology,1000,3,998,997,2,997,2,2,18237437,lenovo_sr850,1,344,344,688.0,3125,0.01,1000,450,1578,0.0307,14.79
0913563e44,Seismology,1000,4,998,997,2,997,2,2,18307798,lenovo_st45,1,12,12,40.8,3125,0.01,1000,21.5,105,0.4894,47.93
b8936e5300,Seismology,1000,4,998,997,2,997,2,2,18307798,lenovo_thinkedge,2,16,32,32.0,3125,0.01,1000,44.7,89,0.247,41.06
671236dcfa,Seismology,1000,4,998,997,2,997,2,2,18307798,dell_r6715,1,160,160,336.0,3125,0.01,1000,72.8,374,0.0319,3.55
80fd88c900,Seismology,1000,4,998,997,2,997,2,2,18307798,dell_r6725,1,320,320,672.0,3125,0.01,1000,135,711,0.0309,4.76
b05131400b,Seismology,1000,4,998,997,2,997,2,2,18307798,lenovo_sr850,1,344,344,688.0,3125,0.01,1000,450,1578,0.0309,14.94
9a20f0c549,Seismology,1000,5,998,997,2,997,2,2,18171417,lenovo_st45,1,12,12,40.8,3125,0.01,1000,21.5,105,0.4715,46.0
d283f2ac0f,Seismology,1000,5,998,997,2,997,2,2,18171417,lenovo_thinkedge,2,16,32,32.0,3125,0.01,1000,44.7,89,0.2352,39.22
e98d595541,Seismology,1000,5,998,997,2,997,2,2,18171417,dell_r6715,1,160,160,336.0,3125,0.01,1000,72.8,374,0.0314,3.47
d698e8b77b,Seismology,1000,5,998,997,2,997,2,2,18171417,dell_r6725,1,320,320,672.0,3125,0.01,1000,135,711,0.0306,4.7
41ea708676,Seismology,1000,5,998,997,2,997,2,2,18171417,lenovo_sr850,1,344,344,688.0,3125,0.01,1000,450,1578,0.0306,14.78
032a588cb2,Seismology,1000,6,998,997,2,997,2,2,18343526,lenovo_st45,1,12,12,40.8,3125,0.01,1000,21.5,105,0.4714,46.0
5fe95ff34e,Seismology,1000,6,998,997,2,997,2,2,18343526,lenovo_thinkedge,2,16,32,32.0,3125,0.01,1000,44.7,89,0.2361,39.3
88510875c6,Seismology,1000,6,998,997,2,997,2,2,18343526,dell_r6715,1,160,160,336.0,3125,0.01,1000,72.8,374,0.0315,3.47
77326af785,Seismology,1000,6,998,997,2,997,2,2,18343526,dell_r6725,1,320,320,672.0,3125,0.01,1000,135,711,0.0308,4.72
fc03821d25,Seismology,1000,6,998,997,2,997,2,2,18343526,lenovo_sr850,1,344,344,688.0,3125,0.01,1000,450,1578,0.0308,14.85
c2863e0c7d,Seismology,1000,7,998,997,2,997,2,2,18406712,lenovo_st45,1,12,12,40.8,3125,0.01,1000,21.5,105,0.4875,47.67
ff159a13f0,Seismology,1000,7,998,997,2,997,2,2,18406712,lenovo_thinkedge,2,16,32,32.0,3125,0.01,1000,44.7,89,0.2408,40.4
ecb60f1e57,Seismology,1000,7,998,997,2,997,2,2,18406712,dell_r6715,1,160,160,336.0,3125,0.01,1000,72.8,374,0.0317,3.53
3b23030965,Seismology,1000,7,998,997,2,997,2,2,18406712,dell_r6725,1,320,320,672.0,3125,0.01,1000,135,711,0.0309,4.76
3daa9611bd,Seismology,1000,7,998,997,2,997,2,2,18406712,lenovo_sr850,1,344,344,688.0,3125,0.01,1000,450,1578,0.0309,14.96
dea8ff7d9f,Seismology,1000,8,998,997,2,997,2,2,18067749,lenovo_st45,1,12,12,40.8,3125,0.01,1000,21.5,105,0.4756,46.43
f25c3d25ee,Seismology,1000,8,998,997,2,997,2,2,18067749,lenovo_thinkedge,2,16,32,32.0,3125,0.01,1000,44.7,89,0.2368,39.54
8aa518cf5b,Seismology,1000,8,998,997,2,997,2,2,18067749,dell_r6715,1,160,160,336.0,3125,0.01,1000,72.8,374,0.0311,3.45
f3d384be16,Seismology,1000,8,998,997,2,997,2,2,18067749,dell_r6725,1,320,320,672.0,3125,0.01,1000,135,711,0.0304,4.67
ea5ef75e96,Seismology,1000,8,998,997,2,997,2,2,18067749,lenovo_sr850,1,344,344,688.0,3125,0.01,1000,450,1578,0.0304,14.67
e163a4c11a,Seismology,1000,9,998,997,2,997,2,2,17999381,lenovo_st45,1,12,12,40.8,3125,0.01,1000,21.5,105,0.4786,47.0
1e8700fe5f,Seismology,1000,9,998,997,2,997,2,2,17999381,lenovo_thinkedge,2,16,32,32.0,3125,0.01,1000,44.7,89,0.2412,40.18
2827f713c3,Seismology,1000,9,998,997,2,997,2,2,17999381,dell_r6715,1,160,160,336.0,3125,0.01,1000,72.8,374,0.0307,3.44
13defbe7c8,Seismology,1000,9,998,997,2,997,2,2,17999381,dell_r6725,1,320,320,672.0,3125,0.01,1000,135,711,0.0301,4.65
36d32c760a,Seismology,1000,9,998,997,2,997,2,2,17999381,lenovo_sr850,1,344,344,688.0,3125,0.01,1000,450,1578,0.0301,14.59
0ea35d495c,Seismology,1000,10,998,997,2,997,2,2,18261537,lenovo_st45,1,12,12,40.8,3125,0.01,1000,21.5,105,0.477,46.56
3d9edd110d,Seismology,1000,10,998,997,2,997,2,2,18261537,lenovo_thinkedge,2,16,32,32.0,3125,0.01,1000,44.7,89,0.239,39.78
a45acbfd40,Seismology,1000,10,998,997,2,997,2,2,18261537,dell_r6715,1,160,160,336.0,3125,0.01,1000,72.8,374,0.0317,3.5
c8bd478f32,Seismology,1000,10,998,997,2,997,2,2,18261537,dell_r6725,1,320,320,672.0,3125,0.01,1000,135,711,0.0308,4.73
115bfaab5e,Seismology,1000,10,998,997,2,997,2,2,18261537,lenovo_sr850,1,344,344,688.0,3125,0.01,1000,450,1578,0.0308,14.88
ea5c84c14b,Cycles,100,1,95,139,4,46,4,3,318342711,lenovo_st45,1,12,12,40.8,3125,0.01,1000,21.5,105,1.2232,78.74
895b2a801b,Cycles,100,1,95,139,4,46,4,3,318342711,lenovo_thinkedge,2,16,32,32.0,3125,0.01,1000,44.7,89,0.9817,114.37
2e57f579a0,Cycles,100,1,95,139,4,46,4,3,318342711,dell_r6715,1,160,160,336.0,3125,0.01,1000,72.8,374,0.736,55.3
3034cc9196,Cycles,100,1,95,139,4,46,4,3,318342711,dell_r6725,1,320,320,672.0,3125,0.01,1000,135,711,0.7267,98.93
688dc5a906,Cycles,100,1,95,139,4,46,4,3,318342711,lenovo_sr850,1,344,344,688.0,3125,0.01,1000,450,1578,0.7265,328.39
0eb1ad5fb3,Cycles,100,2,95,139,4,46,4,3,328519320,lenovo_st45,1,12,12,40.8,3125,0.01,1000,21.5,105,1.551,87.74
3625a20e0a,Cycles,100,2,95,139,4,46,4,3,328519320,lenovo_thinkedge,2,16,32,32.0,3125,0.01,1000,44.7,89,1.6581,175.83
f85329219f,Cycles,100,2,95,139,4,46,4,3,328519320,dell_r6715,1,160,160,336.0,3125,0.01,1000,72.8,374,0.824,61.77
1fb71defab,Cycles,100,2,95,139,4,46,4,3,328519320,dell_r6725,1,320,320,672.0,3125,0.01,1000,135,711,0.7861,106.97
a07bab4a0c,Cycles,100,2,95,139,4,46,4,3,328519320,lenovo_sr850,1,344,344,688.0,3125,0.01,1000,450,1578,0.7852,354.85
69c82bf1e9,Cycles,100,3,95,139,4,46,4,3,311919664,lenovo_st45,1,12,12,40.8,3125,0.01,1000,21.5,105,1.6922,83.53
ebea31aa43,Cycles,100,3,95,139,4,46,4,3,311919664,lenovo_thinkedge,2,16,32,32.0,3125,0.01,1000,44.7,89,1.7267,178.28
ab1a4d8967,Cycles,100,3,95,139,4,46,4,3,311919664,dell_r6715,1,160,160,336.0,3125,0.01,1000,72.8,374,0.7954,59.45
ebc6b83ff3,Cycles,100,3,95,139,4,46,4,3,311919664,dell_r6725,1,320,320,672.0,3125,0.01,1000,135,711,0.7504,102.04
d6da828f64,Cycles,100,3,95,139,4,46,4,3,311919664,lenovo_sr850,1,344,344,688.0,3125,0.01,1000,450,1578,0.7494,338.53
d74b098539,Cycles,100,4,95,139,4,46,4,3,307519519,lenovo_st45,1,12,12,40.8,3125,0.01,1000,21.5,105,1.1517,78.16
1eebef60b4,Cycles,100,4,95,139,4,46,4,3,307519519,lenovo_thinkedge,2,16,32,32.0,3125,0.01,1000,44.7,89,1.0316,119.32
af096d609b,Cycles,100,4,95,139,4,46,4,3,307519519,dell_r6715,1,160,160,336.0,3125,0.01,1000,72.8,374,0.717,53.95
f5a57c2b99,Cycles,100,4,95,139,4,46,4,3,307519519,dell_r6725,1,320,320,672.0,3125,0.01,1000,135,711,0.708,96.42
df563dd751,Cycles,100,4,95,139,4,46,4,3,307519519,lenovo_sr850,1,344,344,688.0,3125,0.01,1000,450,1578,0.7078,320.02
f992c3fdec,Cycles,100,5,95,139,4,46,4,3,320056559,lenovo_st45,1,12,12,40.8,3125,0.01,1000,21.5,105,1.7345,87.8
d953432b77,Cycles,100,5,95,139,4,46,4,3,320056559,lenovo_thinkedge,2,16,32,32.0,3125,0.01,1000,44.7,89,1.7027,177.84
7c6ef4852e,Cycles,100,5,95,139,4,46,4,3,320056559,dell_r6715,1,160,160,336.0,3125,0.01,1000,72.8,374,0.8105,60.66
feea25b419,Cycles,100,5,95,139,4,46,4,3,320056559,dell_r6725,1,320,320,672.0,3125,0.01,1000,135,711,0.7681,104.49
85c7d2706f,Cycles,100,5,95,139,4,46,4,3,320056559,lenovo_sr850,1,344,344,688.0,3125,0.01,1000,450,1578,0.7671,346.63
eec8c503ba,Cycles,100,6,95,139,4,46,4,3,314719484,lenovo_st45,1,12,12,40.8,3125,0.01,1000,21.5,105,1.1034,69.8
9a29e2edff,Cycles,100,6,95,139,4,46,4,3,314719484,lenovo_thinkedge,2,16,32,32.0,3125,0.01,1000,44.7,89,1.0595,118.1
b5de5a6417,Cycles,100,6,95,139,4,46,4,3,314719484,dell_r6715,1,160,160,336.0,3125,0.01,1000,72.8,374,0.7354,55.05
83c7a16039,Cycles,100,6,95,139,4,46,4,3,314719484,dell_r6725,1,320,320,672.0,3125,0.01,1000,135,711,0.7261,98.75
8705f809cd,Cycles,100,6,95,139,4,46,4,3,314719484,lenovo_sr850,1,344,344,688.0,3125,0.01,1000,450,1578,0.7259,327.93
4f20040601,Cycles,100,7,95,139,4,46,4,3,324002298,lenovo_st45,1,12,12,40.8,3125,0.01,1000,21.5,105,1.2156,80.82
0620531375,Cycles,100,7,95,139,4,46,4,3,324002298,lenovo_thinkedge,2,16,32,32.0,3125,0.01,1000,44.7,89,1.0833,124.59
494cb54a75,Cycles,100,7,95,139,4,46,4,3,324002298,dell_r6715,1,160,160,336.0,3125,0.01,1000,72.8,374,0.7587,57.03
6c7ad56905,Cycles,100,7,95,139,4,46,4,3,324002298,dell_r6725,1,320,320,672.0,3125,0.01,1000,135,711,0.7499,102.09
4b4abeaa1b,Cycles,100,7,95,139,4,46,4,3,324002298,lenovo_sr850,1,344,344,688.0,3125,0.01,1000,450,1578,0.7497,338.89
ee7820bd74,Cycles,100,8,95,139,4,46,4,3,295107079,lenovo_st45,1,12,12,40.8,3125,0.01,1000,21.5,105,1.0037,68.33
e45758a510,Cycles,100,8,95,139,4,46,4,3,295107079,lenovo_thinkedge,2,16,32,32.0,3125,0.01,1000,44.7,89,0.9207,106.03
589283a0ee,Cycles,100,8,95,139,4,46,4,3,295107079,dell_r6715,1,160,160,336.0,3125,0.01,1000,72.8,374,0.6826,51.23
fc74439bbe,Cycles,100,8,95,139,4,46,4,3,295107079,dell_r6725,1,320,320,672.0,3125,0.01,1000,135,711,0.6724,91.5
f3769d8a81,Cycles,100,8,95,139,4,46,4,3,295107079,lenovo_sr850,1,344,344,688.0,3125,0.01,1000,450,1578,0.6721,303.76
fc936624fd,Cycles,100,9,95,139,4,46,4,3,328148469,lenovo_st45,1,12,12,40.8,3125,0.01,1000,21.5,105,1.1165,73.55
638ca1c233,Cycles,100,9,95,139,4,46,4,3,328148469,lenovo_thinkedge,2,16,32,32.0,3125,0.01,1000,44.7,89,0.9606,111.02
06b8eaf759,Cycles,100,9,95,139,4,46,4,3,328148469,dell_r6715,1,160,160,336.0,3125,0.01,1000,72.8,374,0.7634,57.21
ad7fc41fee,Cycles,100,9,95,139,4,46,4,3,328148469,dell_r6725,1,320,320,672.0,3125,0.01,1000,135,711,0.7541,102.58
9f8a102879,Cycles,100,9,95,139,4,46,4,3,328148469,lenovo_sr850,1,344,344,688.0,3125,0.01,1000,450,1578,0.7539,340.62
d6420154f0,Cycles,100,10,95,139,4,46,4,3,319677567,lenovo_st45,1,12,12,40.8,3125,0.01,1000,21.5,105,2.2016,106.23
a9792c72a9,Cycles,100,10,95,139,4,46,4,3,319677567,lenovo_thinkedge,2,16,32,32.0,3125,0.01,1000,44.7,89,2.4837,251.93
5abdbcf303,Cycles,100,10,95,139,4,46,4,3,319677567,dell_r6715,1,160,160,336.0,3125,0.01,1000,72.8,374,0.8831,66.22
f2c8747964,Cycles,100,10,95,139,4,46,4,3,319677567,dell_r6725,1,320,320,672.0,3125,0.01,1000,135,711,0.806,109.73
9224e870bc,Cycles,100,10,95,139,4,46,4,3,319677567,lenovo_sr850,1,344,344,688.0,3125,0.01,1000,450,1578,0.8042,363.53
19fbb561c3,Cycles,150,1,145,212,4,70,4,3,479504727,lenovo_st45,1,12,12,40.8,3125,0.01,1000,21.5,105,1.4625,102.43
266a1b6049,Cycles,150,1,145,212,4,70,4,3,479504727,lenovo_thinkedge,2,16,32,32.0,3125,0.01,1000,44.7,89,1.4085,161.93
24ae4eb3f7,Cycles,150,1,145,212,4,70,4,3,479504727,dell_r6715,1,160,160,336.0,3125,0.01,1000,72.8,374,1.1055,82.81
a01503c575,Cycles,150,1,145,212,4,70,4,3,479504727,dell_r6725,1,320,320,672.0,3125,0.01,1000,135,711,1.0965,149.14
ad1aec83b1,Cycles,150,1,145,212,4,70,4,3,479504727,lenovo_sr850,1,344,344,688.0,3125,0.01,1000,450,1578,1.0963,495.3
bd608d89ed,Cycles,150,2,145,212,4,70,4,3,488081263,lenovo_st45,1,12,12,40.8,3125,0.01,1000,21.5,105,1.5514,114.46
e59d1ae024,Cycles,150,2,145,212,4,70,4,3,488081263,lenovo_thinkedge,2,16,32,32.0,3125,0.01,1000,44.7,89,1.3849,164.96
2e2db8abef,Cycles,150,2,145,212,4,70,4,3,488081263,dell_r6715,1,160,160,336.0,3125,0.01,1000,72.8,374,1.126,84.64
253fb0dc4e,Cycles,150,2,145,212,4,70,4,3,488081263,dell_r6725,1,320,320,672.0,3125,0.01,1000,135,711,1.1167,152.03
caf58da3f8,Cycles,150,2,145,212,4,70,4,3,488081263,lenovo_sr850,1,344,344,688.0,3125,0.01,1000,450,1578,1.1165,504.69
88f59818b0,Cycles,150,3,145,212,4,70,4,3,505464635,lenovo_st45,1,12,12,40.8,3125,0.01,1000,21.5,105,1.5882,101.83
3567b0e91a,Cycles,150,3,145,212,4,70,4,3,505464635,lenovo_thinkedge,2,16,32,32.0,3125,0.01,1000,44.7,89,1.5918,176.64
7902642f8b,Cycles,150,3,145,212,4,70,4,3,505464635,dell_r6715,1,160,160,336.0,3125,0.01,1000,72.8,374,1.1724,87.57
713bf135e8,Cycles,150,3,145,212,4,70,4,3,505464635,dell_r6725,1,320,320,672.0,3125,0.01,1000,135,711,1.1632,158.1
85a9b91d43,Cycles,150,3,145,212,4,70,4,3,505464635,lenovo_sr850,1,344,344,688.0,3125,0.01,1000,450,1578,1.163,525.24
5f35e0dc0f,Cycles,150,4,145,212,4,70,4,3,457129296,lenovo_st45,1,12,12,40.8,3125,0.01,1000,21.5,105,1.4704,98.85
9a233a048c,Cycles,150,4,145,212,4,70,4,3,457129296,lenovo_thinkedge,2,16,32,32.0,3125,0.01,1000,44.7,89,1.2803,148.57
6cf17d7e1c,Cycles,150,4,145,212,4,70,4,3,457129296,dell_r6715,1,160,160,336.0,3125,0.01,1000,72.8,374,1.0524,78.82
ed27b55f82,Cycles,150,4,145,212,4,70,4,3,457129296,dell_r6725,1,320,320,672.0,3125,0.01,1000,135,711,1.0431,141.87
09f9c5c62e,Cycles,150,4,145,212,4,70,4,3,457129296,lenovo_sr850,1,344,344,688.0,3125,0.01,1000,450,1578,1.0429,471.17
5550402831,Cycles,150,5,145,212,4,70,4,3,492892890,lenovo_st45,1,12,12,40.8,3125,0.01,1000,21.5,105,2.2796,124.67
c7814c2ce4,Cycles,150,5,145,212,4,70,4,3,492892890,lenovo_thinkedge,2,16,32,32.0,3125,0.01,1000,44.7,89,2.4018,253.11
353b83fd81,Cycles,150,5,145,212,4,70,4,3,492892890,dell_r6715,1,160,160,336.0,3125,0.01,1000,72.8,374,1.2485,93.38
12ac71ee69,Cycles,150,5,145,212,4,70,4,3,492892890,dell_r6725,1,320,320,672.0,3125,0.01,1000,135,711,1.1899,161.82
729ec14923,Cycles,150,5,145,212,4,70,4,3,492892890,lenovo_sr850,1,344,344,688.0,3125,0.01,1000,450,1578,1.1885,536.94
62f4767869,Cycles,150,6,145,212,4,70,4,3,495052703,lenovo_st45,1,12,12,40.8,3125,0.01,1000,21.5,105,2.5714,143.87
68b52e695c,Cycles,150,6,145,212,4,70,4,3,495052703,lenovo_thinkedge,2,16,32,32.0,3125,0.01,1000,44.7,89,2.8589,300.53
388a1978b4,Cycles,150,6,145,212,4,70,4,3,495052703,dell_r6715,1,160,160,336.0,3125,0.01,1000,72.8,374,1.2675,95.19
b0ab76e7e9,Cycles,150,6,145,212,4,70,4,3,495052703,dell_r6725,1,320,320,672.0,3125,0.01,1000,135,711,1.1966,162.93
6ad788b4fb,Cycles,150,6,145,212,4,70,4,3,495052703,lenovo_sr850,1,344,344,688.0,3125,0.01,1000,450,1578,1.195,540.21
a655a390fd,Cycles,150,7,145,212,4,70,4,3,475528675,lenovo_st45,1,12,12,40.8,3125,0.01,1000,21.5,105,1.5657,113.26
7beee7f570,Cycles,150,7,145,212,4,70,4,3,475528675,lenovo_thinkedge,2,16,32,32.0,3125,0.01,1000,44.7,89,1.3867,164.35
30c0b5ad1b,Cycles,150,7,145,212,4,70,4,3,475528675,dell_r6715,1,160,160,336.0,3125,0.01,1000,72.8,374,1.0819,81.38
ed3c555bf4,Cycles,150,7,145,212,4,70,4,3,475528675,dell_r6725,1,320,320,672.0,3125,0.01,1000,135,711,1.0733,146.14
b9143dd831,Cycles,150,7,145,212,4,70,4,3,475528675,lenovo_sr850,1,344,344,688.0,3125,0.01,1000,450,1578,1.0731,485.11
1fc8b526fd,Cycles,150,8,145,212,4,70,4,3,473253757,lenovo_st45,1,12,12,40.8,3125,0.01,1000,21.5,105,1.8413,117.43
6a23035bad,Cycles,150,8,145,212,4,70,4,3,473253757,lenovo_thinkedge,2,16,32,32.0,3125,0.01,1000,44.7,89,1.6727,189.03
3e0c82799c,Cycles,150,8,145,212,4,70,4,3,473253757,dell_r6715,1,160,160,336.0,3125,0.01,1000,72.8,374,1.1323,84.99
f3545b0830,Cycles,150,8,145,212,4,70,4,3,473253757,dell_r6725,1,320,320,672.0,3125,0.01,1000,135,711,1.1037,150.23
d8332ef2ed,Cycles,150,8,145,212,4,70,4,3,473253757,lenovo_sr850,1,344,344,688.0,3125,0.01,1000,450,1578,1.1031,498.56
cdeabe0134,Cycles,150,9,145,212,4,70,4,3,490739432,lenovo_st45,1,12,12,40.8,3125,0.01,1000,21.5,105,1.4831,104.86
990a87fe8f,Cycles,150,9,145,212,4,70,4,3,490739432,lenovo_thinkedge,2,16,32,32.0,3125,0.01,1000,44.7,89,1.3417,156.97
8c9bf1c992,Cycles,150,9,145,212,4,70,4,3,490739432,dell_r6715,1,160,160,336.0,3125,0.01,1000,72.8,374,1.135,85.02
3bb6abc7c6,Cycles,150,9,145,212,4,70,4,3,490739432,dell_r6725,1,320,320,672.0,3125,0.01,1000,135,711,1.1257,153.12
80b75d02af,Cycles,150,9,145,212,4,70,4,3,490739432,lenovo_sr850,1,344,344,688.0,3125,0.01,1000,450,1578,1.1255,508.51
e77634ab3d,Cycles,150,10,145,212,4,70,4,3,499036902,lenovo_st45,1,12,12,40.8,3125,0.01,1000,21.5,105,1.624,105.59
1ae5f3ec3c,Cycles,150,10,145,212,4,70,4,3,499036902,lenovo_thinkedge,2,16,32,32.0,3125,0.01,1000,44.7,89,1.5482,174.26
fe91a2ad1d,Cycles,150,10,145,212,4,70,4,3,499036902,dell_r6715,1,160,160,336.0,3125,0.01,1000,72.8,374,1.1688,87.41
34d38943f5,Cycles,150,10,145,212,4,70,4,3,499036902,dell_r6725,1,320,320,672.0,3125,0.01,1000,135,711,1.1574,157.36
cafe860fa5,Cycles,150,10,145,212,4,70,4,3,499036902,lenovo_sr850,1,344,344,688.0,3125,0.01,1000,450,1578,1.1572,522.69
fecbb2dd22,Cycles,200,1,198,290,4,96,4,3,654623695,lenovo_st45,1,12,12,40.8,3125,0.01,1000,21.5,105,2.8462,172.81
c44b0a2dcc,Cycles,200,1,198,290,4,96,4,3,654623695,lenovo_thinkedge,2,16,32,32.0,3125,0.01,1000,44.7,89,3.0171,326.36
772995d21a,Cycles,200,1,198,290,4,96,4,3,654623695,dell_r6715,1,160,160,336.0,3125,0.01,1000,72.8,374,1.6212,121.69
c7dfa33e57,Cycles,200,1,198,290,4,96,4,3,654623695,dell_r6725,1,320,320,672.0,3125,0.01,1000,135,711,1.549,210.87
b89d62c473,Cycles,200,1,198,290,4,96,4,3,654623695,lenovo_sr850,1,344,344,688.0,3125,0.01,1000,450,1578,1.5474,699.43
3e01b29e19,Cycles,200,2,198,290,4,96,4,3,663870554,lenovo_st45,1,12,12,40.8,3125,0.01,1000,21.5,105,2.0028,146.55
8f862053f3,Cycles,200,2,198,290,4,96,4,3,663870554,lenovo_thinkedge,2,16,32,32.0,3125,0.01,1000,44.7,89,1.7399,208.05
5f6e672c36,Cycles,200,2,198,290,4,96,4,3,663870554,dell_r6715,1,160,160,336.0,3125,0.01,1000,72.8,374,1.5101,113.33
cdd784f3b9,Cycles,200,2,198,290,4,96,4,3,663870554,dell_r6725,1,320,320,672.0,3125,0.01,1000,135,711,1.5008,204.23
bbe038a456,Cycles,200,2,198,290,4,96,4,3,663870554,lenovo_sr850,1,344,344,688.0,3125,0.01,1000,450,1578,1.5005,678.14
d07eea4098,Cycles,200,3,198,290,4,96,4,3,681946769,lenovo_st45,1,12,12,40.8,3125,0.01,1000,21.5,105,3.0369,162.6
53ef22befb,Cycles,200,3,198,290,4,96,4,3,681946769,lenovo_thinkedge,2,16,32,32.0,3125,0.01,1000,44.7,89,3.2099,336.33
4e2f912aca,Cycles,200,3,198,290,4,96,4,3,681946769,dell_r6715,1,160,160,336.0,3125,0.01,1000,72.8,374,1.7105,127.72
e0a8d4701a,Cycles,200,3,198,290,4,96,4,3,681946769,dell_r6725,1,320,320,672.0,3125,0.01,1000,135,711,1.6322,221.87
15d59ce68c,Cycles,200,3,198,290,4,96,4,3,681946769,lenovo_sr850,1,344,344,688.0,3125,0.01,1000,450,1578,1.6304,736.38
c6d017b485,Cycles,200,4,198,290,4,96,4,3,675379995,lenovo_st45,1,12,12,40.8,3125,0.01,1000,21.5,105,3.0858,169.53
f6c4ea1f4e,Cycles,200,4,198,290,4,96,4,3,675379995,lenovo_thinkedge,2,16,32,32.0,3125,0.01,1000,44.7,89,3.1789,336.54
8b5ae8c64a,Cycles,200,4,198,290,4,96,4,3,675379995,dell_r6715,1,160,160,336.0,3125,0.01,1000,72.8,374,1.6994,127.1
feccbbbb9b,Cycles,200,4,198,290,4,96,4,3,675379995,dell_r6725,1,320,320,672.0,3125,0.01,1000,135,711,1.6218,220.56
aa54ce4249,Cycles,200,4,198,290,4,96,4,3,675379995,lenovo_sr850,1,344,344,688.0,3125,0.01,1000,450,1578,1.62,731.88
0c5208d745,Cycles,200,5,198,290,4,96,4,3,668490951,lenovo_st45,1,12,12,40.8,3125,0.01,1000,21.5,105,3.067,177.38
09097e843a,Cycles,200,5,198,290,4,96,4,3,668490951,lenovo_thinkedge,2,16,32,32.0,3125,0.01,1000,44.7,89,3.1939,342.07
a279d72f1c,Cycles,200,5,198,290,4,96,4,3,668490951,dell_r6715,1,160,160,336.0,3125,0.01,1000,72.8,374,1.6537,124.05
622ddaaf5b,Cycles,200,5,198,290,4,96,4,3,668490951,dell_r6725,1,320,320,672.0,3125,0.01,1000,135,711,1.577,214.65
640817195a,Cycles,200,5,198,290,4,96,4,3,668490951,lenovo_sr850,1,344,344,688.0,3125,0.01,1000,450,1578,1.5752,711.97
d11d7d6dc6,Cycles,200,6,198,290,4,96,4,3,671629233,lenovo_st45,1,12,12,40.8,3125,0.01,1000,21.5,105,2.8271,165.54
67984e03b5,Cycles,200,6,198,290,4,96,4,3,671629233,lenovo_thinkedge,2,16,32,32.0,3125,0.01,1000,44.7,89,2.9714,318.79
c286e031e0,Cycles,200,6,198,290,4,96,4,3,671629233,dell_r6715,1,160,160,336.0,3125,0.01,1000,72.8,374,1.6585,124.18
75b717668d,Cycles,200,6,198,290,4,96,4,3,671629233,dell_r6725,1,320,320,672.0,3125,0.01,1000,135,711,1.5843,215.53
2264f7f089,Cycles,200,6,198,290,4,96,4,3,671629233,lenovo_sr850,1,344,344,688.0,3125,0.01,1000,450,1578,1.5826,715.09
8dd3942627,Cycles,200,7,198,290,4,96,4,3,645795843,lenovo_st45,1,12,12,40.8,3125,0.01,1000,21.5,105,2.0632,140.17
7ad09d6661,Cycles,200,7,198,290,4,96,4,3,645795843,lenovo_thinkedge,2,16,32,32.0,3125,0.01,1000,44.7,89,1.8893,217.51
138fe42d1f,Cycles,200,7,198,290,4,96,4,3,645795843,dell_r6715,1,160,160,336.0,3125,0.01,1000,72.8,374,1.5145,113.4
4140c14c18,Cycles,200,7,198,290,4,96,4,3,645795843,dell_r6725,1,320,320,672.0,3125,0.01,1000,135,711,1.4898,202.63
83c0444f4a,Cycles,200,7,198,290,4,96,4,3,645795843,lenovo_sr850,1,344,344,688.0,3125,0.01,1000,450,1578,1.4892,672.82
2d8b7cfa3e,Cycles,200,8,198,290,4,96,4,3,676476088,lenovo_st45,1,12,12,40.8,3125,0.01,1000,21.5,105,2.3709,159.47
26ecc0a5bd,Cycles,200,8,198,290,4,96,4,3,676476088,lenovo_thinkedge,2,16,32,32.0,3125,0.01,1000,44.7,89,2.2646,257.5
99843f5a2d,Cycles,200,8,198,290,4,96,4,3,676476088,dell_r6715,1,160,160,336.0,3125,0.01,1000,72.8,374,1.6044,120.36
7555abf2e5,Cycles,200,8,198,290,4,96,4,3,676476088,dell_r6725,1,320,320,672.0,3125,0.01,1000,135,711,1.568,213.39
d7832cd6a8,Cycles,200,8,198,290,4,96,4,3,676476088,lenovo_sr850,1,344,344,688.0,3125,0.01,1000,450,1578,1.5672,708.26
f1e1566ba2,Cycles,200,9,198,290,4,96,4,3,699965698,lenovo_st45,1,12,12,40.8,3125,0.01,1000,21.5,105,2.056,150.05
5604d41352,Cycles,200,9,198,290,4,96,4,3,699965698,lenovo_thinkedge,2,16,32,32.0,3125,0.01,1000,44.7,89,1.8583,219.83
87227824e4,Cycles,200,9,198,290,4,96,4,3,699965698,dell_r6715,1,160,160,336.0,3125,0.01,1000,72.8,374,1.6269,121.92
3d5352dff9,Cycles,200,9,198,290,4,96,4,3,699965698,dell_r6725,1,320,320,672.0,3125,0.01,1000,135,711,1.6182,220.13
f9fea318cb,Cycles,200,9,198,290,4,96,4,3,699965698,lenovo_sr850,1,344,344,688.0,3125,0.01,1000,450,1578,1.618,731.08
fbf5fb248c,Cycles,200,10,198,290,4,96,4,3,654724571,lenovo_st45,1,12,12,40.8,3125,0.01,1000,21.5,105,3.0356,176.65
36ff1ded74,Cycles,200,10,198,290,4,96,4,3,654724571,lenovo_thinkedge,2,16,32,32.0,3125,0.01,1000,44.7,89,3.1127,334.79
3d5a8d1483,Cycles,200,10,198,290,4,96,4,3,654724571,dell_r6715,1,160,160,336.0,3125,0.01,1000,72.8,374,1.6296,122.3
f7eae8b86a,Cycles,200,10,198,290,4,96,4,3,654724571,dell_r6725,1,320,320,672.0,3125,0.01,1000,135,711,1.554,211.54
c3a2471042,Cycles,200,10,198,290,4,96,4,3,654724571,lenovo_sr850,1,344,344,688.0,3125,0.01,1000,450,1578,1.5523,701.63
7e9850eddf,Cycles,250,1,247,365,4,120,4,3,835555113,lenovo_st45,1,12,12,40.8,3125,0.01,1000,21.5,105,2.4458,173.54
6e30778ac8,Cycles,250,1,247,365,4,120,4,3,835555113,lenovo_thinkedge,2,16,32,32.0,3125,0.01,1000,44.7,89,2.3159,268.41
4f377c9112,Cycles,250,1,247,365,4,120,4,3,835555113,dell_r6715,1,160,160,336.0,3125,0.01,1000,72.8,374,1.9391,145.14
3ab9f01443,Cycles,250,1,247,365,4,120,4,3,835555113,dell_r6725,1,320,320,672.0,3125,0.01,1000,135,711,1.9298,262.42
61b910a705,Cycles,250,1,247,365,4,120,4,3,835555113,lenovo_sr850,1,344,344,688.0,3125,0.01,1000,450,1578,1.9295,871.67
280658c99c,Cycles,250,2,247,363,4,120,4,3,833207014,lenovo_st45,1,12,12,40.8,3125,0.01,1000,21.5,105,2.5649,197.82
a7b03d45f0,Cycles,250,2,247,363,4,120,4,3,833207014,lenovo_thinkedge,2,16,32,32.0,3125,0.01,1000,44.7,89,2.1404,263.73
6eaa86b772,Cycles,250,2,247,363,4,120,4,3,833207014,dell_r6715,1,160,160,336.0,3125,0.01,1000,72.8,374,1.9126,143.92
d0e39fe581,Cycles,250,2,247,363,4,120,4,3,833207014,dell_r6725,1,320,320,672.0,3125,0.01,1000,135,711,1.9033,259.18
45f8f5dc1f,Cycles,250,2,247,363,4,120,4,3,833207014,lenovo_sr850,1,344,344,688.0,3125,0.01,1000,450,1578,1.9031,860.36
d10cc539d5,Cycles,250,3,247,363,4,120,4,3,821412733,lenovo_st45,1,12,12,40.8,3125,0.01,1000,21.5,105,2.4689,180.63
5709d7e4e5,Cycles,250,3,247,363,4,120,4,3,821412733,lenovo_thinkedge,2,16,32,32.0,3125,0.01,1000,44.7,89,2.1356,255.63
4fde4fedd3,Cycles,250,3,247,363,4,120,4,3,821412733,dell_r6715,1,160,160,336.0,3125,0.01,1000,72.8,374,1.8831,141.28
a7ae346e39,Cycles,250,3,247,363,4,120,4,3,821412733,dell_r6725,1,320,320,672.0,3125,0.01,1000,135,711,1.8737,254.96
58abef76ea,Cycles,250,3,247,363,4,120,4,3,821412733,lenovo_sr850,1,344,344,688.0,3125,0.01,1000,450,1578,1.8735,846.65
c582547864,Cycles,250,4,247,363,4,120,4,3,830668086,lenovo_st45,1,12,12,40.8,3125,0.01,1000,21.5,105,3.0034,193.17
11ad307ca2,Cycles,250,4,247,363,4,120,4,3,830668086,lenovo_thinkedge,2,16,32,32.0,3125,0.01,1000,44.7,89,2.8403,319.16
394dcb01d8,Cycles,250,4,247,363,4,120,4,3,830668086,dell_r6715,1,160,160,336.0,3125,0.01,1000,72.8,374,1.9823,148.54
e6ddd47edf,Cycles,250,4,247,363,4,120,4,3,830668086,dell_r6725,1,320,320,672.0,3125,0.01,1000,135,711,1.9391,263.8
5278f89ee6,Cycles,250,4,247,363,4,120,4,3,830668086,lenovo_sr850,1,344,344,688.0,3125,0.01,1000,450,1578,1.9381,875.73
f4ad6b5000,Cycles,250,5,247,363,4,120,4,3,851113282,lenovo_st45,1,12,12,40.8,3125,0.01,1000,21.5,105,3.4633,220.21
1b0b31e346,Cycles,250,5,247,363,4,120,4,3,851113282,lenovo_thinkedge,2,16,32,32.0,3125,0.01,1000,44.7,89,3.3177,370.55
1b6e17ca5d,Cycles,250,5,247,363,4,120,4,3,851113282,dell_r6715,1,160,160,336.0,3125,0.01,1000,72.8,374,2.083,156.43
3c9f656647,Cycles,250,5,247,363,4,120,4,3,851113282,dell_r6725,1,320,320,672.0,3125,0.01,1000,135,711,2.0192,274.88
4c78912588,Cycles,250,5,247,363,4,120,4,3,851113282,lenovo_sr850,1,344,344,688.0,3125,0.01,1000,450,1578,2.0177,912.03
73a9c9fccb,Cycles,250,6,247,363,4,120,4,3,808469007,lenovo_st45,1,12,12,40.8,3125,0.01,1000,21.5,105,2.4926,186.9
71676c89ab,Cycles,250,6,247,363,4,120,4,3,808469007,lenovo_thinkedge,2,16,32,32.0,3125,0.01,1000,44.7,89,2.0867,254.18
af96359f9a,Cycles,250,6,247,363,4,120,4,3,808469007,dell_r6715,1,160,160,336.0,3125,0.01,1000,72.8,374,1.8485,138.95
159bc5cb9e,Cycles,250,6,247,363,4,120,4,3,808469007,dell_r6725,1,320,320,672.0,3125,0.01,1000,135,711,1.8393,250.4
1ce7bd2105,Cycles,250,6,247,363,4,120,4,3,808469007,lenovo_sr850,1,344,344,688.0,3125,0.01,1000,450,1578,1.8391,831.3
180646bd22,Cycles,250,7,247,363,4,120,4,3,820274794,lenovo_st45,1,12,12,40.8,3125,0.01,1000,21.5,105,3.2254,190.87
3500a7eac3,Cycles,250,7,247,363,4,120,4,3,820274794,lenovo_thinkedge,2,16,32,32.0,3125,0.01,1000,44.7,89,3.3086,357.44
0b97d838af,Cycles,250,7,247,363,4,120,4,3,820274794,dell_r6715,1,160,160,336.0,3125,0.01,1000,72.8,374,1.9942,149.17
9125c26e12,Cycles,250,7,247,363,4,120,4,3,820274794,dell_r6725,1,320,320,672.0,3125,0.01,1000,135,711,1.9281,262.2
36fe9f8974,Cycles,250,7,247,363,4,120,4,3,820274794,lenovo_sr850,1,344,344,688.0,3125,0.01,1000,450,1578,1.9266,870.35
f752aeb064,Cycles,250,8,247,363,4,120,4,3,851334964,lenovo_st45,1,12,12,40.8,3125,0.01,1000,21.5,105,3.5847,211.66
67c392faa6,Cycles,250,8,247,363,4,120,4,3,851334964,lenovo_thinkedge,2,16,32,32.0,3125,0.01,1000,44.7,89,3.6021,390.31
c1abfc1867,Cycles,250,8,247,363,4,120,4,3,851334964,dell_r6715,1,160,160,336.0,3125,0.01,1000,72.8,374,2.1124,158.21
2afbc458f0,Cycles,250,8,247,363,4,120,4,3,851334964,dell_r6725,1,320,320,672.0,3125,0.01,1000,135,711,2.0348,276.81
c0843796c9,Cycles,250,8,247,363,4,120,4,3,851334964,lenovo_sr850,1,344,344,688.0,3125,0.01,1000,450,1578,2.033,918.61
d35a14600b,Cycles,250,9,247,363,4,120,4,3,824001958,lenovo_st45,1,12,12,40.8,3125,0.01,1000,21.5,105,3.7632,226.68
a4840753e5,Cycles,250,9,247,363,4,120,4,3,824001958,lenovo_thinkedge,2,16,32,32.0,3125,0.01,1000,44.7,89,3.6463,399.93
8f0e5aa051,Cycles,250,9,247,363,4,120,4,3,824001958,dell_r6715,1,160,160,336.0,3125,0.01,1000,72.8,374,2.0406,153.34
eb7a78e81b,Cycles,250,9,247,363,4,120,4,3,824001958,dell_r6725,1,320,320,672.0,3125,0.01,1000,135,711,1.9645,267.5
df9741b4ad,Cycles,250,9,247,363,4,120,4,3,824001958,lenovo_sr850,1,344,344,688.0,3125,0.01,1000,450,1578,1.9627,887.3
3a91f5c4fd,Cycles,250,10,247,363,4,120,4,3,848030601,lenovo_st45,1,12,12,40.8,3125,0.01,1000,21.5,105,2.3007,165.13
f3d8de2f38,Cycles,250,10,247,363,4,120,4,3,848030601,lenovo_thinkedge,2,16,32,32.0,3125,0.01,1000,44.7,89,2.2254,257.63
2f5419e53c,Cycles,250,10,247,363,4,120,4,3,848030601,dell_r6715,1,160,160,336.0,3125,0.01,1000,72.8,374,1.953,145.98
b21b2eb42c,Cycles,250,10,247,363,4,120,4,3,848030601,dell_r6725,1,320,320,672.0,3125,0.01,1000,135,711,1.9438,264.23
ded971f081,Cycles,250,10,247,363,4,120,4,3,848030601,lenovo_sr850,1,344,344,688.0,3125,0.01,1000,450,1578,1.9436,877.84
72f7851715,Cycles,300,1,297,438,4,144,4,3,1004981569,lenovo_st45,1,12,12,40.8,3125,0.01,1000,21.5,105,2.7019,204.75
62bedc19e8,Cycles,300,1,297,438,4,144,4,3,1004981569,lenovo_thinkedge,2,16,32,32.0,3125,0.01,1000,44.7,89,2.5298,300.56
37af10d508,Cycles,300,1,297,438,4,144,4,3,1004981569,dell_r6715,1,160,160,336.0,3125,0.01,1000,72.8,374,2.3183,173.59
ca61d56e9d,Cycles,300,1,297,438,4,144,4,3,1004981569,dell_r6725,1,320,320,672.0,3125,0.01,1000,135,711,2.309,314.01
0f9388e1cc,Cycles,300,1,297,438,4,144,4,3,1004981569,lenovo_sr850,1,344,344,688.0,3125,0.01,1000,450,1578,2.3087,1043.03
9630796848,Cycles,300,2,297,436,4,144,4,3,991028792,lenovo_st45,1,12,12,40.8,3125,0.01,1000,21.5,105,2.7168,198.65
5dc3939db9,Cycles,300,2,297,436,4,144,4,3,991028792,lenovo_thinkedge,2,16,32,32.0,3125,0.01,1000,44.7,89,2.4628,291.33
9b2a74b665,Cycles,300,2,297,436,4,144,4,3,991028792,dell_r6715,1,160,160,336.0,3125,0.01,1000,72.8,374,2.2674,169.68
b4a1395065,Cycles,300,2,297,436,4,144,4,3,991028792,dell_r6725,1,320,320,672.0,3125,0.01,1000,135,711,2.2582,307.06
52269b2baf,Cycles,300,2,297,436,4,144,4,3,991028792,lenovo_sr850,1,344,344,688.0,3125,0.01,1000,450,1578,2.258,1020.0
2c51581726,Cycles,300,3,297,442,4,144,4,3,964052852,lenovo_st45,1,12,12,40.8,3125,0.01,1000,21.5,105,2.8742,215.88
6e5c434ad9,Cycles,300,3,297,442,4,144,4,3,964052852,lenovo_thinkedge,2,16,32,32.0,3125,0.01,1000,44.7,89,2.5612,307.15
7f53f2be06,Cycles,300,3,297,442,4,144,4,3,964052852,dell_r6715,1,160,160,336.0,3125,0.01,1000,72.8,374,2.2248,167.02
38ac8ad7e5,Cycles,300,3,297,442,4,144,4,3,964052852,dell_r6725,1,320,320,672.0,3125,0.01,1000,135,711,2.2155,301.51
e47209feb8,Cycles,300,3,297,442,4,144,4,3,964052852,lenovo_sr850,1,344,344,688.0,3125,0.01,1000,450,1578,2.2152,1001.16
4399268acc,Cycles,300,4,297,436,4,144,4,3,1020727586,lenovo_st45,1,12,12,40.8,3125,0.01,1000,21.5,105,2.8713,208.67
9bba598aa9,Cycles,300,4,297,436,4,144,4,3,1020727586,lenovo_thinkedge,2,16,32,32.0,3125,0.01,1000,44.7,89,2.5758,304.83
b05f1c7b74,Cycles,300,4,297,436,4,144,4,3,1020727586,dell_r6715,1,160,160,336.0,3125,0.01,1000,72.8,374,2.3565,176.38
0a181731d0,Cycles,300,4,297,436,4,144,4,3,1020727586,dell_r6725,1,320,320,672.0,3125,0.01,1000,135,711,2.3472,319.18
95b3c3b26e,Cycles,300,4,297,436,4,144,4,3,1020727586,lenovo_sr850,1,344,344,688.0,3125,0.01,1000,450,1578,2.347,1060.24
4bd9ccb944,Cycles,300,5,297,438,4,144,4,3,990049602,lenovo_st45,1,12,12,40.8,3125,0.01,1000,21.5,105,2.6697,196.99
8d78212e03,Cycles,300,5,297,438,4,144,4,3,990049602,lenovo_thinkedge,2,16,32,32.0,3125,0.01,1000,44.7,89,2.4699,291.62
aaa4f46336,Cycles,300,5,297,438,4,144,4,3,990049602,dell_r6715,1,160,160,336.0,3125,0.01,1000,72.8,374,2.289,171.22
b166e7a3b1,Cycles,300,5,297,438,4,144,4,3,990049602,dell_r6725,1,320,320,672.0,3125,0.01,1000,135,711,2.2796,309.94
af91da9c37,Cycles,300,5,297,438,4,144,4,3,990049602,lenovo_sr850,1,344,344,688.0,3125,0.01,1000,450,1578,2.2794,1029.61
294a934e7f,Cycles,300,6,297,440,4,144,4,3,1002606978,lenovo_st45,1,12,12,40.8,3125,0.01,1000,21.5,105,2.8574,215.12
aedee561b9,Cycles,300,6,297,440,4,144,4,3,1002606978,lenovo_thinkedge,2,16,32,32.0,3125,0.01,1000,44.7,89,2.5369,304.76
07cc3cc0c4,Cycles,300,6,297,440,4,144,4,3,1002606978,dell_r6715,1,160,160,336.0,3125,0.01,1000,72.8,374,2.3205,173.98
23115d174b,Cycles,300,6,297,440,4,144,4,3,1002606978,dell_r6725,1,320,320,672.0,3125,0.01,1000,135,711,2.3114,314.45
22d1583eb4,Cycles,300,6,297,440,4,144,4,3,1002606978,lenovo_sr850,1,344,344,688.0,3125,0.01,1000,450,1578,2.3111,1044.31
27ac6afeb5,Cycles,300,7,297,440,4,144,4,3,993097088,lenovo_st45,1,12,12,40.8,3125,0.01,1000,21.5,105,3.964,239.97
9063359442,Cycles,300,7,297,440,4,144,4,3,993097088,lenovo_thinkedge,2,16,32,32.0,3125,0.01,1000,44.7,89,4.0785,443.12
ad076c7d9c,Cycles,300,7,297,440,4,144,4,3,993097088,dell_r6715,1,160,160,336.0,3125,0.01,1000,72.8,374,2.4192,181.2
68f1cb7341,Cycles,300,7,297,440,4,144,4,3,993097088,dell_r6725,1,320,320,672.0,3125,0.01,1000,135,711,2.341,318.46
9f5cf17adf,Cycles,300,7,297,440,4,144,4,3,993097088,lenovo_sr850,1,344,344,688.0,3125,0.01,1000,450,1578,2.3392,1056.95
54a2b7657f,Cycles,300,8,297,438,4,144,4,3,1000736032,lenovo_st45,1,12,12,40.8,3125,0.01,1000,21.5,105,2.9222,221.0
7c0f868a5e,Cycles,300,8,297,438,4,144,4,3,1000736032,lenovo_thinkedge,2,16,32,32.0,3125,0.01,1000,44.7,89,2.525,305.98
5ef146a2d5,Cycles,300,8,297,438,4,144,4,3,1000736032,dell_r6715,1,160,160,336.0,3125,0.01,1000,72.8,374,2.3047,172.98
7fc426375a,Cycles,300,8,297,438,4,144,4,3,1000736032,dell_r6725,1,320,320,672.0,3125,0.01,1000,135,711,2.2958,312.41
377b2b5419,Cycles,300,8,297,438,4,144,4,3,1000736032,lenovo_sr850,1,344,344,688.0,3125,0.01,1000,450,1578,2.2956,1037.42
4119214ccf,Cycles,300,9,297,436,4,144,4,3,1026005234,lenovo_st45,1,12,12,40.8,3125,0.01,1000,21.5,105,2.8058,212.07
914c8e0bd6,Cycles,300,9,297,436,4,144,4,3,1026005234,lenovo_thinkedge,2,16,32,32.0,3125,0.01,1000,44.7,89,2.5385,303.92
fb87fca797,Cycles,300,9,297,436,4,144,4,3,1026005234,dell_r6715,1,160,160,336.0,3125,0.01,1000,72.8,374,2.3512,176.16
2ff44a135f,Cycles,300,9,297,436,4,144,4,3,1026005234,dell_r6725,1,320,320,672.0,3125,0.01,1000,135,711,2.342,318.55
00cfa19513,Cycles,300,9,297,436,4,144,4,3,1026005234,lenovo_sr850,1,344,344,688.0,3125,0.01,1000,450,1578,2.3417,1058.02
985f2a5d39,Cycles,300,10,297,438,4,144,4,3,1015603474,lenovo_st45,1,12,12,40.8,3125,0.01,1000,21.5,105,2.8144,207.79
d5d3ebd621,Cycles,300,10,297,438,4,144,4,3,1015603474,lenovo_thinkedge,2,16,32,32.0,3125,0.01,1000,44.7,89,2.5663,304.15
4cc14466c2,Cycles,300,10,297,438,4,144,4,3,1015603474,dell_r6715,1,160,160,336.0,3125,0.01,1000,72.8,374,2.3336,174.73
023f96acf8,Cycles,300,10,297,438,4,144,4,3,1015603474,dell_r6725,1,320,320,672.0,3125,0.01,1000,135,711,2.3244,316.1
6730003c00,Cycles,300,10,297,438,4,144,4,3,1015603474,lenovo_sr850,1,344,344,688.0,3125,0.01,1000,450,1578,2.3242,1049.99
c5b28423b1,Cycles,400,1,395,575,4,190,4,3,1300289879,lenovo_st45,1,12,12,40.8,3125,0.01,1000,21.5,105,3.7355,280.07
a09b34a6e1,Cycles,400,1,395,575,4,190,4,3,1300289879,lenovo_thinkedge,2,16,32,32.0,3125,0.01,1000,44.7,89,3.3093,397.19
f9a91a9ddf,Cycles,400,1,395,575,4,190,4,3,1300289879,dell_r6715,1,160,160,336.0,3125,0.01,1000,72.8,374,2.9728,222.99
8cf1ac6fa8,Cycles,400,1,395,575,4,190,4,3,1300289879,dell_r6725,1,320,320,672.0,3125,0.01,1000,135,711,2.9627,403.1
e52b67d710,Cycles,400,1,395,575,4,190,4,3,1300289879,lenovo_sr850,1,344,344,688.0,3125,0.01,1000,450,1578,2.9625,1338.71
6ad89a2240,Cycles,400,2,395,579,4,190,4,3,1321692120,lenovo_st45,1,12,12,40.8,3125,0.01,1000,21.5,105,4.6025,321.48
c2867f013e,Cycles,400,2,395,579,4,190,4,3,1321692120,lenovo_thinkedge,2,16,32,32.0,3125,0.01,1000,44.7,89,4.6069,524.75
fa160a2ee3,Cycles,400,2,395,579,4,190,4,3,1321692120,dell_r6715,1,160,160,336.0,3125,0.01,1000,72.8,374,3.1651,237.73
c7d9b1b8ef,Cycles,400,2,395,579,4,190,4,3,1321692120,dell_r6725,1,320,320,672.0,3125,0.01,1000,135,711,3.084,419.84
0661001d8b,Cycles,400,2,395,579,4,190,4,3,1321692120,lenovo_sr850,1,344,344,688.0,3125,0.01,1000,450,1578,3.0822,1393.21
3d070adc0f,Cycles,400,3,395,575,4,190,4,3,1327141893,lenovo_st45,1,12,12,40.8,3125,0.01,1000,21.5,105,4.4093,314.41
5f601742c5,Cycles,400,3,395,575,4,190,4,3,1327141893,lenovo_thinkedge,2,16,32,32.0,3125,0.01,1000,44.7,89,4.3309,498.59
a695d41f2a,Cycles,400,3,395,575,4,190,4,3,1327141893,dell_r6715,1,160,160,336.0,3125,0.01,1000,72.8,374,3.1293,235.03
a3b7110136,Cycles,400,3,395,575,4,190,4,3,1327141893,dell_r6725,1,320,320,672.0,3125,0.01,1000,135,711,3.0514,415.39
0b99776b10,Cycles,400,3,395,575,4,190,4,3,1327141893,lenovo_sr850,1,344,344,688.0,3125,0.01,1000,450,1578,3.0496,1378.46
500d810d73,Cycles,400,4,395,577,4,190,4,3,1326126561,lenovo_st45,1,12,12,40.8,3125,0.01,1000,21.5,105,4.4977,295.01
0a4694e3e1,Cycles,400,4,395,577,4,190,4,3,1326126561,lenovo_thinkedge,2,16,32,32.0,3125,0.01,1000,44.7,89,4.3951,493.53
3d52e72e45,Cycles,400,4,395,577,4,190,4,3,1326126561,dell_r6715,1,160,160,336.0,3125,0.01,1000,72.8,374,3.1316,234.5
d44f4d9c92,Cycles,400,4,395,577,4,190,4,3,1326126561,dell_r6725,1,320,320,672.0,3125,0.01,1000,135,711,3.0812,419.08
049ee0c1f2,Cycles,400,4,395,577,4,190,4,3,1326126561,lenovo_sr850,1,344,344,688.0,3125,0.01,1000,450,1578,3.0799,1391.5
d50164ffca,Cycles,400,5,395,575,4,190,4,3,1346509377,lenovo_st45,1,12,12,40.8,3125,0.01,1000,21.5,105,4.8944,325.07
a90d06f04c,Cycles,400,5,395,575,4,190,4,3,1346509377,lenovo_thinkedge,2,16,32,32.0,3125,0.01,1000,44.7,89,4.6208,524.63
4b7ca87bdb,Cycles,400,5,395,575,4,190,4,3,1346509377,dell_r6715,1,160,160,336.0,3125,0.01,1000,72.8,374,3.2216,241.75
d2ca467834,Cycles,400,5,395,575,4,190,4,3,1346509377,dell_r6725,1,320,320,672.0,3125,0.01,1000,135,711,3.1447,427.99
9dca1f3209,Cycles,400,5,395,575,4,190,4,3,1346509377,lenovo_sr850,1,344,344,688.0,3125,0.01,1000,450,1578,3.1429,1420.45
c1cda219e4,Cycles,400,6,395,575,4,190,4,3,1365194412,lenovo_st45,1,12,12,40.8,3125,0.01,1000,21.5,105,3.7048,272.81
d677474838,Cycles,400,6,395,575,4,190,4,3,1365194412,lenovo_thinkedge,2,16,32,32.0,3125,0.01,1000,44.7,89,3.3166,394.49
03ee809269,Cycles,400,6,395,575,4,190,4,3,1365194412,dell_r6715,1,160,160,336.0,3125,0.01,1000,72.8,374,3.1339,234.49
a8dabbfa91,Cycles,400,6,395,575,4,190,4,3,1365194412,dell_r6725,1,320,320,672.0,3125,0.01,1000,135,711,3.1263,425.08
1f2e7acd77,Cycles,400,6,395,575,4,190,4,3,1365194412,lenovo_sr850,1,344,344,688.0,3125,0.01,1000,450,1578,3.1262,1412.2
1b003d5b6b,Cycles,400,7,395,575,4,190,4,3,1364337262,lenovo_st45,1,12,12,40.8,3125,0.01,1000,21.5,105,3.7986,292.55
e17ac386db,Cycles,400,7,395,575,4,190,4,3,1364337262,lenovo_thinkedge,2,16,32,32.0,3125,0.01,1000,44.7,89,3.2973,401.76
98f99fc903,Cycles,400,7,395,575,4,190,4,3,1364337262,dell_r6715,1,160,160,336.0,3125,0.01,1000,72.8,374,3.119,233.99
6ac6030e95,Cycles,400,7,395,575,4,190,4,3,1364337262,dell_r6725,1,320,320,672.0,3125,0.01,1000,135,711,3.1136,423.64
e6c5eecf23,Cycles,400,7,395,575,4,190,4,3,1364337262,lenovo_sr850,1,344,344,688.0,3125,0.01,1000,450,1578,3.1134,1406.9
567cfbf5d9,Cycles,400,8,395,579,4,190,4,3,1335180527,lenovo_st45,1,12,12,40.8,3125,0.01,1000,21.5,105,4.4224,302.38
bda446fe83,Cycles,400,8,395,579,4,190,4,3,1335180527,lenovo_thinkedge,2,16,32,32.0,3125,0.01,1000,44.7,89,4.4986,507.34
806d309b7f,Cycles,400,8,395,579,4,190,4,3,1335180527,dell_r6715,1,160,160,336.0,3125,0.01,1000,72.8,374,3.1815,238.42
da55922d9a,Cycles,400,8,395,579,4,190,4,3,1335180527,dell_r6725,1,320,320,672.0,3125,0.01,1000,135,711,3.1045,422.37
ba94ef59eb,Cycles,400,8,395,579,4,190,4,3,1335180527,lenovo_sr850,1,344,344,688.0,3125,0.01,1000,450,1578,3.1027,1402.01
1a31986648,Cycles,400,9,395,587,4,190,4,3,1313039400,lenovo_st45,1,12,12,40.8,3125,0.01,1000,21.5,105,4.6423,317.74
c93dd4ee79,Cycles,400,9,395,587,4,190,4,3,1313039400,lenovo_thinkedge,2,16,32,32.0,3125,0.01,1000,44.7,89,4.3911,503.13
3c24aa93fe,Cycles,400,9,395,587,4,190,4,3,1313039400,dell_r6715,1,160,160,336.0,3125,0.01,1000,72.8,374,3.1274,234.83
b6dc5daf27,Cycles,400,9,395,587,4,190,4,3,1313039400,dell_r6725,1,320,320,672.0,3125,0.01,1000,135,711,3.0548,415.82
8fd7bd545e,Cycles,400,9,395,587,4,190,4,3,1313039400,lenovo_sr850,1,344,344,688.0,3125,0.01,1000,450,1578,3.0532,1380.03
fd1a66a13a,Cycles,400,10,395,575,4,190,4,3,1299323043,lenovo_st45,1,12,12,40.8,3125,0.01,1000,21.5,105,3.9053,269.51
956b06026a,Cycles,400,10,395,575,4,190,4,3,1299323043,lenovo_thinkedge,2,16,32,32.0,3125,0.01,1000,44.7,89,3.6569,421.06
01ba6165a2,Cycles,400,10,395,575,4,190,4,3,1299323043,dell_r6715,1,160,160,336.0,3125,0.01,1000,72.8,374,2.988,223.62
c5ff432a60,Cycles,400,10,395,575,4,190,4,3,1299323043,dell_r6725,1,320,320,672.0,3125,0.01,1000,135,711,2.9592,402.4
63bbeb7bb0,Cycles,400,10,395,575,4,190,4,3,1299323043,lenovo_sr850,1,344,344,688.0,3125,0.01,1000,450,1578,2.9582,1336.4
0c4f2d15d1,Cycles,500,1,498,746,4,240,4,3,1664383405,lenovo_st45,1,12,12,40.8,3125,0.01,1000,21.5,105,4.5771,349.04
05377d7edf,Cycles,500,1,498,746,4,240,4,3,1664383405,lenovo_thinkedge,2,16,32,32.0,3125,0.01,1000,44.7,89,4.0748,491.44
c5e15ed698,Cycles,500,1,498,746,4,240,4,3,1664383405,dell_r6715,1,160,160,336.0,3125,0.01,1000,72.8,374,3.8904,291.45
37782e2e54,Cycles,500,1,498,746,4,240,4,3,1664383405,dell_r6725,1,320,320,672.0,3125,0.01,1000,135,711,3.8516,523.9
0faf320a54,Cycles,500,1,498,746,4,240,4,3,1664383405,lenovo_sr850,1,344,344,688.0,3125,0.01,1000,450,1578,3.8507,1739.82
eca255880a,Cycles,500,2,497,725,4,238,4,3,1697310990,lenovo_st45,1,12,12,40.8,3125,0.01,1000,21.5,105,5.2212,373.8
a68f6247d5,Cycles,500,2,497,725,4,238,4,3,1697310990,lenovo_thinkedge,2,16,32,32.0,3125,0.01,1000,44.7,89,5.2104,598.5
b9aae57208,Cycles,500,2,497,725,4,238,4,3,1697310990,dell_r6715,1,160,160,336.0,3125,0.01,1000,72.8,374,3.9972,299.59
b236ab1856,Cycles,500,2,497,725,4,238,4,3,1697310990,dell_r6725,1,320,320,672.0,3125,0.01,1000,135,711,3.9227,533.67
94d5cbdac6,Cycles,500,2,497,725,4,238,4,3,1697310990,lenovo_sr850,1,344,344,688.0,3125,0.01,1000,450,1578,3.9208,1771.69
d5f1eddea6,Cycles,500,3,497,727,4,238,4,3,1617322638,lenovo_st45,1,12,12,40.8,3125,0.01,1000,21.5,105,5.6595,397.81
9a6bf24ef2,Cycles,500,3,497,727,4,238,4,3,1617322638,lenovo_thinkedge,2,16,32,32.0,3125,0.01,1000,44.7,89,5.2499,609.43
5f19681dec,Cycles,500,3,497,727,4,238,4,3,1617322638,dell_r6715,1,160,160,336.0,3125,0.01,1000,72.8,374,3.7807,284.3
b0af21b826,Cycles,500,3,497,727,4,238,4,3,1617322638,dell_r6725,1,320,320,672.0,3125,0.01,1000,135,711,3.7517,510.82
34d97a9481,Cycles,500,3,497,727,4,238,4,3,1617322638,lenovo_sr850,1,344,344,688.0,3125,0.01,1000,450,1578,3.7499,1695.18
09842d2cd1,Cycles,500,4,497,743,4,238,4,3,1661215294,lenovo_st45,1,12,12,40.8,3125,0.01,1000,21.5,105,4.9576,376.21
1ebb4a0450,Cycles,500,4,497,743,4,238,4,3,1661215294,lenovo_thinkedge,2,16,32,32.0,3125,0.01,1000,44.7,89,4.249,516.65
cfe7880266,Cycles,500,4,497,743,4,238,4,3,1661215294,dell_r6715,1,160,160,336.0,3125,0.01,1000,72.8,374,3.7989,285.42
3988fb29a3,Cycles,500,4,497,743,4,238,4,3,1661215294,dell_r6725,1,320,320,672.0,3125,0.01,1000,135,711,3.7923,516.19
69e5c5f895,Cycles,500,4,497,743,4,238,4,3,1661215294,lenovo_sr850,1,344,344,688.0,3125,0.01,1000,450,1578,3.7922,1714.03
b2cd2373ee,Cycles,500,5,497,731,4,238,4,3,1681273633,lenovo_st45,1,12,12,40.8,3125,0.01,1000,21.5,105,5.0801,381.14
0441a874fc,Cycles,500,5,497,731,4,238,4,3,1681273633,lenovo_thinkedge,2,16,32,32.0,3125,0.01,1000,44.7,89,4.9776,582.95
590c2c9d49,Cycles,500,5,497,731,4,238,4,3,1681273633,dell_r6715,1,160,160,336.0,3125,0.01,1000,72.8,374,4.0003,300.15
21e5991773,Cycles,500,5,497,731,4,238,4,3,1681273633,dell_r6725,1,320,320,672.0,3125,0.01,1000,135,711,3.9269,534.4
cd10194985,Cycles,500,5,497,731,4,238,4,3,1681273633,lenovo_sr850,1,344,344,688.0,3125,0.01,1000,450,1578,3.9252,1773.95
8616a3f1aa,Cycles,500,6,497,735,4,238,4,3,1691300992,lenovo_st45,1,12,12,40.8,3125,0.01,1000,21.5,105,4.5164,341.9
d424d96b2b,Cycles,500,6,497,735,4,238,4,3,1691300992,lenovo_thinkedge,2,16,32,32.0,3125,0.01,1000,44.7,89,4.0642,487.53
143d0a150c,Cycles,500,6,497,735,4,238,4,3,1691300992,dell_r6715,1,160,160,336.0,3125,0.01,1000,72.8,374,3.8665,289.52
ff2826a5fd,Cycles,500,6,497,735,4,238,4,3,1691300992,dell_r6725,1,320,320,672.0,3125,0.01,1000,135,711,3.862,525.21
0dfd2df446,Cycles,500,6,497,735,4,238,4,3,1691300992,lenovo_sr850,1,344,344,688.0,3125,0.01,1000,450,1578,3.8619,1744.72
9e1d418b7f,Cycles,500,7,497,731,4,238,4,3,1652856056,lenovo_st45,1,12,12,40.8,3125,0.01,1000,21.5,105,5.0717,378.14
6405cea271,Cycles,500,7,497,731,4,238,4,3,1652856056,lenovo_thinkedge,2,16,32,32.0,3125,0.01,1000,44.7,89,5.0666,589.48
aeca3cf1ce,Cycles,500,7,497,731,4,238,4,3,1652856056,dell_r6715,1,160,160,336.0,3125,0.01,1000,72.8,374,3.9209,294.28
371076a761,Cycles,500,7,497,731,4,238,4,3,1652856056,dell_r6725,1,320,320,672.0,3125,0.01,1000,135,711,3.841,522.76
ebe85a596c,Cycles,500,7,497,731,4,238,4,3,1652856056,lenovo_sr850,1,344,344,688.0,3125,0.01,1000,450,1578,3.8391,1735.13
d0f8728f8a,Cycles,500,8,498,732,4,240,4,3,1676577692,lenovo_st45,1,12,12,40.8,3125,0.01,1000,21.5,105,4.6544,357.35
3eeb7bda9a,Cycles,500,8,498,732,4,240,4,3,1676577692,lenovo_thinkedge,2,16,32,32.0,3125,0.01,1000,44.7,89,4.1211,498.96
91032cb355,Cycles,500,8,498,732,4,240,4,3,1676577692,dell_r6715,1,160,160,336.0,3125,0.01,1000,72.8,374,3.8092,285.76
321ebfe824,Cycles,500,8,498,732,4,240,4,3,1676577692,dell_r6725,1,320,320,672.0,3125,0.01,1000,135,711,3.7994,516.95
29d0db137e,Cycles,500,8,498,732,4,240,4,3,1676577692,lenovo_sr850,1,344,344,688.0,3125,0.01,1000,450,1578,3.7992,1716.81
9f6531a4b6,Cycles,500,9,498,744,4,240,4,3,1651494051,lenovo_st45,1,12,12,40.8,3125,0.01,1000,21.5,105,5.2188,375.71
d813938186,Cycles,500,9,498,744,4,240,4,3,1651494051,lenovo_thinkedge,2,16,32,32.0,3125,0.01,1000,44.7,89,5.1333,592.61
0117a34efc,Cycles,500,9,498,744,4,240,4,3,1651494051,dell_r6715,1,160,160,336.0,3125,0.01,1000,72.8,374,3.9006,292.62
10848172e8,Cycles,500,9,498,744,4,240,4,3,1651494051,dell_r6725,1,320,320,672.0,3125,0.01,1000,135,711,3.8312,521.35
8feac87999,Cycles,500,9,498,744,4,240,4,3,1651494051,lenovo_sr850,1,344,344,688.0,3125,0.01,1000,450,1578,3.8297,1730.71
09310d128c,Cycles,500,10,497,727,4,238,4,3,1631303526,lenovo_st45,1,12,12,40.8,3125,0.01,1000,21.5,105,5.4761,377.76
0624eaa0d3,Cycles,500,10,497,727,4,238,4,3,1631303526,lenovo_thinkedge,2,16,32,32.0,3125,0.01,1000,44.7,89,5.1385,591.3
4160e88c8f,Cycles,500,10,497,727,4,238,4,3,1631303526,dell_r6715,1,160,160,336.0,3125,0.01,1000,72.8,374,3.8225,286.82
074dd40fdb,Cycles,500,10,497,727,4,238,4,3,1631303526,dell_r6725,1,320,320,672.0,3125,0.01,1000,135,711,3.7476,510.01
d9d32658d3,Cycles,500,10,497,727,4,238,4,3,1631303526,lenovo_sr850,1,344,344,688.0,3125,0.01,1000,450,1578,3.7461,1693.03
f4643cae38,Cycles,700,1,697,1024,4,338,4,3,2298171376,lenovo_st45,1,12,12,40.8,3125,0.01,1000,21.5,105,6.3105,477.63
674b216951,Cycles,700,1,697,1024,4,338,4,3,2298171376,lenovo_thinkedge,2,16,32,32.0,3125,0.01,1000,44.7,89,5.6409,677.77
e44bdca387,Cycles,700,1,697,1024,4,338,4,3,2298171376,dell_r6715,1,160,160,336.0,3125,0.01,1000,72.8,374,5.2654,394.55
4c6390e6f1,Cycles,700,1,697,1024,4,338,4,3,2298171376,dell_r6725,1,320,320,672.0,3125,0.01,1000,135,711,5.2453,713.48
4ada20dda6,Cycles,700,1,697,1024,4,338,4,3,2298171376,lenovo_sr850,1,344,344,688.0,3125,0.01,1000,450,1578,5.2447,2369.68
a059287d3d,Cycles,700,2,697,1024,4,338,4,3,2341257665,lenovo_st45,1,12,12,40.8,3125,0.01,1000,21.5,105,7.4981,529.38
60c2431478,Cycles,700,2,697,1024,4,338,4,3,2341257665,lenovo_thinkedge,2,16,32,32.0,3125,0.01,1000,44.7,89,6.9551,808.56
e53d31af02,Cycles,700,2,697,1024,4,338,4,3,2341257665,dell_r6715,1,160,160,336.0,3125,0.01,1000,72.8,374,5.4847,411.38
e1a53dce52,Cycles,700,2,697,1024,4,338,4,3,2341257665,dell_r6725,1,320,320,672.0,3125,0.01,1000,135,711,5.4064,735.64
5c7c6aeae6,Cycles,700,2,697,1024,4,338,4,3,2341257665,lenovo_sr850,1,344,344,688.0,3125,0.01,1000,450,1578,5.4051,2442.59
64d518e980,Cycles,700,3,697,1024,4,338,4,3,2358632406,lenovo_st45,1,12,12,40.8,3125,0.01,1000,21.5,105,6.446,494.64
ba781f1a44,Cycles,700,3,697,1024,4,338,4,3,2358632406,lenovo_thinkedge,2,16,32,32.0,3125,0.01,1000,44.7,89,5.5714,678.72
2fbe293783,Cycles,700,3,697,1024,4,338,4,3,2358632406,dell_r6715,1,160,160,336.0,3125,0.01,1000,72.8,374,5.3882,403.96
c9aac4bee4,Cycles,700,3,697,1024,4,338,4,3,2358632406,dell_r6725,1,320,320,672.0,3125,0.01,1000,135,711,5.379,731.76
445565f0d1,Cycles,700,3,697,1024,4,338,4,3,2358632406,lenovo_sr850,1,344,344,688.0,3125,0.01,1000,450,1578,5.3785,2430.29
22caf957fc,Cycles,700,4,697,1024,4,338,4,3,2408520626,lenovo_st45,1,12,12,40.8,3125,0.01,1000,21.5,105,6.3622,481.1
2372f89071,Cycles,700,4,697,1024,4,338,4,3,2408520626,lenovo_thinkedge,2,16,32,32.0,3125,0.01,1000,44.7,89,5.7071,684.89
6630111b12,Cycles,700,4,697,1024,4,338,4,3,2408520626,dell_r6715,1,160,160,336.0,3125,0.01,1000,72.8,374,5.5312,413.98
023b181f4d,Cycles,700,4,697,1024,4,338,4,3,2408520626,dell_r6725,1,320,320,672.0,3125,0.01,1000,135,711,5.5217,750.84
cb07a2cebe,Cycles,700,4,697,1024,4,338,4,3,2408520626,lenovo_sr850,1,344,344,688.0,3125,0.01,1000,450,1578,5.5215,2494.32
9498bcd833,Cycles,700,5,697,1024,4,338,4,3,2344400591,lenovo_st45,1,12,12,40.8,3125,0.01,1000,21.5,105,6.554,503.87
6aaafb7e4c,Cycles,700,5,697,1024,4,338,4,3,2344400591,lenovo_thinkedge,2,16,32,32.0,3125,0.01,1000,44.7,89,5.6049,685.21
d52b50c46e,Cycles,700,5,697,1024,4,338,4,3,2344400591,dell_r6715,1,160,160,336.0,3125,0.01,1000,72.8,374,5.3772,403.39
0f6a71bbcb,Cycles,700,5,697,1024,4,338,4,3,2344400591,dell_r6725,1,320,320,672.0,3125,0.01,1000,135,711,5.3666,730.19
e3d1d0bc31,Cycles,700,5,697,1024,4,338,4,3,2344400591,lenovo_sr850,1,344,344,688.0,3125,0.01,1000,450,1578,5.3674,2425.48
81a1ff83ba,Cycles,700,6,697,1024,4,338,4,3,2285525042,lenovo_st45,1,12,12,40.8,3125,0.01,1000,21.5,105,7.2391,514.88
5ae2054abe,Cycles,700,6,697,1024,4,338,4,3,2285525042,lenovo_thinkedge,2,16,32,32.0,3125,0.01,1000,44.7,89,6.7073,781.88
46a3090d6f,Cycles,700,6,697,1024,4,338,4,3,2285525042,dell_r6715,1,160,160,336.0,3125,0.01,1000,72.8,374,5.3418,400.69
47f637deb4,Cycles,700,6,697,1024,4,338,4,3,2285525042,dell_r6725,1,320,320,672.0,3125,0.01,1000,135,711,5.2698,717.07
b8cb0bf3d9,Cycles,700,6,697,1024,4,338,4,3,2285525042,lenovo_sr850,1,344,344,688.0,3125,0.01,1000,450,1578,5.2682,2380.72
137ccd3a58,Cycles,700,7,697,1024,4,338,4,3,2361065133,lenovo_st45,1,12,12,40.8,3125,0.01,1000,21.5,105,7.4344,506.8
cadc39322e,Cycles,700,7,697,1024,4,338,4,3,2361065133,lenovo_thinkedge,2,16,32,32.0,3125,0.01,1000,44.7,89,7.047,806.02
dc19cbc0ae,Cycles,700,7,697,1024,4,338,4,3,2361065133,dell_r6715,1,160,160,336.0,3125,0.01,1000,72.8,374,5.562,416.31
f779924f38,Cycles,700,7,697,1024,4,338,4,3,2361065133,dell_r6725,1,320,320,672.0,3125,0.01,1000,135,711,5.4837,745.75
5399b41edd,Cycles,700,7,697,1024,4,338,4,3,2361065133,lenovo_sr850,1,344,344,688.0,3125,0.01,1000,450,1578,5.4816,2476.42
465f139736,Cycles,700,8,697,1024,4,338,4,3,2382055790,lenovo_st45,1,12,12,40.8,3125,0.01,1000,21.5,105,6.4049,480.31
f264f0c5e5,Cycles,700,8,697,1024,4,338,4,3,2382055790,lenovo_thinkedge,2,16,32,32.0,3125,0.01,1000,44.7,89,5.6511,679.02
bc1c69f05d,Cycles,700,8,697,1024,4,338,4,3,2382055790,dell_r6715,1,160,160,336.0,3125,0.01,1000,72.8,374,5.4733,409.71
7770bb0b53,Cycles,700,8,697,1024,4,338,4,3,2382055790,dell_r6725,1,320,320,672.0,3125,0.01,1000,135,711,5.4636,742.97
a577d4e271,Cycles,700,8,697,1024,4,338,4,3,2382055790,lenovo_sr850,1,344,344,688.0,3125,0.01,1000,450,1578,5.4635,2468.15
4e7dca563e,Cycles,700,9,697,1024,4,338,4,3,2384604848,lenovo_st45,1,12,12,40.8,3125,0.01,1000,21.5,105,6.3224,482.93
a35c0d0863,Cycles,700,9,697,1024,4,338,4,3,2384604848,lenovo_thinkedge,2,16,32,32.0,3125,0.01,1000,44.7,89,5.6547,681.57
a663c2aba3,Cycles,700,9,697,1024,4,338,4,3,2384604848,dell_r6715,1,160,160,336.0,3125,0.01,1000,72.8,374,5.4657,409.3
ebececbd96,Cycles,700,9,697,1024,4,338,4,3,2384604848,dell_r6725,1,320,320,672.0,3125,0.01,1000,135,711,5.4557,741.97
01724222f8,Cycles,700,9,697,1024,4,338,4,3,2384604848,lenovo_sr850,1,344,344,688.0,3125,0.01,1000,450,1578,5.4557,2464.76
e3ddb01afd,Cycles,700,10,697,1024,4,338,4,3,2348150740,lenovo_st45,1,12,12,40.8,3125,0.01,1000,21.5,105,7.1845,522.04
98dfb3128c,Cycles,700,10,697,1024,4,338,4,3,2348150740,lenovo_thinkedge,2,16,32,32.0,3125,0.01,1000,44.7,89,6.6841,784.04
41902b611b,Cycles,700,10,697,1024,4,338,4,3,2348150740,dell_r6715,1,160,160,336.0,3125,0.01,1000,72.8,374,5.493,411.96
eb8c8f47e2,Cycles,700,10,697,1024,4,338,4,3,2348150740,dell_r6725,1,320,320,672.0,3125,0.01,1000,135,711,5.4314,739.02
377eafdf9f,Cycles,700,10,697,1024,4,338,4,3,2348150740,lenovo_sr850,1,344,344,688.0,3125,0.01,1000,450,1578,5.4298,2453.7
48baa9248e,Cycles,1000,1,998,1466,4,484,4,3,3358285478,lenovo_st45,1,12,12,40.8,3125,0.01,1000,21.5,105,9.9219,716.3
a6b50656ea,Cycles,1000,1,998,1466,4,484,4,3,3358285478,lenovo_thinkedge,2,16,32,32.0,3125,0.01,1000,44.7,89,9.3167,1088.09
05ff489d66,Cycles,1000,1,998,1466,4,484,4,3,3358285478,dell_r6715,1,160,160,336.0,3125,0.01,1000,72.8,374,7.7786,582.81
1ff1046d05,Cycles,1000,2,998,1466,4,484,4,3,3413471745,lenovo_st45,1,12,12,40.8,3125,0.01,1000,21.5,105,9.2372,703.1
2389ce8cc3,Cycles,1000,2,998,1466,4,484,4,3,3413471745,lenovo_thinkedge,2,16,32,32.0,3125,0.01,1000,44.7,89,8.3021,998.16
9602c65b93,Cycles,1000,2,998,1466,4,484,4,3,3413471745,dell_r6715,1,160,160,336.0,3125,0.01,1000,72.8,374,7.828,586.45
9a9bd65543,Cycles,1000,3,998,1472,4,484,4,3,3292688236,lenovo_st45,1,12,12,40.8,3125,0.01,1000,21.5,105,8.8317,706.46
6e56fcc815,Cycles,1000,3,998,1472,4,484,4,3,3292688236,lenovo_thinkedge,2,16,32,32.0,3125,0.01,1000,44.7,89,7.7925,958.73
980e2b6c2c,Cycles,1000,3,998,1472,4,484,4,3,3292688236,dell_r6715,1,160,160,336.0,3125,0.01,1000,72.8,374,7.522,564.57
a478f2c82e,Cycles,1000,4,997,1461,4,482,4,3,3371635351,lenovo_st45,1,12,12,40.8,3125,0.01,1000,21.5,105,9.6716,720.19
d2ef1eead5,Cycles,1000,4,997,1461,4,482,4,3,3371635351,lenovo_thinkedge,2,16,32,32.0,3125,0.01,1000,44.7,89,8.4887,1018.77
146d45e404,Cycles,1000,4,997,1461,4,482,4,3,3371635351,dell_r6715,1,160,160,336.0,3125,0.01,1000,72.8,374,7.7654,582.15
ffdcdf56b6,Cycles,1000,5,998,1466,4,484,4,3,3364811936,lenovo_st45,1,12,12,40.8,3125,0.01,1000,21.5,105,9.5269,723.87
917fef2d18,Cycles,1000,5,998,1466,4,484,4,3,3364811936,lenovo_thinkedge,2,16,32,32.0,3125,0.01,1000,44.7,89,8.7321,1043.97
2ed476fc74,Cycles,1000,5,998,1466,4,484,4,3,3364811936,dell_r6715,1,160,160,336.0,3125,0.01,1000,72.8,374,7.775,583.07
bf1651d07e,Cycles,1000,6,997,1461,4,482,4,3,3311471288,lenovo_st45,1,12,12,40.8,3125,0.01,1000,21.5,105,8.8973,692.92
e60cafb818,Cycles,1000,6,997,1461,4,482,4,3,3311471288,lenovo_thinkedge,2,16,32,32.0,3125,0.01,1000,44.7,89,7.7533,947.63
617eb28375,Cycles,1000,6,997,1461,4,482,4,3,3311471288,dell_r6715,1,160,160,336.0,3125,0.01,1000,72.8,374,7.5788,568.21
c6af85611c,Cycles,1000,7,998,1466,4,484,4,3,3325492765,lenovo_st45,1,12,12,40.8,3125,0.01,1000,21.5,105,9.4275,726.57
1cbd18b4ba,Cycles,1000,7,998,1466,4,484,4,3,3325492765,lenovo_thinkedge,2,16,32,32.0,3125,0.01,1000,44.7,89,8.1643,995.67
8eaef67125,Cycles,1000,7,998,1466,4,484,4,3,3325492765,dell_r6715,1,160,160,336.0,3125,0.01,1000,72.8,374,7.6061,570.94
46fce0bb56,Cycles,1000,8,997,1461,4,482,4,3,3324802135,lenovo_st45,1,12,12,40.8,3125,0.01,1000,21.5,105,8.9264,704.29
9c79082dc9,Cycles,1000,8,997,1461,4,482,4,3,3324802135,lenovo_thinkedge,2,16,32,32.0,3125,0.01,1000,44.7,89,7.7952,956.83
740a47b605,Cycles,1000,8,997,1461,4,482,4,3,3324802135,dell_r6715,1,160,160,336.0,3125,0.01,1000,72.8,374,7.5869,569.16
e2bf3d6f0e,Cycles,1000,9,998,1466,4,484,4,3,3414204035,lenovo_st45,1,12,12,40.8,3125,0.01,1000,21.5,105,9.984,735.81
318bb9366e,Cycles,1000,9,998,1466,4,484,4,3,3414204035,lenovo_thinkedge,2,16,32,32.0,3125,0.01,1000,44.7,89,9.177,1084.82
281f0bacc1,Cycles,1000,9,998,1466,4,484,4,3,3414204035,dell_r6715,1,160,160,336.0,3125,0.01,1000,72.8,374,7.9521,596.04
7e4fde900e,Cycles,1000,10,998,1468,4,484,4,3,3285528496,lenovo_st45,1,12,12,40.8,3125,0.01,1000,21.5,105,9.387,689.03
1fbac4232d,Cycles,1000,10,998,1468,4,484,4,3,3285528496,lenovo_thinkedge,2,16,32,32.0,3125,0.01,1000,44.7,89,8.8674,1039.92
9590a5f2b1,Cycles,1000,10,998,1468,4,484,4,3,3285528496,dell_r6715,1,160,160,336.0,3125,0.01,1000,72.8,374,7.6128,570.22
ef2e70f60f,Blast,50,1,48,135,3,45,3,3,156028257296,lenovo_st45,1,12,12,40.8,3125,0.01,1000,21.5,105,157.9307,4406.75
e9bdfecc62,Blast,50,1,48,135,3,45,3,3,156028257296,lenovo_thinkedge,2,16,32,32.0,3125,0.01,1000,44.7,89,160.6928,14878.96
43ea3498ea,Blast,50,1,48,135,3,45,3,3,156028257296,dell_r6715,1,160,160,336.0,3125,0.01,1000,72.8,374,156.436,11421.76
70842f74a4,Blast,50,1,48,135,3,45,3,3,156028257296,dell_r6725,1,320,320,672.0,3125,0.01,1000,135,711,156.2328,21107.31
f9a9225365,Blast,50,1,48,135,3,45,3,3,156028257296,lenovo_sr850,1,344,344,688.0,3125,0.01,1000,450,1578,156.2281,70330.91
33849054f9,Blast,50,2,48,135,3,45,3,3,171235464738,lenovo_st45,1,12,12,40.8,3125,0.01,1000,21.5,105,174.3269,4736.16
8a9518b1aa,Blast,50,2,48,135,3,45,3,3,171235464738,lenovo_thinkedge,2,16,32,32.0,3125,0.01,1000,44.7,89,175.7633,16214.55
7d4f42e5fb,Blast,50,2,48,135,3,45,3,3,171235464738,dell_r6715,1,160,160,336.0,3125,0.01,1000,72.8,374,171.7102,12532.96
fc20f4da83,Blast,50,2,48,135,3,45,3,3,171235464738,dell_r6725,1,320,320,672.0,3125,0.01,1000,135,711,171.4735,23164.44
b9006a4222,Blast,50,2,48,135,3,45,3,3,171235464738,lenovo_sr850,1,344,344,688.0,3125,0.01,1000,450,1578,171.468,77188.22
56318f1eaf,Blast,50,3,48,135,3,45,3,3,162868712224,lenovo_st45,1,12,12,40.8,3125,0.01,1000,21.5,105,165.8123,4449.2
d60bb3017a,Blast,50,3,48,135,3,45,3,3,162868712224,lenovo_thinkedge,2,16,32,32.0,3125,0.01,1000,44.7,89,167.0944,15386.84
16e0cc52dc,Blast,50,3,48,135,3,45,3,3,162868712224,dell_r6715,1,160,160,336.0,3125,0.01,1000,72.8,374,163.3599,11921.65
9f4b379e8d,Blast,50,3,48,135,3,45,3,3,162868712224,dell_r6725,1,320,320,672.0,3125,0.01,1000,135,711,163.1151,22034.43
214c3d39d1,Blast,50,3,48,135,3,45,3,3,162868712224,lenovo_sr850,1,344,344,688.0,3125,0.01,1000,450,1578,163.1094,73423.96
dc4c09faac,Blast,50,4,48,135,3,45,3,3,170479800628,lenovo_st45,1,12,12,40.8,3125,0.01,1000,21.5,105,174.5034,4669.72
b285685624,Blast,50,4,48,135,3,45,3,3,170479800628,lenovo_thinkedge,2,16,32,32.0,3125,0.01,1000,44.7,89,175.8395,16185.72
ec43e372f3,Blast,50,4,48,135,3,45,3,3,170479800628,dell_r6715,1,160,160,336.0,3125,0.01,1000,72.8,374,170.9852,12477.88
08bc5e84f2,Blast,50,4,48,135,3,45,3,3,170479800628,dell_r6725,1,320,320,672.0,3125,0.01,1000,135,711,170.7222,23061.91
db2b1e1f24,Blast,50,4,48,135,3,45,3,3,170479800628,lenovo_sr850,1,344,344,688.0,3125,0.01,1000,450,1578,170.716,76847.87
7ee36be88b,Blast,50,5,48,135,3,45,3,3,158398685765,lenovo_st45,1,12,12,40.8,3125,0.01,1000,21.5,105,161.9768,4427.39
337094d5ff,Blast,50,5,48,135,3,45,3,3,158398685765,lenovo_thinkedge,2,16,32,32.0,3125,0.01,1000,44.7,89,163.0637,15057.26
f2dbae8a82,Blast,50,5,48,135,3,45,3,3,158398685765,dell_r6715,1,160,160,336.0,3125,0.01,1000,72.8,374,158.7471,11587.83
cfa5e9c1b0,Blast,50,5,48,135,3,45,3,3,158398685765,dell_r6725,1,320,320,672.0,3125,0.01,1000,135,711,158.5736,21422.28
a41db747d0,Blast,50,5,48,135,3,45,3,3,158398685765,lenovo_sr850,1,344,344,688.0,3125,0.01,1000,450,1578,158.5696,71382.72
b2c4fac54a,Blast,50,6,48,135,3,45,3,3,144411816955,lenovo_st45,1,12,12,40.8,3125,0.01,1000,21.5,105,147.2276,4137.58
a1c4a0ab47,Blast,50,6,48,135,3,45,3,3,144411816955,lenovo_thinkedge,2,16,32,32.0,3125,0.01,1000,44.7,89,148.0016,13724.56
d91d4711f3,Blast,50,6,48,135,3,45,3,3,144411816955,dell_r6715,1,160,160,336.0,3125,0.01,1000,72.8,374,144.6991,10566.03
e2518d4c8b,Blast,50,6,48,135,3,45,3,3,144411816955,dell_r6725,1,320,320,672.0,3125,0.01,1000,135,711,144.5154,19524.84
a950d6bd67,Blast,50,6,48,135,3,45,3,3,144411816955,lenovo_sr850,1,344,344,688.0,3125,0.01,1000,450,1578,144.5111,65057.16
d872d31caa,Blast,50,7,48,135,3,45,3,3,164573346893,lenovo_st45,1,12,12,40.8,3125,0.01,1000,21.5,105,166.1564,4494.6
1777f9e965,Blast,50,7,48,135,3,45,3,3,164573346893,lenovo_thinkedge,2,16,32,32.0,3125,0.01,1000,44.7,89,167.9747,15484.82
363e4f19dd,Blast,50,7,48,135,3,45,3,3,164573346893,dell_r6715,1,160,160,336.0,3125,0.01,1000,72.8,374,165.0168,12043.52
e9dbf56a86,Blast,50,7,48,135,3,45,3,3,164573346893,dell_r6725,1,320,320,672.0,3125,0.01,1000,135,711,164.7908,22261.24
21c611b82a,Blast,50,7,48,135,3,45,3,3,164573346893,lenovo_sr850,1,344,344,688.0,3125,0.01,1000,450,1578,164.7856,74179.27
003ffe3418,Blast,50,8,48,135,3,45,3,3,164898553548,lenovo_st45,1,12,12,40.8,3125,0.01,1000,21.5,105,168.3868,4523.12
50d41edcc0,Blast,50,8,48,135,3,45,3,3,164898553548,lenovo_thinkedge,2,16,32,32.0,3125,0.01,1000,44.7,89,169.3456,15597.51
5eb7eec58f,Blast,50,8,48,135,3,45,3,3,164898553548,dell_r6715,1,160,160,336.0,3125,0.01,1000,72.8,374,165.4037,12071.04
e2dfcba8cc,Blast,50,8,48,135,3,45,3,3,164898553548,dell_r6725,1,320,320,672.0,3125,0.01,1000,135,711,165.1519,22309.68
b01de6eff2,Blast,50,8,48,135,3,45,3,3,164898553548,lenovo_sr850,1,344,344,688.0,3125,0.01,1000,450,1578,165.146,74340.94
7a6585396e,Blast,50,9,48,135,3,45,3,3,167695653351,lenovo_st45,1,12,12,40.8,3125,0.01,1000,21.5,105,171.2807,4576.03
4f8cc6c933,Blast,50,9,48,135,3,45,3,3,167695653351,lenovo_thinkedge,2,16,32,32.0,3125,0.01,1000,44.7,89,172.2662,15853.89
b17d3390da,Blast,50,9,48,135,3,45,3,3,167695653351,dell_r6715,1,160,160,336.0,3125,0.01,1000,72.8,374,168.0378,12262.5
ee432d47bf,Blast,50,9,48,135,3,45,3,3,167695653351,dell_r6725,1,320,320,672.0,3125,0.01,1000,135,711,167.8667,22676.04
bcb3a64283,Blast,50,9,48,135,3,45,3,3,167695653351,lenovo_sr850,1,344,344,688.0,3125,0.01,1000,450,1578,167.8628,75563.22
cfe2745f44,Blast,50,10,48,135,3,45,3,3,161786791930,lenovo_st45,1,12,12,40.8,3125,0.01,1000,21.5,105,165.6795,4448.59
2c3f53ae19,Blast,50,10,48,135,3,45,3,3,161786791930,lenovo_thinkedge,2,16,32,32.0,3125,0.01,1000,44.7,89,167.4167,15416.79
8dc82e6f70,Blast,50,10,48,135,3,45,3,3,161786791930,dell_r6715,1,160,160,336.0,3125,0.01,1000,72.8,374,162.2389,11840.12
5d2fd2bda2,Blast,50,10,48,135,3,45,3,3,161786791930,dell_r6725,1,320,320,672.0,3125,0.01,1000,135,711,161.9709,21880.0
e2f0629144,Blast,50,10,48,135,3,45,3,3,161786791930,lenovo_sr850,1,344,344,688.0,3125,0.01,1000,450,1578,161.9647,72908.88
c37161b622,Blast,100,1,98,285,3,95,3,3,345672067458,lenovo_st45,1,12,12,40.8,3125,0.01,1000,21.5,105,347.2257,9475.51
ed0e733e29,Blast,100,1,98,285,3,95,3,3,345672067458,lenovo_thinkedge,2,16,32,32.0,3125,0.01,1000,44.7,89,348.2184,32150.54
4843b282c7,Blast,100,1,98,285,3,95,3,3,345672067458,dell_r6715,1,160,160,336.0,3125,0.01,1000,72.8,374,346.2084,25270.01
6e8a29114e,Blast,100,1,98,285,3,95,3,3,345672067458,dell_r6725,1,320,320,672.0,3125,0.01,1000,135,711,345.9334,46732.58
04ea0411b1,Blast,100,1,98,285,3,95,3,3,345672067458,lenovo_sr850,1,344,344,688.0,3125,0.01,1000,450,1578,345.927,155723.34
a75f10773a,Blast,100,2,98,285,3,95,3,3,327381550050,lenovo_st45,1,12,12,40.8,3125,0.01,1000,21.5,105,330.5527,9177.69
fe2223dd5b,Blast,100,2,98,285,3,95,3,3,327381550050,lenovo_thinkedge,2,16,32,32.0,3125,0.01,1000,44.7,89,333.0729,30827.3
7cff7acb22,Blast,100,2,98,285,3,95,3,3,327381550050,dell_r6715,1,160,160,336.0,3125,0.01,1000,72.8,374,327.8864,23938.16
9ca9e923f5,Blast,100,2,98,285,3,95,3,3,327381550050,dell_r6725,1,320,320,672.0,3125,0.01,1000,135,711,327.6275,44262.24
62db62175c,Blast,100,2,98,285,3,95,3,3,327381550050,lenovo_sr850,1,344,344,688.0,3125,0.01,1000,450,1578,327.6215,147487.54
4c0432d6b0,Blast,100,3,98,285,3,95,3,3,348568087075,lenovo_st45,1,12,12,40.8,3125,0.01,1000,21.5,105,351.4704,9550.99
95a1499608,Blast,100,3,98,285,3,95,3,3,348568087075,lenovo_thinkedge,2,16,32,32.0,3125,0.01,1000,44.7,89,352.8222,32554.11
65c358f0e1,Blast,100,3,98,285,3,95,3,3,348568087075,dell_r6715,1,160,160,336.0,3125,0.01,1000,72.8,374,349.1445,25483.24
49a22e9929,Blast,100,3,98,285,3,95,3,3,348568087075,dell_r6725,1,320,320,672.0,3125,0.01,1000,135,711,348.8548,47126.73
8879fd95e6,Blast,100,3,98,285,3,95,3,3,348568087075,lenovo_sr850,1,344,344,688.0,3125,0.01,1000,450,1578,348.8481,157037.38
65dd74e580,Blast,100,4,98,285,3,95,3,3,343512754383,lenovo_st45,1,12,12,40.8,3125,0.01,1000,21.5,105,346.9559,9706.33
49a54b6aac,Blast,100,4,98,285,3,95,3,3,343512754383,lenovo_thinkedge,2,16,32,32.0,3125,0.01,1000,44.7,89,347.9021,32242.3
ccaf5ac874,Blast,100,4,98,285,3,95,3,3,343512754383,dell_r6715,1,160,160,336.0,3125,0.01,1000,72.8,374,344.0673,25121.91
8a06093487,Blast,100,4,98,285,3,95,3,3,343512754383,dell_r6725,1,320,320,672.0,3125,0.01,1000,135,711,343.7787,46445.41
38447e4e9b,Blast,100,4,98,285,3,95,3,3,343512754383,lenovo_sr850,1,344,344,688.0,3125,0.01,1000,450,1578,343.772,154760.18
cf01a09dc6,Blast,100,5,98,285,3,95,3,3,367578737456,lenovo_st45,1,12,12,40.8,3125,0.01,1000,21.5,105,371.1375,9934.19
265b4af581,Blast,100,5,98,285,3,95,3,3,367578737456,lenovo_thinkedge,2,16,32,32.0,3125,0.01,1000,44.7,89,371.9958,34248.12
8ff6d8630d,Blast,100,5,98,285,3,95,3,3,367578737456,dell_r6715,1,160,160,336.0,3125,0.01,1000,72.8,374,368.1593,26866.21
1e48ef93c7,Blast,100,5,98,285,3,95,3,3,367578737456,dell_r6725,1,320,320,672.0,3125,0.01,1000,135,711,367.8702,49693.17
07a85c6448,Blast,100,5,98,285,3,95,3,3,367578737456,lenovo_sr850,1,344,344,688.0,3125,0.01,1000,450,1578,367.8634,165593.17
d7aa166697,Blast,100,6,98,285,3,95,3,3,327356177319,lenovo_st45,1,12,12,40.8,3125,0.01,1000,21.5,105,331.7759,9201.58
9d862f845d,Blast,100,6,98,285,3,95,3,3,327356177319,lenovo_thinkedge,2,16,32,32.0,3125,0.01,1000,44.7,89,332.7542,30797.58
54ee25ead9,Blast,100,6,98,285,3,95,3,3,327356177319,dell_r6715,1,160,160,336.0,3125,0.01,1000,72.8,374,327.8425,23934.88
298308d230,Blast,100,6,98,285,3,95,3,3,327356177319,dell_r6725,1,320,320,672.0,3125,0.01,1000,135,711,327.5786,44255.59
b03a1c2082,Blast,100,6,98,285,3,95,3,3,327356177319,lenovo_sr850,1,344,344,688.0,3125,0.01,1000,450,1578,327.5724,147465.4
c22584c3c0,Blast,100,7,98,285,3,95,3,3,333374549961,lenovo_st45,1,12,12,40.8,3125,0.01,1000,21.5,105,337.6425,9357.88
1c58f867c7,Blast,100,7,98,285,3,95,3,3,333374549961,lenovo_thinkedge,2,16,32,32.0,3125,0.01,1000,44.7,89,338.8156,31354.78
2d3d92da92,Blast,100,7,98,285,3,95,3,3,333374549961,dell_r6715,1,160,160,336.0,3125,0.01,1000,72.8,374,333.8947,24376.48
85a151ccdb,Blast,100,7,98,285,3,95,3,3,333374549961,dell_r6725,1,320,320,672.0,3125,0.01,1000,135,711,333.6357,45073.79
4a58e6dbf6,Blast,100,7,98,285,3,95,3,3,333374549961,lenovo_sr850,1,344,344,688.0,3125,0.01,1000,450,1578,333.6297,150192.02
6b8f955037,Blast,100,8,98,285,3,95,3,3,335979300635,lenovo_st45,1,12,12,40.8,3125,0.01,1000,21.5,105,339.5416,9354.96
36faef0d4c,Blast,100,8,98,285,3,95,3,3,335979300635,lenovo_thinkedge,2,16,32,32.0,3125,0.01,1000,44.7,89,340.5207,31485.02
1241ae67b2,Blast,100,8,98,285,3,95,3,3,335979300635,dell_r6715,1,160,160,336.0,3125,0.01,1000,72.8,374,336.4257,24559.29
7a08ef01ae,Blast,100,8,98,285,3,95,3,3,335979300635,dell_r6725,1,320,320,672.0,3125,0.01,1000,135,711,336.1692,45415.12
d8a6a7da8e,Blast,100,8,98,285,3,95,3,3,335979300635,lenovo_sr850,1,344,344,688.0,3125,0.01,1000,450,1578,336.1633,151330.9
83bcb11cd8,Blast,100,9,98,285,3,95,3,3,341243771680,lenovo_st45,1,12,12,40.8,3125,0.01,1000,21.5,105,345.6786,9515.9
17224a240f,Blast,100,9,98,285,3,95,3,3,341243771680,lenovo_thinkedge,2,16,32,32.0,3125,0.01,1000,44.7,89,346.8579,32066.27
258c3e3573,Blast,100,9,98,285,3,95,3,3,341243771680,dell_r6715,1,160,160,336.0,3125,0.01,1000,72.8,374,341.7395,24947.09
4c94307d4b,Blast,100,9,98,285,3,95,3,3,341243771680,dell_r6725,1,320,320,672.0,3125,0.01,1000,135,711,341.4928,46134.25
a592c57567,Blast,100,9,98,285,3,95,3,3,341243771680,lenovo_sr850,1,344,344,688.0,3125,0.01,1000,450,1578,341.487,153727.4
69cfbace49,Blast,100,10,98,285,3,95,3,3,354253144086,lenovo_st45,1,12,12,40.8,3125,0.01,1000,21.5,105,358.6086,9778.91
20f6c3dc22,Blast,100,10,98,285,3,95,3,3,354253144086,lenovo_thinkedge,2,16,32,32.0,3125,0.01,1000,44.7,89,360.3269,33262.8
15a6761c70,Blast,100,10,98,285,3,95,3,3,354253144086,dell_r6715,1,160,160,336.0,3125,0.01,1000,72.8,374,354.7358,25892.73
6763b14825,Blast,100,10,98,285,3,95,3,3,354253144086,dell_r6725,1,320,320,672.0,3125,0.01,1000,135,711,354.4573,47884.23
64e6e035be,Blast,100,10,98,285,3,95,3,3,354253144086,lenovo_sr850,1,344,344,688.0,3125,0.01,1000,450,1578,354.4509,159560.7
9d35ae8d4d,Blast,150,1,148,435,3,145,3,3,481207159212,lenovo_st45,1,12,12,40.8,3125,0.01,1000,21.5,105,485.1964,13557.38
da96b2a4fe,Blast,150,1,148,435,3,145,3,3,481207159212,lenovo_thinkedge,2,16,32,32.0,3125,0.01,1000,44.7,89,486.9556,45119.56
54639c4467,Blast,150,1,148,435,3,145,3,3,481207159212,dell_r6715,1,160,160,336.0,3125,0.01,1000,72.8,374,481.7391,35173.29
622bdcb166,Blast,150,1,148,435,3,145,3,3,481207159212,dell_r6725,1,320,320,672.0,3125,0.01,1000,135,711,481.4655,65046.93
913a8dc4e5,Blast,150,1,148,435,3,145,3,3,481207159212,lenovo_sr850,1,344,344,688.0,3125,0.01,1000,450,1578,481.4591,216743.96
41bbff04f5,Blast,150,2,148,435,3,145,3,3,520057850393,lenovo_st45,1,12,12,40.8,3125,0.01,1000,21.5,105,522.5296,14411.22
3be31558d1,Blast,150,2,148,435,3,145,3,3,520057850393,lenovo_thinkedge,2,16,32,32.0,3125,0.01,1000,44.7,89,525.352,48578.17
10dccf3272,Blast,150,2,148,435,3,145,3,3,520057850393,dell_r6715,1,160,160,336.0,3125,0.01,1000,72.8,374,520.6351,38006.6
cc9cc6eb86,Blast,150,2,148,435,3,145,3,3,520057850393,dell_r6725,1,320,320,672.0,3125,0.01,1000,135,711,520.3479,70296.86
c6175c9ebb,Blast,150,2,148,435,3,145,3,3,520057850393,lenovo_sr850,1,344,344,688.0,3125,0.01,1000,450,1578,520.3412,234242.32
9a546e3e0f,Blast,150,3,148,435,3,145,3,3,501987369588,lenovo_st45,1,12,12,40.8,3125,0.01,1000,21.5,105,505.0998,13987.04
27377432b1,Blast,150,3,148,435,3,145,3,3,501987369588,lenovo_thinkedge,2,16,32,32.0,3125,0.01,1000,44.7,89,506.817,46896.06
4a6efcb147,Blast,150,3,148,435,3,145,3,3,501987369588,dell_r6715,1,160,160,336.0,3125,0.01,1000,72.8,374,502.3387,36672.99
6bf50d56b2,Blast,150,3,148,435,3,145,3,3,501987369588,dell_r6725,1,320,320,672.0,3125,0.01,1000,135,711,502.1439,67838.54
108cf2cfa0,Blast,150,3,148,435,3,145,3,3,501987369588,lenovo_sr850,1,344,344,688.0,3125,0.01,1000,450,1578,502.1393,226050.1
6437200a17,Blast,150,4,148,435,3,145,3,3,507249501128,lenovo_st45,1,12,12,40.8,3125,0.01,1000,21.5,105,511.271,14022.96
28fe432d85,Blast,150,4,148,435,3,145,3,3,507249501128,lenovo_thinkedge,2,16,32,32.0,3125,0.01,1000,44.7,89,512.4535,47350.87
c18a4839e2,Blast,150,4,148,435,3,145,3,3,507249501128,dell_r6715,1,160,160,336.0,3125,0.01,1000,72.8,374,507.7854,37066.34
873c730291,Blast,150,4,148,435,3,145,3,3,507249501128,dell_r6725,1,320,320,672.0,3125,0.01,1000,135,711,507.4994,68560.02
710e742335,Blast,150,4,148,435,3,145,3,3,507249501128,lenovo_sr850,1,344,344,688.0,3125,0.01,1000,450,1578,507.4928,228456.45
220ea3cdbc,Blast,150,5,148,435,3,145,3,3,524330437225,lenovo_st45,1,12,12,40.8,3125,0.01,1000,21.5,105,527.2344,14418.85
8abc9cca82,Blast,150,5,148,435,3,145,3,3,524330437225,lenovo_thinkedge,2,16,32,32.0,3125,0.01,1000,44.7,89,528.9557,48852.89
c4660b9a02,Blast,150,5,148,435,3,145,3,3,524330437225,dell_r6715,1,160,160,336.0,3125,0.01,1000,72.8,374,524.8246,38308.52
16b3725a15,Blast,150,5,148,435,3,145,3,3,524330437225,dell_r6725,1,320,320,672.0,3125,0.01,1000,135,711,524.5626,70864.38
2f7b0a1c40,Blast,150,5,148,435,3,145,3,3,524330437225,lenovo_sr850,1,344,344,688.0,3125,0.01,1000,450,1578,524.5565,236136.6
949cc1b27a,Blast,150,6,148,435,3,145,3,3,504830145519,lenovo_st45,1,12,12,40.8,3125,0.01,1000,21.5,105,507.5492,14028.91
34be1ca2cf,Blast,150,6,148,435,3,145,3,3,504830145519,lenovo_thinkedge,2,16,32,32.0,3125,0.01,1000,44.7,89,510.7617,47243.24
f0e6ccae44,Blast,150,6,148,435,3,145,3,3,504830145519,dell_r6715,1,160,160,336.0,3125,0.01,1000,72.8,374,505.4053,36895.89
ad8ede491b,Blast,150,6,148,435,3,145,3,3,504830145519,dell_r6725,1,320,320,672.0,3125,0.01,1000,135,711,505.1192,68240.04
a24dec3234,Blast,150,6,148,435,3,145,3,3,504830145519,lenovo_sr850,1,344,344,688.0,3125,0.01,1000,450,1578,505.1125,227387.74
8ee02c69a2,Blast,150,7,148,435,3,145,3,3,514263647046,lenovo_st45,1,12,12,40.8,3125,0.01,1000,21.5,105,518.4891,14221.86
b3d3d4bdbc,Blast,150,7,148,435,3,145,3,3,514263647046,lenovo_thinkedge,2,16,32,32.0,3125,0.01,1000,44.7,89,519.6502,48016.43
9d92650edb,Blast,150,7,148,435,3,145,3,3,514263647046,dell_r6715,1,160,160,336.0,3125,0.01,1000,72.8,374,514.7448,37574.42
20aa90b648,Blast,150,7,148,435,3,145,3,3,514263647046,dell_r6725,1,320,320,672.0,3125,0.01,1000,135,711,514.4885,69504.23
a6cf27c1f0,Blast,150,7,148,435,3,145,3,3,514263647046,lenovo_sr850,1,344,344,688.0,3125,0.01,1000,450,1578,514.4825,231603.04
f061f6ffdd,Blast,150,8,148,435,3,145,3,3,526083623782,lenovo_st45,1,12,12,40.8,3125,0.01,1000,21.5,105,528.4385,14535.8
f4099b35dc,Blast,150,8,148,435,3,145,3,3,526083623782,lenovo_thinkedge,2,16,32,32.0,3125,0.01,1000,44.7,89,529.9747,48990.18
6f927f7a4c,Blast,150,8,148,435,3,145,3,3,526083623782,dell_r6715,1,160,160,336.0,3125,0.01,1000,72.8,374,526.491,38432.83
383eae96bb,Blast,150,8,148,435,3,145,3,3,526083623782,dell_r6725,1,320,320,672.0,3125,0.01,1000,135,711,526.2888,71098.84
2b1d5f1ff2,Blast,150,8,148,435,3,145,3,3,526083623782,lenovo_sr850,1,344,344,688.0,3125,0.01,1000,450,1578,526.2841,236916.56
db9c55b499,Blast,150,9,148,435,3,145,3,3,520508975313,lenovo_st45,1,12,12,40.8,3125,0.01,1000,21.5,105,525.3589,14485.47
85a2619103,Blast,150,9,148,435,3,145,3,3,520508975313,lenovo_thinkedge,2,16,32,32.0,3125,0.01,1000,44.7,89,526.6917,48704.75
82663edf36,Blast,150,9,148,435,3,145,3,3,520508975313,dell_r6715,1,160,160,336.0,3125,0.01,1000,72.8,374,520.9216,38027.89
75ceb56b33,Blast,150,9,148,435,3,145,3,3,520508975313,dell_r6725,1,320,320,672.0,3125,0.01,1000,135,711,520.6707,70340.64
0e41cff740,Blast,150,9,148,435,3,145,3,3,520508975313,lenovo_sr850,1,344,344,688.0,3125,0.01,1000,450,1578,520.667,234389.29
bde3228c33,Blast,150,10,148,435,3,145,3,3,516022667390,lenovo_st45,1,12,12,40.8,3125,0.01,1000,21.5,105,519.6291,14293.75
20e34dd47e,Blast,150,10,148,435,3,145,3,3,516022667390,lenovo_thinkedge,2,16,32,32.0,3125,0.01,1000,44.7,89,520.62,48127.17
f95ab8b07e,Blast,150,10,148,435,3,145,3,3,516022667390,dell_r6715,1,160,160,336.0,3125,0.01,1000,72.8,374,516.484,37702.59
417ddbb666,Blast,150,10,148,435,3,145,3,3,516022667390,dell_r6725,1,320,320,672.0,3125,0.01,1000,135,711,516.2477,69742.47
406788ac4c,Blast,150,10,148,435,3,145,3,3,516022667390,lenovo_sr850,1,344,344,688.0,3125,0.01,1000,450,1578,516.2425,232396.38
88a128d41d,Blast,200,1,198,585,3,195,3,3,680165456600,lenovo_st45,1,12,12,40.8,3125,0.01,1000,21.5,105,682.6997,19010.3
e80d6568df,Blast,200,1,198,585,3,195,3,3,680165456600,lenovo_thinkedge,2,16,32,32.0,3125,0.01,1000,44.7,89,684.5292,63394.79
c6e9f4968d,Blast,200,1,198,585,3,195,3,3,680165456600,dell_r6715,1,160,160,336.0,3125,0.01,1000,72.8,374,680.5006,49682.77
ff02adb40d,Blast,200,1,198,585,3,195,3,3,680165456600,dell_r6725,1,320,320,672.0,3125,0.01,1000,135,711,680.4064,91922.91
70c0c0b35b,Blast,200,1,198,585,3,195,3,3,680165456600,lenovo_sr850,1,344,344,688.0,3125,0.01,1000,450,1578,680.4009,306301.49
8c63d8dae3,Blast,200,2,198,585,3,195,3,3,696752797233,lenovo_st45,1,12,12,40.8,3125,0.01,1000,21.5,105,700.2091,19323.87
91d545a6b4,Blast,200,2,198,585,3,195,3,3,696752797233,lenovo_thinkedge,2,16,32,32.0,3125,0.01,1000,44.7,89,701.2827,64860.64
c938ca6180,Blast,200,2,198,585,3,195,3,3,696752797233,dell_r6715,1,160,160,336.0,3125,0.01,1000,72.8,374,697.1759,50894.66
f5e3145f42,Blast,200,2,198,585,3,195,3,3,696752797233,dell_r6725,1,320,320,672.0,3125,0.01,1000,135,711,697.01,94163.41
de7a0acc41,Blast,200,2,198,585,3,195,3,3,696752797233,lenovo_sr850,1,344,344,688.0,3125,0.01,1000,450,1578,697.0041,313771.17
ea8dabe7fa,Blast,200,3,198,585,3,195,3,3,710494466948,lenovo_st45,1,12,12,40.8,3125,0.01,1000,21.5,105,713.531,19770.73
8a1e177cfd,Blast,200,3,198,585,3,195,3,3,710494466948,lenovo_thinkedge,2,16,32,32.0,3125,0.01,1000,44.7,89,714.7355,66144.72
61a8db0a3d,Blast,200,3,198,585,3,195,3,3,710494466948,dell_r6715,1,160,160,336.0,3125,0.01,1000,72.8,374,710.9372,51901.75
4e330cee49,Blast,200,3,198,585,3,195,3,3,710494466948,dell_r6725,1,320,320,672.0,3125,0.01,1000,135,711,710.7373,96019.11
d61838ce26,Blast,200,3,198,585,3,195,3,3,710494466948,lenovo_sr850,1,344,344,688.0,3125,0.01,1000,450,1578,710.7317,319953.08
fdf12d0733,Blast,200,4,198,585,3,195,3,3,667569677239,lenovo_st45,1,12,12,40.8,3125,0.01,1000,21.5,105,671.9142,18532.18
279fc663af,Blast,200,4,198,585,3,195,3,3,667569677239,lenovo_thinkedge,2,16,32,32.0,3125,0.01,1000,44.7,89,673.0658,62245.03
77dc6ecd66,Blast,200,4,198,585,3,195,3,3,667569677239,dell_r6715,1,160,160,336.0,3125,0.01,1000,72.8,374,668.0536,48768.53
2e63b3ed19,Blast,200,4,198,585,3,195,3,3,667569677239,dell_r6725,1,320,320,672.0,3125,0.01,1000,135,711,667.7679,90212.84
e75e31cd1e,Blast,200,4,198,585,3,195,3,3,667569677239,lenovo_sr850,1,344,344,688.0,3125,0.01,1000,450,1578,667.7623,300607.24
a36f86f5c1,Blast,200,5,198,585,3,195,3,3,725008087871,lenovo_st45,1,12,12,40.8,3125,0.01,1000,21.5,105,729.6202,19834.05
3309b45d4c,Blast,200,5,198,585,3,195,3,3,725008087871,lenovo_thinkedge,2,16,32,32.0,3125,0.01,1000,44.7,89,730.8875,67445.34
5ddd535445,Blast,200,5,198,585,3,195,3,3,725008087871,dell_r6715,1,160,160,336.0,3125,0.01,1000,72.8,374,725.4246,52947.15
34aa482233,Blast,200,5,198,585,3,195,3,3,725008087871,dell_r6725,1,320,320,672.0,3125,0.01,1000,135,711,725.3042,97981.21
120a333404,Blast,200,5,198,585,3,195,3,3,725008087871,lenovo_sr850,1,344,344,688.0,3125,0.01,1000,450,1578,725.2974,326499.74
14617c8e47,Blast,200,6,198,585,3,195,3,3,689034299178,lenovo_st45,1,12,12,40.8,3125,0.01,1000,21.5,105,691.7931,18839.64
a4fbb8a095,Blast,200,6,198,585,3,195,3,3,689034299178,lenovo_thinkedge,2,16,32,32.0,3125,0.01,1000,44.7,89,692.9524,63962.05
a97f201b84,Blast,200,6,198,585,3,195,3,3,689034299178,dell_r6715,1,160,160,336.0,3125,0.01,1000,72.8,374,689.0965,50296.52
93dee9e6ba,Blast,200,6,198,585,3,195,3,3,689034299178,dell_r6725,1,320,320,672.0,3125,0.01,1000,135,711,689.3053,93118.51
31af59c995,Blast,200,6,198,585,3,195,3,3,689034299178,lenovo_sr850,1,344,344,688.0,3125,0.01,1000,450,1578,689.299,310295.38
300696061e,Blast,200,7,198,585,3,195,3,3,674622763750,lenovo_st45,1,12,12,40.8,3125,0.01,1000,21.5,105,679.2527,18726.61
f797559b15,Blast,200,7,198,585,3,195,3,3,674622763750,lenovo_thinkedge,2,16,32,32.0,3125,0.01,1000,44.7,89,680.5249,62930.47
96527a94a8,Blast,200,7,198,585,3,195,3,3,674622763750,dell_r6715,1,160,160,336.0,3125,0.01,1000,72.8,374,675.1885,49289.16
27342c0a2e,Blast,200,7,198,585,3,195,3,3,674622763750,dell_r6725,1,320,320,672.0,3125,0.01,1000,135,711,674.8909,91175.02
f55b790ae7,Blast,200,7,198,585,3,195,3,3,674622763750,lenovo_sr850,1,344,344,688.0,3125,0.01,1000,450,1578,674.8844,303813.17
bd5423e0d3,Blast,200,8,198,585,3,195,3,3,703495571413,lenovo_st45,1,12,12,40.8,3125,0.01,1000,21.5,105,707.4593,19347.29
b2c5d40653,Blast,200,8,198,585,3,195,3,3,703495571413,lenovo_thinkedge,2,16,32,32.0,3125,0.01,1000,44.7,89,708.6161,65449.05
78e6ddbafd,Blast,200,8,198,585,3,195,3,3,703495571413,dell_r6715,1,160,160,336.0,3125,0.01,1000,72.8,374,703.7818,51371.22
8ff009fb7a,Blast,200,8,198,585,3,195,3,3,703495571413,dell_r6725,1,320,320,672.0,3125,0.01,1000,135,711,703.718,95066.9
fab1ec92b0,Blast,200,8,198,585,3,195,3,3,703495571413,lenovo_sr850,1,344,344,688.0,3125,0.01,1000,450,1578,703.7128,316786.38
f53ca96d29,Blast,200,9,198,585,3,195,3,3,684184048086,lenovo_st45,1,12,12,40.8,3125,0.01,1000,21.5,105,687.8216,18803.02
a4c1a3bfb1,Blast,200,9,198,585,3,195,3,3,684184048086,lenovo_thinkedge,2,16,32,32.0,3125,0.01,1000,44.7,89,689.1414,63646.09
a564201f35,Blast,200,9,198,585,3,195,3,3,684184048086,dell_r6715,1,160,160,336.0,3125,0.01,1000,72.8,374,684.5683,49968.47
0138664962,Blast,200,9,198,585,3,195,3,3,684184048086,dell_r6725,1,320,320,672.0,3125,0.01,1000,135,711,684.3262,92447.09
d5fbbaff0d,Blast,200,9,198,585,3,195,3,3,684184048086,lenovo_sr850,1,344,344,688.0,3125,0.01,1000,450,1578,684.3229,308057.52
0f8f929d34,Blast,200,10,198,585,3,195,3,3,726247983440,lenovo_st45,1,12,12,40.8,3125,0.01,1000,21.5,105,729.8472,19729.64
89739fbce5,Blast,200,10,198,585,3,195,3,3,726247983440,lenovo_thinkedge,2,16,32,32.0,3125,0.01,1000,44.7,89,730.9445,67394.99
49ef563f3a,Blast,200,10,198,585,3,195,3,3,726247983440,dell_r6715,1,160,160,336.0,3125,0.01,1000,72.8,374,726.656,53033.21
51beb4d4c0,Blast,200,10,198,585,3,195,3,3,726247983440,dell_r6725,1,320,320,672.0,3125,0.01,1000,135,711,726.4644,98136.12
2d7acc003d,Blast,200,10,198,585,3,195,3,3,726247983440,lenovo_sr850,1,344,344,688.0,3125,0.01,1000,450,1578,726.4595,327019.62
02fa354954,Blast,250,1,248,735,3,245,3,3,871394412492,lenovo_st45,1,12,12,40.8,3125,0.01,1000,21.5,105,875.0761,24140.32
cfbab6e5ba,Blast,250,1,248,735,3,245,3,3,871394412492,lenovo_thinkedge,2,16,32,32.0,3125,0.01,1000,44.7,89,876.0748,81023.21
95d9e410a0,Blast,250,1,248,735,3,245,3,3,871394412492,dell_r6715,1,160,160,336.0,3125,0.01,1000,72.8,374,871.8373,63644.72
a0dd75a16e,Blast,250,1,248,735,3,245,3,3,871394412492,dell_r6725,1,320,320,672.0,3125,0.01,1000,135,711,871.6886,117761.61
fb0bb88475,Blast,250,1,248,735,3,245,3,3,871394412492,lenovo_sr850,1,344,344,688.0,3125,0.01,1000,450,1578,871.6819,392405.68
e8e9817cac,Blast,250,2,248,735,3,245,3,3,833937476302,lenovo_st45,1,12,12,40.8,3125,0.01,1000,21.5,105,838.3663,23257.81
9d5ba5097d,Blast,250,2,248,735,3,245,3,3,833937476302,lenovo_thinkedge,2,16,32,32.0,3125,0.01,1000,44.7,89,839.583,77713.54
aa5874f63f,Blast,250,2,248,735,3,245,3,3,833937476302,dell_r6715,1,160,160,336.0,3125,0.01,1000,72.8,374,834.2547,60905.65
0049c5ffd0,Blast,250,2,248,735,3,245,3,3,833937476302,dell_r6725,1,320,320,672.0,3125,0.01,1000,135,711,834.1808,112696.6
8aa9d9d7a4,Blast,250,2,248,735,3,245,3,3,833937476302,lenovo_sr850,1,344,344,688.0,3125,0.01,1000,450,1578,834.1742,375524.65
8ce4d08792,Blast,250,3,248,735,3,245,3,3,876345379210,lenovo_st45,1,12,12,40.8,3125,0.01,1000,21.5,105,879.7376,24255.04
1b75d2e49a,Blast,250,3,248,735,3,245,3,3,876345379210,lenovo_thinkedge,2,16,32,32.0,3125,0.01,1000,44.7,89,880.6692,81441.3
70a15cf9c0,Blast,250,3,248,735,3,245,3,3,876345379210,dell_r6715,1,160,160,336.0,3125,0.01,1000,72.8,374,876.7613,64003.67
8fdacd9e1e,Blast,250,3,248,735,3,245,3,3,876345379210,dell_r6725,1,320,320,672.0,3125,0.01,1000,135,711,876.5312,118415.6
22c2bc865e,Blast,250,3,248,735,3,245,3,3,876345379210,lenovo_sr850,1,344,344,688.0,3125,0.01,1000,450,1578,876.5267,394586.29
d7cadaf3c9,Blast,250,4,248,735,3,245,3,3,886930108717,lenovo_st45,1,12,12,40.8,3125,0.01,1000,21.5,105,891.6613,24733.72
545be1a0f1,Blast,250,4,248,735,3,245,3,3,886930108717,lenovo_thinkedge,2,16,32,32.0,3125,0.01,1000,44.7,89,892.555,82616.69
1fceada62f,Blast,250,4,248,735,3,245,3,3,886930108717,dell_r6715,1,160,160,336.0,3125,0.01,1000,72.8,374,887.3079,64778.76
d1c97adcf3,Blast,250,4,248,735,3,245,3,3,886930108717,dell_r6725,1,320,320,672.0,3125,0.01,1000,135,711,887.1456,119852.03
8f23112f89,Blast,250,4,248,735,3,245,3,3,886930108717,lenovo_sr850,1,344,344,688.0,3125,0.01,1000,450,1578,887.1407,399368.78
90827db4a3,Blast,250,5,248,735,3,245,3,3,899556301946,lenovo_st45,1,12,12,40.8,3125,0.01,1000,21.5,105,904.315,24821.68
4f01862a97,Blast,250,5,248,735,3,245,3,3,899556301946,lenovo_thinkedge,2,16,32,32.0,3125,0.01,1000,44.7,89,905.6224,83691.52
4d3db2112e,Blast,250,5,248,735,3,245,3,3,899556301946,dell_r6715,1,160,160,336.0,3125,0.01,1000,72.8,374,900.1381,65706.76
622f39dae1,Blast,250,5,248,735,3,245,3,3,899556301946,dell_r6725,1,320,320,672.0,3125,0.01,1000,135,711,899.7755,121554.17
575f60f07e,Blast,250,5,248,735,3,245,3,3,899556301946,lenovo_sr850,1,344,344,688.0,3125,0.01,1000,450,1578,899.7705,405047.04
8356ef7ee5,Blast,250,6,248,735,3,245,3,3,833523642729,lenovo_st45,1,12,12,40.8,3125,0.01,1000,21.5,105,834.7763,22967.32
4819e02315,Blast,250,6,248,735,3,245,3,3,833523642729,lenovo_thinkedge,2,16,32,32.0,3125,0.01,1000,44.7,89,837.1121,77384.42
be74d984a7,Blast,250,6,248,735,3,245,3,3,833523642729,dell_r6715,1,160,160,336.0,3125,0.01,1000,72.8,374,833.6098,60851.7
5a8b1f6e3a,Blast,250,6,248,735,3,245,3,3,833523642729,dell_r6725,1,320,320,672.0,3125,0.01,1000,135,711,833.8002,112641.86
bc139df286,Blast,250,6,248,735,3,245,3,3,833523642729,lenovo_sr850,1,344,344,688.0,3125,0.01,1000,450,1578,833.7939,375347.52
5ccf375541,Blast,250,7,248,735,3,245,3,3,924167320138,lenovo_st45,1,12,12,40.8,3125,0.01,1000,21.5,105,928.9062,25014.32
7b9e34b386,Blast,250,7,248,735,3,245,3,3,924167320138,lenovo_thinkedge,2,16,32,32.0,3125,0.01,1000,44.7,89,930.2083,85718.99
36ec1950ff,Blast,250,7,248,735,3,245,3,3,924167320138,dell_r6715,1,160,160,336.0,3125,0.01,1000,72.8,374,924.7465,67487.21
c204bc9f28,Blast,250,7,248,735,3,245,3,3,924167320138,dell_r6725,1,320,320,672.0,3125,0.01,1000,135,711,924.4074,124874.2
92a72f0a64,Blast,250,7,248,735,3,245,3,3,924167320138,lenovo_sr850,1,344,344,688.0,3125,0.01,1000,450,1578,924.4011,416121.41
63b55e03d9,Blast,250,8,248,735,3,245,3,3,878116087456,lenovo_st45,1,12,12,40.8,3125,0.01,1000,21.5,105,882.6806,24015.64
4f04d8bda1,Blast,250,8,248,735,3,245,3,3,878116087456,lenovo_thinkedge,2,16,32,32.0,3125,0.01,1000,44.7,89,883.9347,81579.68
eeef5f34fe,Blast,250,8,248,735,3,245,3,3,878116087456,dell_r6715,1,160,160,336.0,3125,0.01,1000,72.8,374,878.386,64112.0
3966847172,Blast,250,8,248,735,3,245,3,3,878116087456,dell_r6725,1,320,320,672.0,3125,0.01,1000,135,711,878.3338,118654.18
d1fe792440,Blast,250,8,248,735,3,245,3,3,878116087456,lenovo_sr850,1,344,344,688.0,3125,0.01,1000,450,1578,878.3288,395388.75
e1b872590a,Blast,250,9,248,735,3,245,3,3,859548496050,lenovo_st45,1,12,12,40.8,3125,0.01,1000,21.5,105,862.6158,23745.14
f2cba0e2ba,Blast,250,9,248,735,3,245,3,3,859548496050,lenovo_thinkedge,2,16,32,32.0,3125,0.01,1000,44.7,89,863.9682,79876.3
2b66b495f3,Blast,250,9,248,735,3,245,3,3,859548496050,dell_r6715,1,160,160,336.0,3125,0.01,1000,72.8,374,859.8385,62767.03
1139b6c0a7,Blast,250,9,248,735,3,245,3,3,859548496050,dell_r6725,1,320,320,672.0,3125,0.01,1000,135,711,859.8173,116156.98
095a91513b,Blast,250,9,248,735,3,245,3,3,859548496050,lenovo_sr850,1,344,344,688.0,3125,0.01,1000,450,1578,859.8107,387060.11
d901adeeb1,Blast,250,10,248,735,3,245,3,3,863334195331,lenovo_st45,1,12,12,40.8,3125,0.01,1000,21.5,105,867.4801,23878.28
9cb10fa953,Blast,250,10,248,735,3,245,3,3,863334195331,lenovo_thinkedge,2,16,32,32.0,3125,0.01,1000,44.7,89,867.1241,80172.92
2329f2d25a,Blast,250,10,248,735,3,245,3,3,863334195331,dell_r6715,1,160,160,336.0,3125,0.01,1000,72.8,374,863.7111,63049.9
aa7e28983e,Blast,250,10,248,735,3,245,3,3,863334195331,dell_r6725,1,320,320,672.0,3125,0.01,1000,135,711,863.58,116665.4
31c01ed388,Blast,250,10,248,735,3,245,3,3,863334195331,lenovo_sr850,1,344,344,688.0,3125,0.01,1000,450,1578,863.5737,388754.27
6216807e29,Blast,300,1,298,885,3,295,3,3,1054065054518,lenovo_st45,1,12,12,40.8,3125,0.01,1000,21.5,105,1058.1286,29052.01
39ff98d6e9,Blast,300,1,298,885,3,295,3,3,1054065054518,lenovo_thinkedge,2,16,32,32.0,3125,0.01,1000,44.7,89,1059.2446,97893.78
db93bd3c20,Blast,300,1,298,885,3,295,3,3,1054065054518,dell_r6715,1,160,160,336.0,3125,0.01,1000,72.8,374,1054.5755,76980.14
ecf2a6ddbf,Blast,300,1,298,885,3,295,3,3,1054065054518,dell_r6725,1,320,320,672.0,3125,0.01,1000,135,711,1054.3156,142431.59
47b2b7cbc3,Blast,300,1,298,885,3,295,3,3,1054065054518,lenovo_sr850,1,344,344,688.0,3125,0.01,1000,450,1578,1054.3099,474615.57
0c881b38be,Blast,300,2,298,885,3,295,3,3,1054827537736,lenovo_st45,1,12,12,40.8,3125,0.01,1000,21.5,105,1059.215,28883.39
a5c46a1d0d,Blast,300,2,298,885,3,295,3,3,1054827537736,lenovo_thinkedge,2,16,32,32.0,3125,0.01,1000,44.7,89,1060.4201,97901.47
8036169daf,Blast,300,2,298,885,3,295,3,3,1054827537736,dell_r6715,1,160,160,336.0,3125,0.01,1000,72.8,374,1055.3648,77031.28
72d6dae792,Blast,300,2,298,885,3,295,3,3,1054827537736,dell_r6725,1,320,320,672.0,3125,0.01,1000,135,711,1055.072,142530.69
89b865faaa,Blast,300,2,298,885,3,295,3,3,1054827537736,lenovo_sr850,1,344,344,688.0,3125,0.01,1000,450,1578,1055.0657,474950.33
cfc73b0a23,Blast,300,3,298,885,3,295,3,3,1057284295951,lenovo_st45,1,12,12,40.8,3125,0.01,1000,21.5,105,1059.8376,29238.14
0ba35e2868,Blast,300,3,298,885,3,295,3,3,1057284295951,lenovo_thinkedge,2,16,32,32.0,3125,0.01,1000,44.7,89,1061.8139,98199.25
2820575fdb,Blast,300,3,298,885,3,295,3,3,1057284295951,dell_r6715,1,160,160,336.0,3125,0.01,1000,72.8,374,1057.6999,77212.49
0d82b06f84,Blast,300,3,298,885,3,295,3,3,1057284295951,dell_r6725,1,320,320,672.0,3125,0.01,1000,135,711,1057.5443,142869.81
38bfc8eab6,Blast,300,3,298,885,3,295,3,3,1057284295951,lenovo_sr850,1,344,344,688.0,3125,0.01,1000,450,1578,1057.5384,476072.57
ffd7a338d1,Blast,300,4,298,885,3,295,3,3,1037756305687,lenovo_st45,1,12,12,40.8,3125,0.01,1000,21.5,105,1039.8495,28571.87
94faa947ed,Blast,300,4,298,885,3,295,3,3,1037756305687,lenovo_thinkedge,2,16,32,32.0,3125,0.01,1000,44.7,89,1040.2942,96155.4
54e19a61ed,Blast,300,4,298,885,3,295,3,3,1037756305687,dell_r6715,1,160,160,336.0,3125,0.01,1000,72.8,374,1038.1689,75782.87
44a71f4ace,Blast,300,4,298,885,3,295,3,3,1037756305687,dell_r6725,1,320,320,672.0,3125,0.01,1000,135,711,1038.0134,140229.42
24de748c43,Blast,300,4,298,885,3,295,3,3,1037756305687,lenovo_sr850,1,344,344,688.0,3125,0.01,1000,450,1578,1038.0076,467277.09
accece3796,Blast,300,5,298,885,3,295,3,3,1031791246514,lenovo_st45,1,12,12,40.8,3125,0.01,1000,21.5,105,1035.438,28491.26
4e048c09f4,Blast,300,5,298,885,3,295,3,3,1031791246514,lenovo_thinkedge,2,16,32,32.0,3125,0.01,1000,44.7,89,1036.1717,95794.06
314bc9854f,Blast,300,5,298,885,3,295,3,3,1031791246514,dell_r6715,1,160,160,336.0,3125,0.01,1000,72.8,374,1032.2041,75349.1
24ffc6c810,Blast,300,5,298,885,3,295,3,3,1031791246514,dell_r6725,1,320,320,672.0,3125,0.01,1000,135,711,1031.9112,139405.84
e88294e183,Blast,300,5,298,885,3,295,3,3,1031791246514,lenovo_sr850,1,344,344,688.0,3125,0.01,1000,450,1578,1031.9077,464532.57
0d406af147,Blast,300,6,298,885,3,295,3,3,1065693892816,lenovo_st45,1,12,12,40.8,3125,0.01,1000,21.5,105,1069.6333,29065.99
ab440d5288,Blast,300,6,298,885,3,295,3,3,1065693892816,lenovo_thinkedge,2,16,32,32.0,3125,0.01,1000,44.7,89,1070.9206,98819.21
6c15a8a071,Blast,300,6,298,885,3,295,3,3,1065693892816,dell_r6715,1,160,160,336.0,3125,0.01,1000,72.8,374,1066.1769,77817.05
b6f5034675,Blast,300,6,298,885,3,295,3,3,1065693892816,dell_r6725,1,320,320,672.0,3125,0.01,1000,135,711,1065.8844,143989.71
e7f09e8046,Blast,300,6,298,885,3,295,3,3,1065693892816,lenovo_sr850,1,344,344,688.0,3125,0.01,1000,450,1578,1065.8778,479814.6
127ba9a1bd,Blast,300,7,298,885,3,295,3,3,1053542699721,lenovo_st45,1,12,12,40.8,3125,0.01,1000,21.5,105,1057.9391,29103.22
643f66f573,Blast,300,7,298,885,3,295,3,3,1053542699721,lenovo_thinkedge,2,16,32,32.0,3125,0.01,1000,44.7,89,1059.1467,97913.06
da429897aa,Blast,300,7,298,885,3,295,3,3,1053542699721,dell_r6715,1,160,160,336.0,3125,0.01,1000,72.8,374,1054.081,76945.95
200c9f5c32,Blast,300,7,298,885,3,295,3,3,1053542699721,dell_r6725,1,320,320,672.0,3125,0.01,1000,135,711,1053.8261,142366.37
660adadf80,Blast,300,7,298,885,3,295,3,3,1053542699721,lenovo_sr850,1,344,344,688.0,3125,0.01,1000,450,1578,1053.8193,474396.37
44cd205f55,Blast,300,8,298,885,3,295,3,3,1024229247924,lenovo_st45,1,12,12,40.8,3125,0.01,1000,21.5,105,1027.0418,28382.01
e6eb337614,Blast,300,8,298,885,3,295,3,3,1024229247924,lenovo_thinkedge,2,16,32,32.0,3125,0.01,1000,44.7,89,1029.9167,95271.03
ee00c73af1,Blast,300,8,298,885,3,295,3,3,1024229247924,dell_r6715,1,160,160,336.0,3125,0.01,1000,72.8,374,1024.7705,74810.27
13eee7e1d6,Blast,300,8,298,885,3,295,3,3,1024229247924,dell_r6725,1,320,320,672.0,3125,0.01,1000,135,711,1024.4621,138401.34
ddd415ecc2,Blast,300,8,298,885,3,295,3,3,1024229247924,lenovo_sr850,1,344,344,688.0,3125,0.01,1000,450,1578,1024.4553,461180.96
56bc0e15c2,Blast,300,9,298,885,3,295,3,3,1004008361255,lenovo_st45,1,12,12,40.8,3125,0.01,1000,21.5,105,1007.5954,28258.83
c9e577a430,Blast,300,9,298,885,3,295,3,3,1004008361255,lenovo_thinkedge,2,16,32,32.0,3125,0.01,1000,44.7,89,1008.9588,93547.02
064cc6f380,Blast,300,9,298,885,3,295,3,3,1004008361255,dell_r6715,1,160,160,336.0,3125,0.01,1000,72.8,374,1004.3293,73331.84
462f5dcc59,Blast,300,9,298,885,3,295,3,3,1004008361255,dell_r6725,1,320,320,672.0,3125,0.01,1000,135,711,1004.2581,135678.43
2f00735823,Blast,300,9,298,885,3,295,3,3,1004008361255,lenovo_sr850,1,344,344,688.0,3125,0.01,1000,450,1578,1004.2524,452097.88
2282f6165d,Blast,300,10,298,885,3,295,3,3,1041377471258,lenovo_st45,1,12,12,40.8,3125,0.01,1000,21.5,105,1044.3954,28907.79
0e8f2cf652,Blast,300,10,298,885,3,295,3,3,1041377471258,lenovo_thinkedge,2,16,32,32.0,3125,0.01,1000,44.7,89,1045.5411,96745.3
f4a1d6bdf2,Blast,300,10,298,885,3,295,3,3,1041377471258,dell_r6715,1,160,160,336.0,3125,0.01,1000,72.8,374,1041.6615,76044.96
39dcc94b8f,Blast,300,10,298,885,3,295,3,3,1041377471258,dell_r6725,1,320,320,672.0,3125,0.01,1000,135,711,1041.6352,140722.1
8352559a86,Blast,300,10,298,885,3,295,3,3,1041377471258,lenovo_sr850,1,344,344,688.0,3125,0.01,1000,450,1578,1041.6293,468913.51
2580548c5a,Genome,100,7,98,148,3,54,3,4,72043068491,dell_r6725,1,320,320,672.0,3125,0.01,1000,135,711,72.1022,9735.37
4d7dd5a9cb,Genome,150,4,148,219,3,81,3,4,106573758177,dell_r6715,1,160,160,336.0,3125,0.01,1000,72.8,374,106.7593,7777.33
f91b877df6,Genome,150,10,148,225,3,84,3,4,97257581867,dell_r6725,1,320,320,672.0,3125,0.01,1000,135,711,97.3607,13146.17
b75115efb2,Genome,300,2,298,444,3,158,3,4,224119490308,lenovo_sr850,1,344,344,688.0,3125,0.01,1000,450,1578,224.2503,100920.65
