ACTUAL_NUM_TASKS,CRITICAL_PATH_TASKS,DAG_DEPTH,ENERGY_JOULES,MAX_PARALLEL_WIDTH,NUM_EDGES,NUM_TASK_CATEGORIES,PLATFORM_CORES_PER_HOST,PLATFORM_DISK_BW_MBPS,PLATFORM_HOST_SPEED_GF,PLATFORM_NAME,PLATFORM_NET_BW_MBPS,PLATFORM_NET_LATENCY_MS,PLATFORM_NUM_HOSTS,PLATFORM_TOTAL_CORES,PLATFORM_WATT_BUSY,PLATFORM_WATT_IDLE,SIMULATED_MAKESPAN_SEC,TOTAL_INPUT_BYTES,WORKFLOW_TYPE
148,2,1,0.56,147,147,2,160,1000,336.0,dell_r6715,3125,0.01,1,160,374,72.8,0.005256,2806995,Seismology
148,2,1,0.57,147,147,2,160,1000,336.0,dell_r6715,3125,0.01,1,160,374,72.8,0.005278,2835083,Seismology
148,2,1,0.57,147,147,2,160,1000,336.0,dell_r6715,3125,0.01,1,160,374,72.8,0.005176,2787092,Seismology
148,2,1,0.55,147,147,2,160,1000,336.0,dell_r6715,3125,0.01,1,160,374,72.8,0.0054,2782577,Seismology
148,2,1,0.53,147,147,2,160,1000,336.0,dell_r6715,3125,0.01,1,160,374,72.8,0.005107,2933741,Seismology
148,2,1,0.56,147,147,2,160,1000,336.0,dell_r6715,3125,0.01,1,160,374,72.8,0.005056,2832227,Seismology
148,2,1,0.54,147,147,2,160,1000,336.0,dell_r6715,3125,0.01,1,160,374,72.8,0.005076,2825914,Seismology
148,2,1,0.57,147,147,2,160,1000,336.0,dell_r6715,3125,0.01,1,160,374,72.8,0.005189,2847176,Seismology
148,2,1,0.53,147,147,2,160,1000,336.0,dell_r6715,3125,0.01,1,160,374,72.8,0.005085,2828647,Seismology
148,2,1,0.53,147,147,2,160,1000,336.0,dell_r6715,3125,0.01,1,160,374,72.8,0.004979,2674921,Seismology
148,2,1,0.75,147,147,2,320,1000,672.0,dell_r6725,3125,0.01,1,320,711,135.0,0.00492,2764859,Seismology
148,2,1,0.77,147,147,2,320,1000,672.0,dell_r6725,3125,0.01,1,320,711,135.0,0.005119,2874595,Seismology
148,2,1,0.76,147,147,2,320,1000,672.0,dell_r6725,3125,0.01,1,320,711,135.0,0.004963,2745786,Seismology
148,2,1,0.73,147,147,2,320,1000,672.0,dell_r6725,3125,0.01,1,320,711,135.0,0.004763,2626933,Seismology
148,2,1,0.74,147,147,2,320,1000,672.0,dell_r6725,3125,0.01,1,320,711,135.0,0.004878,2699753,Seismology
148,2,1,0.75,147,147,2,320,1000,672.0,dell_r6725,3125,0.01,1,320,711,135.0,0.004916,2777571,Seismology
148,2,1,0.73,147,147,2,320,1000,672.0,dell_r6725,3125,0.01,1,320,711,135.0,0.004763,2677435,Seismology
148,2,1,0.75,147,147,2,320,1000,672.0,dell_r6725,3125,0.01,1,320,711,135.0,0.004856,2746970,Seismology
148,2,1,0.73,147,147,2,320,1000,672.0,dell_r6725,3125,0.01,1,320,711,135.0,0.004687,2626325,Seismology
148,2,1,0.73,147,147,2,320,1000,672.0,dell_r6725,3125,0.01,1,320,711,135.0,0.004817,2712114,Seismology
148,2,1,2.37,147,147,2,344,1000,688.0,lenovo_sr850,3125,0.01,1,344,1578,450.0,0.004934,2780721,Seismology
148,2,1,2.28,147,147,2,344,1000,688.0,lenovo_sr850,3125,0.01,1,344,1578,450.0,0.004761,2625926,Seismology
148,2,1,2.36,147,147,2,344,1000,688.0,lenovo_sr850,3125,0.01,1,344,1578,450.0,0.004931,2720329,Seismology
148,2,1,2.41,147,147,2,344,1000,688.0,lenovo_sr850,3125,0.01,1,344,1578,450.0,0.004975,2776110,Seismology
148,2,1,2.41,147,147,2,344,1000,688.0,lenovo_sr850,3125,0.01,1,344,1578,450.0,0.005018,2775677,Seismology
148,2,1,2.38,147,147,2,344,1000,688.0,lenovo_sr850,3125,0.01,1,344,1578,450.0,0.004955,2778103,Seismology
148,2,1,2.26,147,147,2,344,1000,688.0,lenovo_sr850,3125,0.01,1,344,1578,450.0,0.004657,2623376,Seismology
148,2,1,2.21,147,147,2,344,1000,688.0,lenovo_sr850,3125,0.01,1,344,1578,450.0,0.004619,2570006,Seismology
148,2,1,2.36,147,147,2,344,1000,688.0,lenovo_sr850,3125,0.01,1,344,1578,450.0,0.00488,2758519,Seismology
148,2,1,2.43,147,147,2,344,1000,688.0,lenovo_sr850,3125,0.01,1,344,1578,450.0,0.005031,2810966,Seismology
198,2,1,0.74,197,197,2,160,1000,336.0,dell_r6715,3125,0.01,1,160,374,72.8,0.007093,3502931,Seismology
198,2,1,0.74,197,197,2,160,1000,336.0,dell_r6715,3125,0.01,1,160,374,72.8,0.007143,3572091,Seismology
198,2,1,0.81,197,197,2,160,1000,336.0,dell_r6715,3125,0.01,1,160,374,72.8,0.007433,3774914,Seismology
198,2,1,0.75,197,197,2,160,1000,336.0,dell_r6715,3125,0.01,1,160,374,72.8,0.007221,3596190,Seismology
198,2,1,0.78,197,197,2,160,1000,336.0,dell_r6715,3125,0.01,1,160,374,72.8,0.007414,3669534,Seismology
198,2,1,0.78,197,197,2,160,1000,336.0,dell_r6715,3125,0.01,1,160,374,72.8,0.007455,3662175,Seismology
198,2,1,0.77,197,197,2,160,1000,336.0,dell_r6715,3125,0.01,1,160,374,72.8,0.007135,3541211,Seismology
198,2,1,0.75,197,197,2,160,1000,336.0,dell_r6715,3125,0.01,1,160,374,72.8,0.007129,3558841,Seismology
198,2,1,0.79,197,197,2,160,1000,336.0,dell_r6715,3125,0.01,1,160,374,72.8,0.007499,3728686,Seismology
198,2,1,0.79,197,197,2,160,1000,336.0,dell_r6715,3125,0.01,1,160,374,72.8,0.007409,3552446,Seismology
198,2,1,0.97,197,197,2,320,1000,672.0,dell_r6725,3125,0.01,1,320,711,135.0,0.006337,3604385,Seismology
198,2,1,0.99,197,197,2,320,1000,672.0,dell_r6725,3125,0.01,1,320,711,135.0,0.00658,3752278,Seismology
198,2,1,0.99,197,197,2,320,1000,672.0,dell_r6725,3125,0.01,1,320,711,135.0,0.006509,3727358,Seismology
198,2,1,0.94,197,197,2,320,1000,672.0,dell_r6725,3125,0.01,1,320,711,135.0,0.006225,3522510,Seismology
198,2,1,0.99,197,197,2,320,1000,672.0,dell_r6725,3125,0.01,1,320,711,135.0,0.006473,3699619,Seismology
198,2,1,0.96,197,197,2,320,1000,672.0,dell_r6725,3125,0.01,1,320,711,135.0,0.00621,3547307,Seismology
198,2,1,0.97,197,197,2,320,1000,672.0,dell_r6725,3125,0.01,1,320,711,135.0,0.006392,3630785,Seismology
198,2,1,0.97,197,197,2,320,1000,672.0,dell_r6725,3125,0.01,1,320,711,135.0,0.006379,3599795,Seismology
198,2,1,0.97,197,197,2,320,1000,672.0,dell_r6725,3125,0.01,1,320,711,135.0,0.006368,3638339,Seismology
198,2,1,1.0,197,197,2,320,1000,672.0,dell_r6725,3125,0.01,1,320,711,135.0,0.00658,3787171,Seismology
198,2,1,3.15,197,197,2,344,1000,688.0,lenovo_sr850,3125,0.01,1,344,1578,450.0,0.006517,3705047,Seismology
198,2,1,3.04,197,197,2,344,1000,688.0,lenovo_sr850,3125,0.01,1,344,1578,450.0,0.006312,3613263,Seismology
198,2,1,3.03,197,197,2,344,1000,688.0,lenovo_sr850,3125,0.01,1,344,1578,450.0,0.00628,3582008,Seismology
198,2,1,3.06,197,197,2,344,1000,688.0,lenovo_sr850,3125,0.01,1,344,1578,450.0,0.006386,3604802,Seismology
198,2,1,3.15,197,197,2,344,1000,688.0,lenovo_sr850,3125,0.01,1,344,1578,450.0,0.006564,3808719,Seismology
198,2,1,3.04,197,197,2,344,1000,688.0,lenovo_sr850,3125,0.01,1,344,1578,450.0,0.006268,3598615,Seismology
198,2,1,2.98,197,197,2,344,1000,688.0,lenovo_sr850,3125,0.01,1,344,1578,450.0,0.006158,3523333,Seismology
198,2,1,3.03,197,197,2,344,1000,688.0,lenovo_sr850,3125,0.01,1,344,1578,450.0,0.006313,3639624,Seismology
198,2,1,3.02,197,197,2,344,1000,688.0,lenovo_sr850,3125,0.01,1,344,1578,450.0,0.006273,3588375,Seismology
198,2,1,3.07,197,197,2,344,1000,688.0,lenovo_sr850,3125,0.01,1,344,1578,450.0,0.006358,3558760,Seismology
248,2,1,0.95,247,247,2,160,1000,336.0,dell_r6715,3125,0.01,1,160,374,72.8,0.008544,4371090,Seismology
248,2,1,0.95,247,247,2,160,1000,336.0,dell_r6715,3125,0.01,1,160,374,72.8,0.008842,4559324,Seismology
248,2,1,0.93,247,247,2,160,1000,336.0,dell_r6715,3125,0.01,1,160,374,72.8,0.008872,4617982,Seismology
248,2,1,0.92,247,247,2,160,1000,336.0,dell_r6715,3125,0.01,1,160,374,72.8,0.008705,4667575,Seismology
248,2,1,0.92,247,247,2,160,1000,336.0,dell_r6715,3125,0.01,1,160,374,72.8,0.008721,4434480,Seismology
248,2,1,0.92,247,247,2,160,1000,336.0,dell_r6715,3125,0.01,1,160,374,72.8,0.008703,4503029,Seismology
248,2,1,0.94,247,247,2,160,1000,336.0,dell_r6715,3125,0.01,1,160,374,72.8,0.008967,4600342,Seismology
248,2,1,0.93,247,247,2,160,1000,336.0,dell_r6715,3125,0.01,1,160,374,72.8,0.00893,4485120,Seismology
248,2,1,0.94,247,247,2,160,1000,336.0,dell_r6715,3125,0.01,1,160,374,72.8,0.008713,4552624,Seismology
248,2,1,0.89,247,247,2,160,1000,336.0,dell_r6715,3125,0.01,1,160,374,72.8,0.008439,4422572,Seismology
248,2,1,1.22,247,247,2,320,1000,672.0,dell_r6725,3125,0.01,1,320,711,135.0,0.007952,4590539,Seismology
248,2,1,1.24,247,247,2,320,1000,672.0,dell_r6725,3125,0.01,1,320,711,135.0,0.008118,4664313,Seismology
248,2,1,1.22,247,247,2,320,1000,672.0,dell_r6725,3125,0.01,1,320,711,135.0,0.007908,4503461,Seismology
248,2,1,1.2,247,247,2,320,1000,672.0,dell_r6725,3125,0.01,1,320,711,135.0,0.007774,4454372,Seismology
248,2,1,1.2,247,247,2,320,1000,672.0,dell_r6725,3125,0.01,1,320,711,135.0,0.007831,4518687,Seismology
248,2,1,1.22,247,247,2,320,1000,672.0,dell_r6725,3125,0.01,1,320,711,135.0,0.00806,4601947,Seismology
248,2,1,1.17,247,247,2,320,1000,672.0,dell_r6725,3125,0.01,1,320,711,135.0,0.007584,4389851,Seismology
248,2,1,1.23,247,247,2,320,1000,672.0,dell_r6725,3125,0.01,1,320,711,135.0,0.007983,4626216,Seismology
248,2,1,1.18,247,247,2,320,1000,672.0,dell_r6725,3125,0.01,1,320,711,135.0,0.007737,4441609,Seismology
248,2,1,1.18,247,247,2,320,1000,672.0,dell_r6725,3125,0.01,1,320,711,135.0,0.007684,4419730,Seismology
248,2,1,3.83,247,247,2,344,1000,688.0,lenovo_sr850,3125,0.01,1,344,1578,450.0,0.007928,4631404,Seismology
248,2,1,3.71,247,247,2,344,1000,688.0,lenovo_sr850,3125,0.01,1,344,1578,450.0,0.007693,4440688,Seismology
248,2,1,3.75,247,247,2,344,1000,688.0,lenovo_sr850,3125,0.01,1,344,1578,450.0,0.007806,4469512,Seismology
248,2,1,3.8,247,247,2,344,1000,688.0,lenovo_sr850,3125,0.01,1,344,1578,450.0,0.007873,4567067,Seismology
248,2,1,3.75,247,247,2,344,1000,688.0,lenovo_sr850,3125,0.01,1,344,1578,450.0,0.007773,4471495,Seismology
248,2,1,3.81,247,247,2,344,1000,688.0,lenovo_sr850,3125,0.01,1,344,1578,450.0,0.007881,4549364,Seismology
248,2,1,3.84,247,247,2,344,1000,688.0,lenovo_sr850,3125,0.01,1,344,1578,450.0,0.007965,4638723,Seismology
248,2,1,3.88,247,247,2,344,1000,688.0,lenovo_sr850,3125,0.01,1,344,1578,450.0,0.008037,4581977,Seismology
248,2,1,3.9,247,247,2,344,1000,688.0,lenovo_sr850,3125,0.01,1,344,1578,450.0,0.008129,4691584,Seismology
248,2,1,3.71,247,247,2,344,1000,688.0,lenovo_sr850,3125,0.01,1,344,1578,450.0,0.007652,4361658,Seismology
298,2,1,1.06,297,297,2,160,1000,336.0,dell_r6715,3125,0.01,1,160,374,72.8,0.009716,5393097,Seismology
298,2,1,1.05,297,297,2,160,1000,336.0,dell_r6715,3125,0.01,1,160,374,72.8,0.009852,5287558,Seismology
298,2,1,1.08,297,297,2,160,1000,336.0,dell_r6715,3125,0.01,1,160,374,72.8,0.010125,5327318,Seismology
298,2,1,1.13,297,297,2,160,1000,336.0,dell_r6715,3125,0.01,1,160,374,72.8,0.010504,5523087,Seismology
298,2,1,1.08,297,297,2,160,1000,336.0,dell_r6715,3125,0.01,1,160,374,72.8,0.010007,5288375,Seismology
298,2,1,1.08,297,297,2,160,1000,336.0,dell_r6715,3125,0.01,1,160,374,72.8,0.00993,5524053,Seismology
298,2,1,1.11,297,297,2,160,1000,336.0,dell_r6715,3125,0.01,1,160,374,72.8,0.010031,5408739,Seismology
298,2,1,1.09,297,297,2,160,1000,336.0,dell_r6715,3125,0.01,1,160,374,72.8,0.0099,5311050,Seismology
298,2,1,1.12,297,297,2,160,1000,336.0,dell_r6715,3125,0.01,1,160,374,72.8,0.01044,5611410,Seismology
298,2,1,1.06,297,297,2,160,1000,336.0,dell_r6715,3125,0.01,1,160,374,72.8,0.009722,5295598,Seismology
298,2,1,1.4,297,297,2,320,1000,672.0,dell_r6725,3125,0.01,1,320,711,135.0,0.009127,5267527,Seismology
298,2,1,1.44,297,297,2,320,1000,672.0,dell_r6725,3125,0.01,1,320,711,135.0,0.00929,5416258,Seismology
298,2,1,1.42,297,297,2,320,1000,672.0,dell_r6725,3125,0.01,1,320,711,135.0,0.009214,5334838,Seismology
298,2,1,1.44,297,297,2,320,1000,672.0,dell_r6725,3125,0.01,1,320,711,135.0,0.009335,5460403,Seismology
298,2,1,1.48,297,297,2,320,1000,672.0,dell_r6725,3125,0.01,1,320,711,135.0,0.009629,5609858,Seismology
298,2,1,1.44,297,297,2,320,1000,672.0,dell_r6725,3125,0.01,1,320,711,135.0,0.009367,5443558,Seismology
298,2,1,1.46,297,297,2,320,1000,672.0,dell_r6725,3125,0.01,1,320,711,135.0,0.009555,5523236,Seismology
298,2,1,1.48,297,297,2,320,1000,672.0,dell_r6725,3125,0.01,1,320,711,135.0,0.009691,5607652,Seismology
298,2,1,1.44,297,297,2,320,1000,672.0,dell_r6725,3125,0.01,1,320,711,135.0,0.009434,5485957,Seismology
298,2,1,1.48,297,297,2,320,1000,672.0,dell_r6725,3125,0.01,1,320,711,135.0,0.009676,5657599,Seismology
298,2,1,4.59,297,297,2,344,1000,688.0,lenovo_sr850,3125,0.01,1,344,1578,450.0,0.009491,5552076,Seismology
298,2,1,4.34,297,297,2,344,1000,688.0,lenovo_sr850,3125,0.01,1,344,1578,450.0,0.009004,5218158,Seismology
298,2,1,4.55,297,297,2,344,1000,688.0,lenovo_sr850,3125,0.01,1,344,1578,450.0,0.009392,5453737,Seismology
298,2,1,4.48,297,297,2,344,1000,688.0,lenovo_sr850,3125,0.01,1,344,1578,450.0,0.009271,5370987,Seismology
298,2,1,4.7,297,297,2,344,1000,688.0,lenovo_sr850,3125,0.01,1,344,1578,450.0,0.009765,5726218,Seismology
298,2,1,4.54,297,297,2,344,1000,688.0,lenovo_sr850,3125,0.01,1,344,1578,450.0,0.009392,5438923,Seismology
298,2,1,4.56,297,297,2,344,1000,688.0,lenovo_sr850,3125,0.01,1,344,1578,450.0,0.00949,5499442,Seismology
298,2,1,4.44,297,297,2,344,1000,688.0,lenovo_sr850,3125,0.01,1,344,1578,450.0,0.009199,5306808,Seismology
298,2,1,4.54,297,297,2,344,1000,688.0,lenovo_sr850,3125,0.01,1,344,1578,450.0,0.00945,5479435,Seismology
298,2,1,4.47,297,297,2,344,1000,688.0,lenovo_sr850,3125,0.01,1,344,1578,450.0,0.009288,5441191,Seismology
398,2,1,1.44,397,397,2,160,1000,336.0,dell_r6715,3125,0.01,1,160,374,72.8,0.012856,7286979,Seismology
398,2,1,1.46,397,397,2,160,1000,336.0,dell_r6715,3125,0.01,1,160,374,72.8,0.013313,7177574,Seismology
398,2,1,1.49,397,397,2,160,1000,336.0,dell_r6715,3125,0.01,1,160,374,72.8,0.014015,7635042,Seismology
398,2,1,1.47,397,397,2,160,1000,336.0,dell_r6715,3125,0.01,1,160,374,72.8,0.0138,7543823,Seismology
398,2,1,1.41,397,397,2,160,1000,336.0,dell_r6715,3125,0.01,1,160,374,72.8,0.013094,7144936,Seismology
398,2,1,1.38,397,397,2,160,1000,336.0,dell_r6715,3125,0.01,1,160,374,72.8,0.01294,7106583,Seismology
398,2,1,1.46,397,397,2,160,1000,336.0,dell_r6715,3125,0.01,1,160,374,72.8,0.013195,7209260,Seismology
398,2,1,1.43,397,397,2,160,1000,336.0,dell_r6715,3125,0.01,1,160,374,72.8,0.012888,7278141,Seismology
398,2,1,1.4,397,397,2,160,1000,336.0,dell_r6715,3125,0.01,1,160,374,72.8,0.012722,7090056,Seismology
398,2,1,1.46,397,397,2,160,1000,336.0,dell_r6715,3125,0.01,1,160,374,72.8,0.013254,7284204,Seismology
398,2,1,1.89,397,397,2,320,1000,672.0,dell_r6725,3125,0.01,1,320,711,135.0,0.012345,7145494,Seismology
398,2,1,1.93,397,397,2,320,1000,672.0,dell_r6725,3125,0.01,1,320,711,135.0,0.01269,7389487,Seismology
398,2,1,1.92,397,397,2,320,1000,672.0,dell_r6725,3125,0.01,1,320,711,135.0,0.012528,7202383,Seismology
398,2,1,1.96,397,397,2,320,1000,672.0,dell_r6725,3125,0.01,1,320,711,135.0,0.012783,7278763,Seismology
398,2,1,1.94,397,397,2,320,1000,672.0,dell_r6725,3125,0.01,1,320,711,135.0,0.012691,7225552,Seismology
398,2,1,1.89,397,397,2,320,1000,672.0,dell_r6725,3125,0.01,1,320,711,135.0,0.012277,7147856,Seismology
398,2,1,1.95,397,397,2,320,1000,672.0,dell_r6725,3125,0.01,1,320,711,135.0,0.012755,7271222,Seismology
398,2,1,1.92,397,397,2,320,1000,672.0,dell_r6725,3125,0.01,1,320,711,135.0,0.012508,7104413,Seismology
398,2,1,1.98,397,397,2,320,1000,672.0,dell_r6725,3125,0.01,1,320,711,135.0,0.012891,7313658,Seismology
398,2,1,1.92,397,397,2,320,1000,672.0,dell_r6725,3125,0.01,1,320,711,135.0,0.01255,7173679,Seismology
398,2,1,6.11,397,397,2,344,1000,688.0,lenovo_sr850,3125,0.01,1,344,1578,450.0,0.0127,7335959,Seismology
398,2,1,5.94,397,397,2,344,1000,688.0,lenovo_sr850,3125,0.01,1,344,1578,450.0,0.012356,7106160,Seismology
398,2,1,6.04,397,397,2,344,1000,688.0,lenovo_sr850,3125,0.01,1,344,1578,450.0,0.0125,7233874,Seismology
398,2,1,6.07,397,397,2,344,1000,688.0,lenovo_sr850,3125,0.01,1,344,1578,450.0,0.01255,7329342,Seismology
398,2,1,5.91,397,397,2,344,1000,688.0,lenovo_sr850,3125,0.01,1,344,1578,450.0,0.012244,7119319,Seismology
398,2,1,6.04,397,397,2,344,1000,688.0,lenovo_sr850,3125,0.01,1,344,1578,450.0,0.012584,7184796,Seismology
398,2,1,6.0,397,397,2,344,1000,688.0,lenovo_sr850,3125,0.01,1,344,1578,450.0,0.012432,7149822,Seismology
398,2,1,6.19,397,397,2,344,1000,688.0,lenovo_sr850,3125,0.01,1,344,1578,450.0,0.012861,7350720,Seismology
398,2,1,6.22,397,397,2,344,1000,688.0,lenovo_sr850,3125,0.01,1,344,1578,450.0,0.01292,7238067,Seismology
398,2,1,6.1,397,397,2,344,1000,688.0,lenovo_sr850,3125,0.01,1,344,1578,450.0,0.012676,7211262,Seismology
498,2,1,1.77,497,497,2,160,1000,336.0,dell_r6715,3125,0.01,1,160,374,72.8,0.01591,8776422,Seismology
498,2,1,1.78,497,497,2,160,1000,336.0,dell_r6715,3125,0.01,1,160,374,72.8,0.016452,9094391,Seismology
498,2,1,1.82,497,497,2,160,1000,336.0,dell_r6715,3125,0.01,1,160,374,72.8,0.016386,9154635,Seismology
498,2,1,1.83,497,497,2,160,1000,336.0,dell_r6715,3125,0.01,1,160,374,72.8,0.016469,9248340,Seismology
498,2,1,1.76,497,497,2,160,1000,336.0,dell_r6715,3125,0.01,1,160,374,72.8,0.016082,9148022,Seismology
498,2,1,1.77,497,497,2,160,1000,336.0,dell_r6715,3125,0.01,1,160,374,72.8,0.016285,9216613,Seismology
498,2,1,1.74,497,497,2,160,1000,336.0,dell_r6715,3125,0.01,1,160,374,72.8,0.015747,8891477,Seismology
498,2,1,1.83,497,497,2,160,1000,336.0,dell_r6715,3125,0.01,1,160,374,72.8,0.016641,9301857,Seismology
498,2,1,1.74,497,497,2,160,1000,336.0,dell_r6715,3125,0.01,1,160,374,72.8,0.015671,8914449,Seismology
498,2,1,1.78,497,497,2,160,1000,336.0,dell_r6715,3125,0.01,1,160,374,72.8,0.016074,9004943,Seismology
498,2,1,2.38,497,497,2,320,1000,672.0,dell_r6725,3125,0.01,1,320,711,135.0,0.015518,9156681,Seismology
498,2,1,2.37,497,497,2,320,1000,672.0,dell_r6725,3125,0.01,1,320,711,135.0,0.015417,9078480,Seismology
498,2,1,2.37,497,497,2,320,1000,672.0,dell_r6725,3125,0.01,1,320,711,135.0,0.015386,9050912,Seismology
498,2,1,2.38,497,497,2,320,1000,672.0,dell_r6725,3125,0.01,1,320,711,135.0,0.015553,9077837,Seismology
498,2,1,2.43,497,497,2,320,1000,672.0,dell_r6725,3125,0.01,1,320,711,135.0,0.015888,9345010,Seismology
498,2,1,2.43,497,497,2,320,1000,672.0,dell_r6725,3125,0.01,1,320,711,135.0,0.015873,9202769,Seismology
498,2,1,2.34,497,497,2,320,1000,672.0,dell_r6725,3125,0.01,1,320,711,135.0,0.015342,9094822,Seismology
498,2,1,2.42,497,497,2,320,1000,672.0,dell_r6725,3125,0.01,1,320,711,135.0,0.015694,9067491,Seismology
498,2,1,2.35,497,497,2,320,1000,672.0,dell_r6725,3125,0.01,1,320,711,135.0,0.015299,9007340,Seismology
498,2,1,2.35,497,497,2,320,1000,672.0,dell_r6725,3125,0.01,1,320,711,135.0,0.015127,8906945,Seismology
498,2,1,7.61,497,497,2,344,1000,688.0,lenovo_sr850,3125,0.01,1,344,1578,450.0,0.015777,9257523,Seismology
498,2,1,7.46,497,497,2,344,1000,688.0,lenovo_sr850,3125,0.01,1,344,1578,450.0,0.015412,9017031,Seismology
498,2,1,7.53,497,497,2,344,1000,688.0,lenovo_sr850,3125,0.01,1,344,1578,450.0,0.015579,9273951,Seismology
498,2,1,7.39,497,497,2,344,1000,688.0,lenovo_sr850,3125,0.01,1,344,1578,450.0,0.015295,9017466,Seismology
498,2,1,7.69,497,497,2,344,1000,688.0,lenovo_sr850,3125,0.01,1,344,1578,450.0,0.016009,9352047,Seismology
498,2,1,7.47,497,497,2,344,1000,688.0,lenovo_sr850,3125,0.01,1,344,1578,450.0,0.015455,9077010,Seismology
498,2,1,7.53,497,497,2,344,1000,688.0,lenovo_sr850,3125,0.01,1,344,1578,450.0,0.015593,9107830,Seismology
498,2,1,7.53,497,497,2,344,1000,688.0,lenovo_sr850,3125,0.01,1,344,1578,450.0,0.015578,9120280,Seismology
498,2,1,7.5,497,497,2,344,1000,688.0,lenovo_sr850,3125,0.01,1,344,1578,450.0,0.015492,9153791,Seismology
498,2,1,7.66,497,497,2,344,1000,688.0,lenovo_sr850,3125,0.01,1,344,1578,450.0,0.015889,9308183,Seismology
698,2,1,2.45,697,697,2,160,1000,336.0,dell_r6715,3125,0.01,1,160,374,72.8,0.022278,12691967,Seismology
698,2,1,2.52,697,697,2,160,1000,336.0,dell_r6715,3125,0.01,1,160,374,72.8,0.022594,12868671,Seismology
698,2,1,2.46,697,697,2,160,1000,336.0,dell_r6715,3125,0.01,1,160,374,72.8,0.022357,12750245,Seismology
698,2,1,2.45,697,697,2,160,1000,336.0,dell_r6715,3125,0.01,1,160,374,72.8,0.021728,12571776,Seismology
698,2,1,2.46,697,697,2,160,1000,336.0,dell_r6715,3125,0.01,1,160,374,72.8,0.022027,12650292,Seismology
698,2,1,2.43,697,697,2,160,1000,336.0,dell_r6715,3125,0.01,1,160,374,72.8,0.022533,12981427,Seismology
698,2,1,2.46,697,697,2,160,1000,336.0,dell_r6715,3125,0.01,1,160,374,72.8,0.022121,12584960,Seismology
698,2,1,2.39,697,697,2,160,1000,336.0,dell_r6715,3125,0.01,1,160,374,72.8,0.021745,12557911,Seismology
698,2,1,2.43,697,697,2,160,1000,336.0,dell_r6715,3125,0.01,1,160,374,72.8,0.022159,12774585,Seismology
698,2,1,2.51,697,697,2,160,1000,336.0,dell_r6715,3125,0.01,1,160,374,72.8,0.022461,12657152,Seismology
698,2,1,3.33,697,697,2,320,1000,672.0,dell_r6725,3125,0.01,1,320,711,135.0,0.021624,12907619,Seismology
698,2,1,3.35,697,697,2,320,1000,672.0,dell_r6725,3125,0.01,1,320,711,135.0,0.021881,13048680,Seismology
698,2,1,3.25,697,697,2,320,1000,672.0,dell_r6725,3125,0.01,1,320,711,135.0,0.021146,12713692,Seismology
698,2,1,3.34,697,697,2,320,1000,672.0,dell_r6725,3125,0.01,1,320,711,135.0,0.021678,12806440,Seismology
698,2,1,3.28,697,697,2,320,1000,672.0,dell_r6725,3125,0.01,1,320,711,135.0,0.021406,12601865,Seismology
698,2,1,3.3,697,697,2,320,1000,672.0,dell_r6725,3125,0.01,1,320,711,135.0,0.021455,12707869,Seismology
698,2,1,3.24,697,697,2,320,1000,672.0,dell_r6725,3125,0.01,1,320,711,135.0,0.021134,12519023,Seismology
698,2,1,3.28,697,697,2,320,1000,672.0,dell_r6725,3125,0.01,1,320,711,135.0,0.021263,12642530,Seismology
698,2,1,3.3,697,697,2,320,1000,672.0,dell_r6725,3125,0.01,1,320,711,135.0,0.021504,12791403,Seismology
698,2,1,3.26,697,697,2,320,1000,672.0,dell_r6725,3125,0.01,1,320,711,135.0,0.021215,12676947,Seismology
698,2,1,10.33,697,697,2,344,1000,688.0,lenovo_sr850,3125,0.01,1,344,1578,450.0,0.021282,12600155,Seismology
698,2,1,10.47,697,697,2,344,1000,688.0,lenovo_sr850,3125,0.01,1,344,1578,450.0,0.021643,12676740,Seismology
698,2,1,10.28,697,697,2,344,1000,688.0,lenovo_sr850,3125,0.01,1,344,1578,450.0,0.021309,12505950,Seismology
698,2,1,10.48,697,697,2,344,1000,688.0,lenovo_sr850,3125,0.01,1,344,1578,450.0,0.02177,12951268,Seismology
698,2,1,10.63,697,697,2,344,1000,688.0,lenovo_sr850,3125,0.01,1,344,1578,450.0,0.022119,12783401,Seismology
698,2,1,10.29,697,697,2,344,1000,688.0,lenovo_sr850,3125,0.01,1,344,1578,450.0,0.021225,12576120,Seismology
698,2,1,10.38,697,697,2,344,1000,688.0,lenovo_sr850,3125,0.01,1,344,1578,450.0,0.021404,12751517,Seismology
698,2,1,10.25,697,697,2,344,1000,688.0,lenovo_sr850,3125,0.01,1,344,1578,450.0,0.021168,12391007,Seismology
698,2,1,10.22,697,697,2,344,1000,688.0,lenovo_sr850,3125,0.01,1,344,1578,450.0,0.021106,12580801,Seismology
698,2,1,10.68,697,697,2,344,1000,688.0,lenovo_sr850,3125,0.01,1,344,1578,450.0,0.02213,13078668,Seismology
998,2,1,3.54,997,997,2,160,1000,336.0,dell_r6715,3125,0.01,1,160,374,72.8,0.03117,18071783,Seismology
998,2,1,3.47,997,997,2,160,1000,336.0,dell_r6715,3125,0.01,1,160,374,72.8,0.031254,18336548,Seismology
998,2,1,3.46,997,997,2,160,1000,336.0,dell_r6715,3125,0.01,1,160,374,72.8,0.031363,18192988,Seismology
998,2,1,3.46,997,997,2,160,1000,336.0,dell_r6715,3125,0.01,1,160,374,72.8,0.031082,18131551,Seismology
998,2,1,3.47,997,997,2,160,1000,336.0,dell_r6715,3125,0.01,1,160,374,72.8,0.030992,18008749,Seismology
998,2,1,3.45,997,997,2,160,1000,336.0,dell_r6715,3125,0.01,1,160,374,72.8,0.03084,17913651,Seismology
998,2,1,3.48,997,997,2,160,1000,336.0,dell_r6715,3125,0.01,1,160,374,72.8,0.031154,18060809,Seismology
998,2,1,3.57,997,997,2,160,1000,336.0,dell_r6715,3125,0.01,1,160,374,72.8,0.031775,18391031,Seismology
998,2,1,3.47,997,997,2,160,1000,336.0,dell_r6715,3125,0.01,1,160,374,72.8,0.031128,18126352,Seismology
998,2,1,3.44,997,997,2,160,1000,336.0,dell_r6715,3125,0.01,1,160,374,72.8,0.030891,17905656,Seismology
998,2,1,4.66,997,997,2,320,1000,672.0,dell_r6725,3125,0.01,1,320,711,135.0,0.030424,18171238,Seismology
998,2,1,4.63,997,997,2,320,1000,672.0,dell_r6725,3125,0.01,1,320,711,135.0,0.029863,17730736,Seismology
998,2,1,4.69,997,997,2,320,1000,672.0,dell_r6725,3125,0.01,1,320,711,135.0,0.030368,18084018,Seismology
998,2,1,4.68,997,997,2,320,1000,672.0,dell_r6725,3125,0.01,1,320,711,135.0,0.030355,18233158,Seismology
998,2,1,4.69,997,997,2,320,1000,672.0,dell_r6725,3125,0.01,1,320,711,135.0,0.030417,18185908,Seismology
998,2,1,4.74,997,997,2,320,1000,672.0,dell_r6725,3125,0.01,1,320,711,135.0,0.030662,18047785,Seismology
998,2,1,4.72,997,997,2,320,1000,672.0,dell_r6725,3125,0.01,1,320,711,135.0,0.030648,18231248,Seismology
998,2,1,4.72,997,997,2,320,1000,672.0,dell_r6725,3125,0.01,1,320,711,135.0,0.030664,18320155,Seismology
998,2,1,4.73,997,997,2,320,1000,672.0,dell_r6725,3125,0.01,1,320,711,135.0,0.030669,18119386,Seismology
998,2,1,4.63,997,997,2,320,1000,672.0,dell_r6725,3125,0.01,1,320,711,135.0,0.030126,18058063,Seismology
998,2,1,14.38,997,997,2,344,1000,688.0,lenovo_sr850,3125,0.01,1,344,1578,450.0,0.029652,17771707,Seismology
998,2,1,14.73,997,997,2,344,1000,688.0,lenovo_sr850,3125,0.01,1,344,1578,450.0,0.030509,18265049,Seismology
998,2,1,14.7,997,997,2,344,1000,688.0,lenovo_sr850,3125,0.01,1,344,1578,450.0,0.030454,18079275,Seismology
998,2,1,14.7,997,997,2,344,1000,688.0,lenovo_sr850,3125,0.01,1,344,1578,450.0,0.030406,18101520,Seismology
998,2,1,14.62,997,997,2,344,1000,688.0,lenovo_sr850,3125,0.01,1,344,1578,450.0,0.030153,17926422,Seismology
998,2,1,14.4,997,997,2,344,1000,688.0,lenovo_sr850,3125,0.01,1,344,1578,450.0,0.029821,17766454,Seismology
998,2,1,14.51,997,997,2,344,1000,688.0,lenovo_sr850,3125,0.01,1,344,1578,450.0,0.029991,17902440,Seismology
998,2,1,14.58,997,997,2,344,1000,688.0,lenovo_sr850,3125,0.01,1,344,1578,450.0,0.030117,18002533,Seismology
998,2,1,14.61,997,997,2,344,1000,688.0,lenovo_sr850,3125,0.01,1,344,1578,450.0,0.030223,17985631,Seismology
998,2,1,14.83,997,997,2,344,1000,688.0,lenovo_sr850,3125,0.01,1,344,1578,450.0,0.030618,18195857,Seismology
97,8,7,1010.41,34,220,8,160,1000,336.0,dell_r6715,3125,0.01,1,160,374,72.8,13.640566,3907692404,Montage
97,8,7,1045.89,34,225,8,160,1000,336.0,dell_r6715,3125,0.01,1,160,374,72.8,14.128655,3939760460,Montage
97,8,7,1062.22,34,210,8,160,1000,336.0,dell_r6715,3125,0.01,1,160,374,72.8,14.301317,4035463098,Montage
97,8,7,1001.86,34,209,8,160,1000,336.0,dell_r6715,3125,0.01,1,160,374,72.8,13.523695,3959814738,Montage
97,8,7,1044.64,34,211,8,160,1000,336.0,dell_r6715,3125,0.01,1,160,374,72.8,14.006455,4386522520,Montage
97,8,7,1022.94,34,210,8,160,1000,336.0,dell_r6715,3125,0.01,1,160,374,72.8,13.813077,3914796573,Montage
96,8,7,1029.84,30,190,8,160,1000,336.0,dell_r6715,3125,0.01,1,160,374,72.8,13.918779,4340074159,Montage
96,8,7,1053.0,30,190,8,160,1000,336.0,dell_r6715,3125,0.01,1,160,374,72.8,14.233781,4446727459,Montage
97,8,7,946.43,34,210,8,160,1000,336.0,dell_r6715,3125,0.01,1,160,374,72.8,12.762379,3978842026,Montage
97,8,7,1286.84,34,210,8,160,1000,336.0,dell_r6715,3125,0.01,1,160,374,72.8,17.438318,5826146510,Montage
96,8,7,1915.92,30,190,8,320,1000,672.0,dell_r6725,3125,0.01,1,320,711,135.0,14.133349,4543255773,Montage
97,8,7,1897.26,34,217,8,320,1000,672.0,dell_r6725,3125,0.01,1,320,711,135.0,13.992072,4030855452,Montage
97,8,7,1825.02,34,209,8,320,1000,672.0,dell_r6725,3125,0.01,1,320,711,135.0,13.457273,4010368902,Montage
97,8,7,1757.98,34,215,8,320,1000,672.0,dell_r6725,3125,0.01,1,320,711,135.0,12.95246,3800529364,Montage
96,8,7,1832.7,30,190,8,320,1000,672.0,dell_r6725,3125,0.01,1,320,711,135.0,13.516516,4191110512,Montage
97,8,7,1839.77,34,207,8,320,1000,672.0,dell_r6725,3125,0.01,1,320,711,135.0,13.566614,4232102701,Montage
97,8,7,1904.76,34,217,8,320,1000,672.0,dell_r6725,3125,0.01,1,320,711,135.0,14.047349,3909610877,Montage
97,8,7,1811.18,34,208,8,320,1000,672.0,dell_r6725,3125,0.01,1,320,711,135.0,13.353162,3906846101,Montage
97,8,7,2280.71,34,209,8,320,1000,672.0,dell_r6725,3125,0.01,1,320,711,135.0,16.716177,3837877747,Montage
97,8,7,1814.3,34,213,8,320,1000,672.0,dell_r6725,3125,0.01,1,320,711,135.0,13.377643,3970890856,Montage
97,8,7,6506.23,34,244,8,344,1000,688.0,lenovo_sr850,3125,0.01,1,344,1578,450.0,14.425498,3842888881,Montage
97,8,7,6056.67,34,210,8,344,1000,688.0,lenovo_sr850,3125,0.01,1,344,1578,450.0,13.42653,4047538201,Montage
97,8,7,6319.92,34,225,8,344,1000,688.0,lenovo_sr850,3125,0.01,1,344,1578,450.0,13.977616,3904497315,Montage
96,8,7,6334.36,30,190,8,344,1000,688.0,lenovo_sr850,3125,0.01,1,344,1578,450.0,14.044815,4428473743,Montage
97,8,7,6042.83,34,212,8,344,1000,688.0,lenovo_sr850,3125,0.01,1,344,1578,450.0,13.39571,3930926598,Montage
97,8,7,6211.31,34,208,8,344,1000,688.0,lenovo_sr850,3125,0.01,1,344,1578,450.0,13.768107,4211034029,Montage
97,8,7,6049.57,34,221,8,344,1000,688.0,lenovo_sr850,3125,0.01,1,344,1578,450.0,13.404302,3916631804,Montage
97,8,7,5958.34,34,212,8,344,1000,688.0,lenovo_sr850,3125,0.01,1,344,1578,450.0,13.207903,3844135108,Montage
96,8,7,6323.67,30,190,8,344,1000,688.0,lenovo_sr850,3125,0.01,1,344,1578,450.0,14.021167,4269059380,Montage
96,8,7,6253.2,30,190,8,344,1000,688.0,lenovo_sr850,3125,0.01,1,344,1578,450.0,13.855452,4341654603,Montage
147,8,7,1313.86,66,336,8,160,1000,336.0,dell_r6715,3125,0.01,1,160,374,72.8,17.63924,4709497324,Montage
147,8,7,1368.55,66,336,8,160,1000,336.0,dell_r6715,3125,0.01,1,160,374,72.8,18.452983,4923318292,Montage
146,8,7,1332.64,65,333,8,160,1000,336.0,dell_r6715,3125,0.01,1,160,374,72.8,17.952559,4979483124,Montage
147,8,7,1488.39,66,337,8,160,1000,336.0,dell_r6715,3125,0.01,1,160,374,72.8,20.099151,5455417107,Montage
147,8,7,1309.74,66,336,8,160,1000,336.0,dell_r6715,3125,0.01,1,160,374,72.8,17.485005,5169780565,Montage
146,8,7,1341.78,65,331,8,160,1000,336.0,dell_r6715,3125,0.01,1,160,374,72.8,18.086493,4848842133,Montage
147,8,7,1332.15,66,336,8,160,1000,336.0,dell_r6715,3125,0.01,1,160,374,72.8,17.951159,4808767461,Montage
148,8,7,1377.59,67,339,8,160,1000,336.0,dell_r6715,3125,0.01,1,160,374,72.8,18.577159,5281513485,Montage
147,8,7,1391.09,66,337,8,160,1000,336.0,dell_r6715,3125,0.01,1,160,374,72.8,18.723817,4950469172,Montage
148,8,7,1311.19,72,352,8,160,1000,336.0,dell_r6715,3125,0.01,1,160,374,72.8,17.659294,4521707881,Montage
146,8,7,2364.68,65,341,8,320,1000,672.0,dell_r6725,3125,0.01,1,320,711,135.0,17.427356,4831892000,Montage
146,8,7,2452.92,65,333,8,320,1000,672.0,dell_r6725,3125,0.01,1,320,711,135.0,18.076776,5022818085,Montage
148,8,7,2436.92,67,339,8,320,1000,672.0,dell_r6725,3125,0.01,1,320,711,135.0,17.962213,4816395111,Montage
146,8,7,2548.57,65,333,8,320,1000,672.0,dell_r6725,3125,0.01,1,320,711,135.0,18.735441,5286001025,Montage
147,8,7,3373.11,71,356,8,320,1000,672.0,dell_r6725,3125,0.01,1,320,711,135.0,24.718912,4383595177,Montage
145,8,7,2310.65,71,351,8,320,1000,672.0,dell_r6725,3125,0.01,1,320,711,135.0,17.028607,4272127318,Montage
147,8,7,2538.35,66,346,8,320,1000,672.0,dell_r6725,3125,0.01,1,320,711,135.0,18.648599,5380425078,Montage
146,8,7,2329.66,65,333,8,320,1000,672.0,dell_r6725,3125,0.01,1,320,711,135.0,17.16561,4714639397,Montage
146,8,7,2304.49,65,333,8,320,1000,672.0,dell_r6725,3125,0.01,1,320,711,135.0,16.981409,4734003028,Montage
147,8,7,2416.3,66,336,8,320,1000,672.0,dell_r6725,3125,0.01,1,320,711,135.0,17.809628,4874864453,Montage
146,8,7,7934.1,65,333,8,344,1000,688.0,lenovo_sr850,3125,0.01,1,344,1578,450.0,17.568867,4901507159,Montage
146,8,7,8038.63,65,333,8,344,1000,688.0,lenovo_sr850,3125,0.01,1,344,1578,450.0,17.814856,5198633737,Montage
147,8,7,8070.32,66,336,8,344,1000,688.0,lenovo_sr850,3125,0.01,1,344,1578,450.0,17.886432,4811789995,Montage
147,8,7,8027.33,66,336,8,344,1000,688.0,lenovo_sr850,3125,0.01,1,344,1578,450.0,17.790871,4970779111,Montage
147,8,7,7661.28,73,355,8,344,1000,688.0,lenovo_sr850,3125,0.01,1,344,1578,450.0,16.9788,4294449743,Montage
145,8,7,7410.09,64,330,8,344,1000,688.0,lenovo_sr850,3125,0.01,1,344,1578,450.0,16.417777,4576839361,Montage
147,8,7,8122.31,66,336,8,344,1000,688.0,lenovo_sr850,3125,0.01,1,344,1578,450.0,17.999157,4993578119,Montage
148,8,7,7802.47,72,356,8,344,1000,688.0,lenovo_sr850,3125,0.01,1,344,1578,450.0,17.291076,4345299430,Montage
147,8,7,7659.24,66,346,8,344,1000,688.0,lenovo_sr850,3125,0.01,1,344,1578,450.0,16.971763,4621125519,Montage
147,8,7,8234.68,66,336,8,344,1000,688.0,lenovo_sr850,3125,0.01,1,344,1578,450.0,18.250039,4895458115,Montage
195,8,7,1751.96,89,447,8,160,1000,336.0,dell_r6715,3125,0.01,1,160,374,72.8,23.352842,6528572225,Montage
196,8,7,1747.09,90,455,8,160,1000,336.0,dell_r6715,3125,0.01,1,160,374,72.8,23.535383,6274463408,Montage
196,8,7,1774.2,95,481,8,160,1000,336.0,dell_r6715,3125,0.01,1,160,374,72.8,23.904313,6037922738,Montage
197,8,7,1881.45,91,458,8,160,1000,336.0,dell_r6715,3125,0.01,1,160,374,72.8,25.383532,7032229389,Montage
198,8,7,1827.03,92,466,8,160,1000,336.0,dell_r6715,3125,0.01,1,160,374,72.8,24.634295,6457366574,Montage
195,8,7,1709.39,94,467,8,160,1000,336.0,dell_r6715,3125,0.01,1,160,374,72.8,23.00243,5960732058,Montage
196,8,7,1800.09,90,468,8,160,1000,336.0,dell_r6715,3125,0.01,1,160,374,72.8,24.228425,6335834003,Montage
195,8,7,1747.55,89,450,8,160,1000,336.0,dell_r6715,3125,0.01,1,160,374,72.8,23.52561,6203738386,Montage
196,8,7,1687.9,90,457,8,160,1000,336.0,dell_r6715,3125,0.01,1,160,374,72.8,22.721146,6111329024,Montage
198,8,7,1792.16,92,458,8,160,1000,336.0,dell_r6715,3125,0.01,1,160,374,72.8,24.143849,6298332876,Montage
197,8,7,3240.61,96,494,8,320,1000,672.0,dell_r6725,3125,0.01,1,320,711,135.0,23.885292,5924177026,Montage
197,8,7,3098.73,98,498,8,320,1000,672.0,dell_r6725,3125,0.01,1,320,711,135.0,22.828331,5839463556,Montage
196,8,7,3239.19,90,463,8,320,1000,672.0,dell_r6725,3125,0.01,1,320,711,135.0,23.753724,6338620270,Montage
197,8,7,3113.51,91,468,8,320,1000,672.0,dell_r6725,3125,0.01,1,320,711,135.0,22.931327,6125954772,Montage
198,8,7,3224.56,97,512,8,320,1000,672.0,dell_r6725,3125,0.01,1,320,711,135.0,23.766404,5683761429,Montage
198,8,7,3096.8,90,470,8,320,1000,672.0,dell_r6725,3125,0.01,1,320,711,135.0,22.804908,6224467977,Montage
195,8,7,3162.85,89,449,8,320,1000,672.0,dell_r6725,3125,0.01,1,320,711,135.0,23.305298,6238549596,Montage
195,8,7,3205.92,89,447,8,320,1000,672.0,dell_r6725,3125,0.01,1,320,711,135.0,23.627571,6339190107,Montage
197,8,7,3266.88,91,456,8,320,1000,672.0,dell_r6725,3125,0.01,1,320,711,135.0,24.080131,6551289957,Montage
195,8,7,3300.07,89,459,8,320,1000,672.0,dell_r6725,3125,0.01,1,320,711,135.0,24.315109,6507228248,Montage
195,8,7,10303.15,96,486,8,344,1000,688.0,lenovo_sr850,3125,0.01,1,344,1578,450.0,22.833403,5692526012,Montage
198,8,7,10535.47,92,471,8,344,1000,688.0,lenovo_sr850,3125,0.01,1,344,1578,450.0,23.282993,6150295335,Montage
198,8,7,10929.46,90,471,8,344,1000,688.0,lenovo_sr850,3125,0.01,1,344,1578,450.0,24.221379,6519430957,Montage
198,8,7,10342.76,92,461,8,344,1000,688.0,lenovo_sr850,3125,0.01,1,344,1578,450.0,22.918645,6118601915,Montage
195,8,7,11164.87,89,464,8,344,1000,688.0,lenovo_sr850,3125,0.01,1,344,1578,450.0,24.746711,6373774416,Montage
195,8,7,10506.81,91,455,8,344,1000,688.0,lenovo_sr850,3125,0.01,1,344,1578,450.0,23.26704,6146829858,Montage
198,8,7,11066.66,92,493,8,344,1000,688.0,lenovo_sr850,3125,0.01,1,344,1578,450.0,24.520214,6333369154,Montage
196,8,7,10153.55,90,454,8,344,1000,688.0,lenovo_sr850,3125,0.01,1,344,1578,450.0,22.498951,6160386192,Montage
198,8,7,10842.41,92,476,8,344,1000,688.0,lenovo_sr850,3125,0.01,1,344,1578,450.0,24.030778,6337090582,Montage
198,8,7,10941.4,90,470,8,344,1000,688.0,lenovo_sr850,3125,0.01,1,344,1578,450.0,24.248967,6351530138,Montage
246,8,7,2040.54,151,636,8,160,1000,336.0,dell_r6715,3125,0.01,1,160,374,72.8,27.51159,5606596316,Montage
246,8,7,1908.81,151,618,8,160,1000,336.0,dell_r6715,3125,0.01,1,160,374,72.8,25.622415,5551890774,Montage
246,8,7,1976.83,151,618,8,160,1000,336.0,dell_r6715,3125,0.01,1,160,374,72.8,26.659531,5652625045,Montage
246,8,7,1987.08,151,636,8,160,1000,336.0,dell_r6715,3125,0.01,1,160,374,72.8,26.842947,5632851356,Montage
246,8,7,1932.51,151,618,8,160,1000,336.0,dell_r6715,3125,0.01,1,160,374,72.8,26.094703,5657282820,Montage
246,8,7,1930.48,151,636,8,160,1000,336.0,dell_r6715,3125,0.01,1,160,374,72.8,26.039758,5458124988,Montage
246,8,7,1989.39,151,618,8,160,1000,336.0,dell_r6715,3125,0.01,1,160,374,72.8,26.876312,6122830849,Montage
246,8,7,2777.11,151,618,8,160,1000,336.0,dell_r6715,3125,0.01,1,160,374,72.8,37.191857,5637602278,Montage
241,8,7,1858.5,157,633,8,160,1000,336.0,dell_r6715,3125,0.01,1,160,374,72.8,25.061101,4874325701,Montage
246,8,7,2067.61,151,636,8,160,1000,336.0,dell_r6715,3125,0.01,1,160,374,72.8,27.921496,5626821026,Montage
246,8,7,3599.52,151,618,8,320,1000,672.0,dell_r6725,3125,0.01,1,320,711,135.0,26.544156,6580084264,Montage
241,8,7,3402.15,157,633,8,320,1000,672.0,dell_r6725,3125,0.01,1,320,711,135.0,25.092878,4894305208,Montage
241,8,7,3310.73,157,633,8,320,1000,672.0,dell_r6725,3125,0.01,1,320,711,135.0,24.415891,4789677533,Montage
246,8,7,3531.99,151,618,8,320,1000,672.0,dell_r6725,3125,0.01,1,320,711,135.0,26.013324,5487803479,Montage
246,8,7,3414.21,151,618,8,320,1000,672.0,dell_r6725,3125,0.01,1,320,711,135.0,25.174406,5380998754,Montage
246,8,7,3434.52,151,618,8,320,1000,672.0,dell_r6725,3125,0.01,1,320,711,135.0,25.31623,5378100522,Montage
246,8,7,3262.9,151,618,8,320,1000,672.0,dell_r6725,3125,0.01,1,320,711,135.0,24.053638,5374991640,Montage
246,8,7,3423.81,151,618,8,320,1000,672.0,dell_r6725,3125,0.01,1,320,711,135.0,25.2308,5737178260,Montage
246,8,7,3662.93,151,636,8,320,1000,672.0,dell_r6725,3125,0.01,1,320,711,135.0,27.007758,6216255912,Montage
246,8,7,3763.01,151,618,8,320,1000,672.0,dell_r6725,3125,0.01,1,320,711,135.0,27.756624,6032792657,Montage
246,8,7,11493.17,151,618,8,344,1000,688.0,lenovo_sr850,3125,0.01,1,344,1578,450.0,25.478416,5408513408,Montage
246,8,7,11995.18,151,618,8,344,1000,688.0,lenovo_sr850,3125,0.01,1,344,1578,450.0,26.588856,5712439844,Montage
246,8,7,12059.69,151,618,8,344,1000,688.0,lenovo_sr850,3125,0.01,1,344,1578,450.0,26.73678,5902897578,Montage
241,8,7,11734.64,157,631,8,344,1000,688.0,lenovo_sr850,3125,0.01,1,344,1578,450.0,26.01929,4837771700,Montage
246,8,7,11785.33,151,618,8,344,1000,688.0,lenovo_sr850,3125,0.01,1,344,1578,450.0,26.108087,5588973776,Montage
246,8,7,11884.43,151,636,8,344,1000,688.0,lenovo_sr850,3125,0.01,1,344,1578,450.0,26.347975,5478902541,Montage
246,8,7,11896.36,151,618,8,344,1000,688.0,lenovo_sr850,3125,0.01,1,344,1578,450.0,26.374218,5720107172,Montage
241,8,7,11112.83,157,633,8,344,1000,688.0,lenovo_sr850,3125,0.01,1,344,1578,450.0,24.607786,4908727805,Montage
246,8,7,12260.71,151,618,8,344,1000,688.0,lenovo_sr850,3125,0.01,1,344,1578,450.0,27.17954,5648109938,Montage
246,8,7,11880.16,151,618,8,344,1000,688.0,lenovo_sr850,3125,0.01,1,344,1578,450.0,26.336722,5592179025,Montage
291,8,7,2146.72,186,752,8,160,1000,336.0,dell_r6715,3125,0.01,1,160,374,72.8,28.970612,5902127093,Montage
295,8,7,2313.4,199,805,8,160,1000,336.0,dell_r6715,3125,0.01,1,160,374,72.8,31.267196,5560707462,Montage
291,8,7,2221.08,186,752,8,160,1000,336.0,dell_r6715,3125,0.01,1,160,374,72.8,29.973368,5977729352,Montage
291,8,7,2431.6,186,751,8,160,1000,336.0,dell_r6715,3125,0.01,1,160,374,72.8,32.631469,6134599633,Montage
291,8,7,2409.89,186,788,8,160,1000,336.0,dell_r6715,3125,0.01,1,160,374,72.8,32.587138,6310685859,Montage
291,8,7,2339.38,186,752,8,160,1000,336.0,dell_r6715,3125,0.01,1,160,374,72.8,31.618562,6113003657,Montage
296,8,7,2394.7,180,740,8,160,1000,336.0,dell_r6715,3125,0.01,1,160,374,72.8,32.306624,6883327504,Montage
296,8,7,9325.32,180,740,8,160,1000,336.0,dell_r6715,3125,0.01,1,160,374,72.8,124.811306,6493101327,Montage
296,8,7,2422.67,180,740,8,160,1000,336.0,dell_r6715,3125,0.01,1,160,374,72.8,32.685167,7017438077,Montage
296,8,7,2329.11,180,740,8,160,1000,336.0,dell_r6715,3125,0.01,1,160,374,72.8,31.324374,7025631742,Montage
291,8,7,4147.73,186,755,8,320,1000,672.0,dell_r6725,3125,0.01,1,320,711,135.0,30.589857,6024161131,Montage
296,8,7,4483.33,180,740,8,320,1000,672.0,dell_r6725,3125,0.01,1,320,711,135.0,33.068968,6962560699,Montage
291,8,7,4445.29,186,757,8,320,1000,672.0,dell_r6725,3125,0.01,1,320,711,135.0,32.774522,6150899058,Montage
291,8,7,4374.31,186,752,8,320,1000,672.0,dell_r6725,3125,0.01,1,320,711,135.0,32.264243,6252905761,Montage
291,8,7,5183.65,186,772,8,320,1000,672.0,dell_r6725,3125,0.01,1,320,711,135.0,38.092166,6410476585,Montage
291,8,7,4494.87,186,754,8,320,1000,672.0,dell_r6725,3125,0.01,1,320,711,135.0,33.153397,7545438690,Montage
296,8,7,4321.56,180,740,8,320,1000,672.0,dell_r6725,3125,0.01,1,320,711,135.0,31.866194,7122832725,Montage
291,8,7,4192.51,186,752,8,320,1000,672.0,dell_r6725,3125,0.01,1,320,711,135.0,30.921971,6163082819,Montage
291,8,7,3999.59,186,752,8,320,1000,672.0,dell_r6725,3125,0.01,1,320,711,135.0,29.493814,6059683493,Montage
291,8,7,4115.23,186,769,8,320,1000,672.0,dell_r6725,3125,0.01,1,320,711,135.0,30.342776,6302561418,Montage
291,8,7,13777.52,186,751,8,344,1000,688.0,lenovo_sr850,3125,0.01,1,344,1578,450.0,30.545743,6237207442,Montage
291,8,7,12800.57,186,752,8,344,1000,688.0,lenovo_sr850,3125,0.01,1,344,1578,450.0,28.360837,5830700030,Montage
291,8,7,14490.65,186,754,8,344,1000,688.0,lenovo_sr850,3125,0.01,1,344,1578,450.0,32.130466,6301488622,Montage
291,8,7,14598.16,186,788,8,344,1000,688.0,lenovo_sr850,3125,0.01,1,344,1578,450.0,32.369458,6509041915,Montage
291,8,7,13980.95,186,758,8,344,1000,688.0,lenovo_sr850,3125,0.01,1,344,1578,450.0,30.996065,6285590214,Montage
295,8,7,13629.5,199,806,8,344,1000,688.0,lenovo_sr850,3125,0.01,1,344,1578,450.0,30.219272,5404881478,Montage
291,8,7,13819.05,186,753,8,344,1000,688.0,lenovo_sr850,3125,0.01,1,344,1578,450.0,30.637516,6085858612,Montage
291,8,7,13864.68,186,790,8,344,1000,688.0,lenovo_sr850,3125,0.01,1,344,1578,450.0,30.739399,6658393433,Montage
291,8,7,13460.88,186,752,8,344,1000,688.0,lenovo_sr850,3125,0.01,1,344,1578,450.0,29.802056,6052315581,Montage
291,8,7,13905.99,186,770,8,344,1000,688.0,lenovo_sr850,3125,0.01,1,344,1578,450.0,30.829384,6112352074,Montage
395,8,7,2917.8,257,1042,8,160,1000,336.0,dell_r6715,3125,0.01,1,160,374,72.8,39.389436,7822394431,Montage
391,8,7,3075.24,244,1013,8,160,1000,336.0,dell_r6715,3125,0.01,1,160,374,72.8,41.378036,8604017440,Montage
391,8,7,3136.32,244,1029,8,160,1000,336.0,dell_r6715,3125,0.01,1,160,374,72.8,42.366797,8496906648,Montage
391,8,7,3045.33,244,1029,8,160,1000,336.0,dell_r6715,3125,0.01,1,160,374,72.8,41.117425,8411881281,Montage
395,8,7,3120.16,257,1095,8,160,1000,336.0,dell_r6715,3125,0.01,1,160,374,72.8,42.151444,7888491774,Montage
391,8,7,3212.29,244,1031,8,160,1000,336.0,dell_r6715,3125,0.01,1,160,374,72.8,43.412063,8728586251,Montage
395,8,7,3162.33,257,1077,8,160,1000,336.0,dell_r6715,3125,0.01,1,160,374,72.8,42.746474,7906241989,Montage
391,8,7,3095.48,244,1029,8,160,1000,336.0,dell_r6715,3125,0.01,1,160,374,72.8,41.807367,9140987538,Montage
391,8,7,3132.85,244,995,8,160,1000,336.0,dell_r6715,3125,0.01,1,160,374,72.8,42.314532,8768190056,Montage
391,8,7,3061.41,244,1010,8,160,1000,336.0,dell_r6715,3125,0.01,1,160,374,72.8,41.309929,8997914302,Montage
395,8,7,5829.28,257,1059,8,320,1000,672.0,dell_r6725,3125,0.01,1,320,711,135.0,43.001641,8444420532,Montage
395,8,7,5782.24,257,1086,8,320,1000,672.0,dell_r6725,3125,0.01,1,320,711,135.0,42.653459,8076779634,Montage
391,8,7,5341.95,244,995,8,320,1000,672.0,dell_r6725,3125,0.01,1,320,711,135.0,39.384987,8456636524,Montage
391,8,7,5514.64,244,993,8,320,1000,672.0,dell_r6725,3125,0.01,1,320,711,135.0,40.625666,8756536276,Montage
395,8,7,5753.7,257,1047,8,320,1000,672.0,dell_r6725,3125,0.01,1,320,711,135.0,42.42803,7893122988,Montage
391,8,7,6022.81,244,1031,8,320,1000,672.0,dell_r6725,3125,0.01,1,320,711,135.0,44.369208,8818270243,Montage
391,8,7,5737.59,244,1070,8,320,1000,672.0,dell_r6725,3125,0.01,1,320,711,135.0,42.315637,8894256578,Montage
391,8,7,5374.58,244,1013,8,320,1000,672.0,dell_r6725,3125,0.01,1,320,711,135.0,39.629512,8452038021,Montage
391,8,7,5850.6,244,1029,8,320,1000,672.0,dell_r6725,3125,0.01,1,320,711,135.0,43.147321,8574229988,Montage
391,8,7,5937.48,244,1029,8,320,1000,672.0,dell_r6725,3125,0.01,1,320,711,135.0,43.79904,8812185820,Montage
391,8,7,19092.27,244,1016,8,344,1000,688.0,lenovo_sr850,3125,0.01,1,344,1578,450.0,42.329869,8600798146,Montage
391,8,7,19392.38,244,1031,8,344,1000,688.0,lenovo_sr850,3125,0.01,1,344,1578,450.0,42.992887,8656331052,Montage
391,8,7,18486.28,244,993,8,344,1000,688.0,lenovo_sr850,3125,0.01,1,344,1578,450.0,40.983351,8487364920,Montage
395,8,7,19673.29,257,1099,8,344,1000,688.0,lenovo_sr850,3125,0.01,1,344,1578,450.0,43.62342,7950480636,Montage
391,8,7,19418.3,244,1029,8,344,1000,688.0,lenovo_sr850,3125,0.01,1,344,1578,450.0,43.054363,8620091514,Montage
391,8,7,17862.73,244,995,8,344,1000,688.0,lenovo_sr850,3125,0.01,1,344,1578,450.0,39.593547,8406265867,Montage
391,8,7,18779.42,244,995,8,344,1000,688.0,lenovo_sr850,3125,0.01,1,344,1578,450.0,41.631212,8682303005,Montage
391,8,7,18754.37,244,1012,8,344,1000,688.0,lenovo_sr850,3125,0.01,1,344,1578,450.0,41.579134,8755757176,Montage
391,8,7,17538.53,244,1010,8,344,1000,688.0,lenovo_sr850,3125,0.01,1,344,1578,450.0,38.876354,8308031770,Montage
391,8,7,19496.91,244,1029,8,344,1000,688.0,lenovo_sr850,3125,0.01,1,344,1578,450.0,43.228939,8570234513,Montage
495,8,7,4148.8,315,1388,8,160,1000,336.0,dell_r6715,3125,0.01,1,160,374,72.8,55.823707,10724139780,Montage
495,8,7,4117.94,315,1316,8,160,1000,336.0,dell_r6715,3125,0.01,1,160,374,72.8,55.680844,10775009547,Montage
495,8,7,3987.17,315,1335,8,160,1000,336.0,dell_r6715,3125,0.01,1,160,374,72.8,53.856833,10342532433,Montage
495,8,7,4134.59,315,1477,8,160,1000,336.0,dell_r6715,3125,0.01,1,160,374,72.8,55.906524,10687107189,Montage
490,8,7,4042.68,321,1418,8,160,1000,336.0,dell_r6715,3125,0.01,1,160,374,72.8,54.669732,9904243132,Montage
495,8,7,4220.87,315,1478,8,160,1000,336.0,dell_r6715,3125,0.01,1,160,374,72.8,57.097098,10406156456,Montage
495,8,7,4126.34,315,1441,8,160,1000,336.0,dell_r6715,3125,0.01,1,160,374,72.8,55.799192,10480300285,Montage
495,8,7,3780.65,315,1334,8,160,1000,336.0,dell_r6715,3125,0.01,1,160,374,72.8,51.017875,10342901889,Montage
491,8,7,3932.15,302,1254,8,160,1000,336.0,dell_r6715,3125,0.01,1,160,374,72.8,53.108781,11200226204,Montage
491,8,7,3772.62,302,1272,8,160,1000,336.0,dell_r6715,3125,0.01,1,160,374,72.8,50.91136,11273352976,Montage
495,8,7,7233.15,315,1318,8,320,1000,672.0,dell_r6725,3125,0.01,1,320,711,135.0,53.346601,10602250503,Montage
495,8,7,6928.42,315,1298,8,320,1000,672.0,dell_r6725,3125,0.01,1,320,711,135.0,51.094226,10496482910,Montage
495,8,7,7165.07,315,1283,8,320,1000,672.0,dell_r6725,3125,0.01,1,320,711,135.0,52.61535,10519149426,Montage
495,8,7,7117.01,315,1333,8,320,1000,672.0,dell_r6725,3125,0.01,1,320,711,135.0,52.491257,10419723245,Montage
495,8,7,6937.58,315,1298,8,320,1000,672.0,dell_r6725,3125,0.01,1,320,711,135.0,51.162059,10215489671,Montage
495,8,7,7094.4,315,1334,8,320,1000,672.0,dell_r6725,3125,0.01,1,320,711,135.0,52.319341,10209679583,Montage
491,8,7,6870.45,302,1254,8,320,1000,672.0,dell_r6725,3125,0.01,1,320,711,135.0,50.640507,11059860494,Montage
495,8,7,7063.4,315,1280,8,320,1000,672.0,dell_r6725,3125,0.01,1,320,711,135.0,52.08049,10452354647,Montage
495,8,7,7058.1,315,1363,8,320,1000,672.0,dell_r6725,3125,0.01,1,320,711,135.0,52.054763,10455634022,Montage
491,8,7,7342.74,302,1236,8,320,1000,672.0,dell_r6725,3125,0.01,1,320,711,135.0,54.131917,11559598646,Montage
495,8,7,25417.33,315,1406,8,344,1000,688.0,lenovo_sr850,3125,0.01,1,344,1578,450.0,56.346015,10694929086,Montage
495,8,7,23895.17,315,1322,8,344,1000,688.0,lenovo_sr850,3125,0.01,1,344,1578,450.0,52.979084,10585631835,Montage
495,8,7,23133.91,315,1279,8,344,1000,688.0,lenovo_sr850,3125,0.01,1,344,1578,450.0,51.286348,10273664076,Montage
495,8,7,24232.62,315,1334,8,344,1000,688.0,lenovo_sr850,3125,0.01,1,344,1578,450.0,53.716699,10435800884,Montage
495,8,7,23856.58,315,1316,8,344,1000,688.0,lenovo_sr850,3125,0.01,1,344,1578,450.0,52.890107,10527944815,Montage
495,8,7,24207.31,315,1304,8,344,1000,688.0,lenovo_sr850,3125,0.01,1,344,1578,450.0,53.655918,10427908262,Montage
495,8,7,25113.34,315,1354,8,344,1000,688.0,lenovo_sr850,3125,0.01,1,344,1578,450.0,55.68606,10581757099,Montage
491,8,7,26573.59,302,1254,8,344,1000,688.0,lenovo_sr850,3125,0.01,1,344,1578,450.0,58.752627,10959324133,Montage
495,8,7,23925.04,315,1304,8,344,1000,688.0,lenovo_sr850,3125,0.01,1,344,1578,450.0,53.045421,10473260880,Montage
495,8,7,25221.34,315,1334,8,344,1000,688.0,lenovo_sr850,3125,0.01,1,344,1578,450.0,55.807062,10737117520,Montage
696,8,7,5208.55,460,1861,8,160,1000,336.0,dell_r6715,3125,0.01,1,160,374,72.8,70.175367,12840862391,Montage
693,8,7,5386.27,459,2007,8,160,1000,336.0,dell_r6715,3125,0.01,1,160,374,72.8,72.716105,12554663183,Montage
697,8,7,5188.92,463,1962,8,160,1000,336.0,dell_r6715,3125,0.01,1,160,374,72.8,70.003387,12699831886,Montage
698,8,7,5210.37,453,1818,8,160,1000,336.0,dell_r6715,3125,0.01,1,160,374,72.8,70.261936,13849822452,Montage
695,8,7,5257.08,452,1817,8,160,1000,336.0,dell_r6715,3125,0.01,1,160,374,72.8,70.903794,13700400459,Montage
698,8,7,5165.28,469,1875,8,160,1000,336.0,dell_r6715,3125,0.01,1,160,374,72.8,69.677798,12350261695,Montage
692,8,7,5353.25,456,1967,8,160,1000,336.0,dell_r6715,3125,0.01,1,160,374,72.8,72.249025,12923040095,Montage
696,8,7,5363.06,451,1825,8,160,1000,336.0,dell_r6715,3125,0.01,1,160,374,72.8,72.32813,13937201281,Montage
698,8,7,5250.4,460,1854,8,160,1000,336.0,dell_r6715,3125,0.01,1,160,374,72.8,70.808021,13267581356,Montage
693,8,7,5540.82,448,1859,8,160,1000,336.0,dell_r6715,3125,0.01,1,160,374,72.8,74.808963,13708646144,Montage
695,8,7,9535.12,459,2009,8,320,1000,672.0,dell_r6725,3125,0.01,1,320,711,135.0,70.294181,12869299693,Montage
694,8,7,9309.55,460,1858,8,320,1000,672.0,dell_r6725,3125,0.01,1,320,711,135.0,68.627331,12790989015,Montage
694,8,7,10178.83,456,2011,8,320,1000,672.0,dell_r6725,3125,0.01,1,320,711,135.0,75.064446,13932446315,Montage
692,8,7,9488.35,449,1799,8,320,1000,672.0,dell_r6725,3125,0.01,1,320,711,135.0,69.951698,13584202053,Montage
694,8,7,9606.48,458,1996,8,320,1000,672.0,dell_r6725,3125,0.01,1,320,711,135.0,70.791177,12611753374,Montage
698,8,7,8978.39,464,1852,8,320,1000,672.0,dell_r6725,3125,0.01,1,320,711,135.0,66.178291,12549773746,Montage
698,8,7,9554.86,462,1853,8,320,1000,672.0,dell_r6725,3125,0.01,1,320,711,135.0,70.431695,12812531543,Montage
695,8,7,9499.71,459,1897,8,320,1000,672.0,dell_r6725,3125,0.01,1,320,711,135.0,70.034318,12891936324,Montage
694,8,7,9680.86,449,1816,8,320,1000,672.0,dell_r6725,3125,0.01,1,320,711,135.0,71.364565,13660908251,Montage
695,8,7,10305.45,457,2196,8,320,1000,672.0,dell_r6725,3125,0.01,1,320,711,135.0,75.999183,13113954548,Montage
694,8,7,31294.97,451,1810,8,344,1000,688.0,lenovo_sr850,3125,0.01,1,344,1578,450.0,69.366863,13311862292,Montage
695,8,7,33927.45,452,1875,8,344,1000,688.0,lenovo_sr850,3125,0.01,1,344,1578,450.0,75.177483,13661583494,Montage
694,8,7,30539.3,451,1895,8,344,1000,688.0,lenovo_sr850,3125,0.01,1,344,1578,450.0,67.687283,13019842080,Montage
697,8,7,31638.02,461,1878,8,344,1000,688.0,lenovo_sr850,3125,0.01,1,344,1578,450.0,70.130195,12828984209,Montage
696,8,7,30959.63,451,1892,8,344,1000,688.0,lenovo_sr850,3125,0.01,1,344,1578,450.0,68.620213,13207170471,Montage
698,8,7,33375.32,469,2062,8,344,1000,688.0,lenovo_sr850,3125,0.01,1,344,1578,450.0,73.991983,12283187807,Montage
698,8,7,31974.73,453,1870,8,344,1000,688.0,lenovo_sr850,3125,0.01,1,344,1578,450.0,70.858807,13550171206,Montage
697,8,7,32681.69,452,1817,8,344,1000,688.0,lenovo_sr850,3125,0.01,1,344,1578,450.0,72.407334,13877280710,Montage
696,8,7,30142.65,453,1815,8,344,1000,688.0,lenovo_sr850,3125,0.01,1,344,1578,450.0,66.806043,13323520499,Montage
698,8,7,32496.41,453,1876,8,344,1000,688.0,lenovo_sr850,3125,0.01,1,344,1578,450.0,72.034938,13884469209,Montage
994,8,7,7021.58,782,2942,8,160,1000,336.0,dell_r6715,3125,0.01,1,160,374,72.8,95.177356,11579399673,Montage
994,8,7,6705.8,782,2904,8,160,1000,336.0,dell_r6715,3125,0.01,1,160,374,72.8,90.842546,11626171077,Montage
991,8,7,6514.65,762,2712,8,160,1000,336.0,dell_r6715,3125,0.01,1,160,374,72.8,88.083223,12695821485,Montage
991,8,7,6479.71,762,2742,8,160,1000,336.0,dell_r6715,3125,0.01,1,160,374,72.8,87.567666,12372375219,Montage
994,8,7,6947.22,782,2817,8,160,1000,336.0,dell_r6715,3125,0.01,1,160,374,72.8,94.158265,11670814301,Montage
994,8,7,6885.42,782,2775,8,160,1000,336.0,dell_r6715,3125,0.01,1,160,374,72.8,93.303425,11716641752,Montage
994,8,7,7013.09,782,2852,8,160,1000,336.0,dell_r6715,3125,0.01,1,160,374,72.8,95.061281,11601040766,Montage
991,8,7,6597.97,762,2710,8,160,1000,336.0,dell_r6715,3125,0.01,1,160,374,72.8,89.304225,12651466568,Montage
994,8,7,7194.6,782,2918,8,160,1000,336.0,dell_r6715,3125,0.01,1,160,374,72.8,97.546934,11874948750,Montage
994,8,7,7059.65,782,2841,8,160,1000,336.0,dell_r6715,3125,0.01,1,160,374,72.8,95.703229,11715914278,Montage
991,8,7,12441.58,762,2742,8,320,1000,672.0,dell_r6725,3125,0.01,1,320,711,135.0,91.817357,12594752656,Montage
991,8,7,12268.23,762,2709,8,320,1000,672.0,dell_r6725,3125,0.01,1,320,711,135.0,90.531914,12736030716,Montage
994,8,7,12888.0,782,2847,8,320,1000,672.0,dell_r6725,3125,0.01,1,320,711,135.0,95.137916,12225997346,Montage
991,8,7,12901.63,762,2742,8,320,1000,672.0,dell_r6725,3125,0.01,1,320,711,135.0,95.225359,12774801049,Montage
991,8,7,12279.92,762,2709,8,320,1000,672.0,dell_r6725,3125,0.01,1,320,711,135.0,90.611851,12637945047,Montage
991,8,7,12466.5,762,2838,8,320,1000,672.0,dell_r6725,3125,0.01,1,320,711,135.0,92.002345,12689287780,Montage
991,8,7,11597.27,762,2742,8,320,1000,672.0,dell_r6725,3125,0.01,1,320,711,135.0,85.560501,12286573659,Montage
991,8,7,12311.99,762,2710,8,320,1000,672.0,dell_r6725,3125,0.01,1,320,711,135.0,90.839803,12708052576,Montage
994,8,7,12071.79,782,2839,8,320,1000,672.0,dell_r6725,3125,0.01,1,320,711,135.0,89.091623,11425260354,Montage
994,8,7,12359.82,782,2841,8,320,1000,672.0,dell_r6725,3125,0.01,1,320,711,135.0,91.207616,11426287444,Montage
991,8,7,39962.98,762,2774,8,344,1000,688.0,lenovo_sr850,3125,0.01,1,344,1578,450.0,88.623976,12318875115,Montage
994,8,7,39697.54,782,2775,8,344,1000,688.0,lenovo_sr850,3125,0.01,1,344,1578,450.0,88.040829,11464140206,Montage
991,8,7,41693.5,762,2773,8,344,1000,688.0,lenovo_sr850,3125,0.01,1,344,1578,450.0,92.464381,12605598082,Montage
994,8,7,41799.09,782,2869,8,344,1000,688.0,lenovo_sr850,3125,0.01,1,344,1578,450.0,92.712056,11518652556,Montage
991,8,7,41992.02,762,2710,8,344,1000,688.0,lenovo_sr850,3125,0.01,1,344,1578,450.0,93.131356,12832942329,Montage
994,8,7,40574.43,782,2853,8,344,1000,688.0,lenovo_sr850,3125,0.01,1,344,1578,450.0,89.984916,11506755348,Montage
991,8,7,42488.22,762,2806,8,344,1000,688.0,lenovo_sr850,3125,0.01,1,344,1578,450.0,94.194994,12592677612,Montage
991,8,7,40178.84,762,2710,8,344,1000,688.0,lenovo_sr850,3125,0.01,1,344,1578,450.0,89.103441,12464533992,Montage
994,8,7,41701.66,782,2873,8,344,1000,688.0,lenovo_sr850,3125,0.01,1,344,1578,450.0,92.494306,11489361670,Montage
991,8,7,40960.57,762,2710,8,344,1000,688.0,lenovo_sr850,3125,0.01,1,344,1578,450.0,90.840883,12972791946,Montage
98,3,2,5768.19,51,143,4,160,1000,336.0,dell_r6715,3125,0.01,1,160,374,72.8,79.182869,79061142507,Genome
98,3,2,5489.67,56,150,4,160,1000,336.0,dell_r6715,3125,0.01,1,160,374,72.8,75.355485,75153851450,Genome
98,3,2,4846.37,55,149,4,160,1000,336.0,dell_r6715,3125,0.01,1,160,374,72.8,66.527341,66379865320,Genome
98,3,2,5020.65,54,148,4,160,1000,336.0,dell_r6715,3125,0.01,1,160,374,72.8,68.922123,68813772321,Genome
98,3,2,4902.27,56,152,4,160,1000,336.0,dell_r6715,3125,0.01,1,160,374,72.8,67.294668,67196349684,Genome
98,3,2,5903.03,54,150,4,160,1000,336.0,dell_r6715,3125,0.01,1,160,374,72.8,81.046502,80824304818,Genome
98,3,2,4382.18,57,149,4,160,1000,336.0,dell_r6715,3125,0.01,1,160,374,72.8,60.149401,59931490849,Genome
98,3,2,4552.48,56,148,4,160,1000,336.0,dell_r6715,3125,0.01,1,160,374,72.8,62.486618,62296723516,Genome
98,3,2,4636.99,58,155,4,160,1000,336.0,dell_r6715,3125,0.01,1,160,374,72.8,63.65121,63511327381,Genome
98,3,2,5612.45,52,150,4,160,1000,336.0,dell_r6715,3125,0.01,1,160,374,72.8,77.045693,76886823359,Genome
98,3,2,9380.24,54,149,4,320,1000,672.0,dell_r6725,3125,0.01,1,320,711,135.0,69.472311,69407882347,Genome
98,3,2,9141.6,53,145,4,320,1000,672.0,dell_r6725,3125,0.01,1,320,711,135.0,67.705514,67629417174,Genome
98,3,2,8861.8,57,149,4,320,1000,672.0,dell_r6725,3125,0.01,1,320,711,135.0,65.631989,65549570005,Genome
98,3,2,8901.66,56,148,4,320,1000,672.0,dell_r6725,3125,0.01,1,320,711,135.0,65.926879,65843940218,Genome
98,3,2,9326.69,55,147,4,320,1000,672.0,dell_r6725,3125,0.01,1,320,711,135.0,69.074496,68963405234,Genome
98,3,2,9695.5,55,152,4,320,1000,672.0,dell_r6725,3125,0.01,1,320,711,135.0,71.806902,71704147108,Genome
98,3,2,9568.6,54,146,4,320,1000,672.0,dell_r6725,3125,0.01,1,320,711,135.0,70.865672,70814848822,Genome
98,3,2,10239.44,55,147,4,320,1000,672.0,dell_r6725,3125,0.01,1,320,711,135.0,75.837126,75789751602,Genome
98,3,2,8911.88,53,146,4,320,1000,672.0,dell_r6725,3125,0.01,1,320,711,135.0,66.001581,65939883666,Genome
98,3,2,8065.61,56,153,4,320,1000,672.0,dell_r6725,3125,0.01,1,320,711,135.0,59.734279,59665147881,Genome
98,3,2,28849.87,55,156,4,344,1000,688.0,lenovo_sr850,3125,0.01,1,344,1578,450.0,64.105028,64002707408,Genome
98,3,2,29863.3,56,162,4,344,1000,688.0,lenovo_sr850,3125,0.01,1,344,1578,450.0,66.356753,66213405120,Genome
98,3,2,28203.38,58,152,4,344,1000,688.0,lenovo_sr850,3125,0.01,1,344,1578,450.0,62.66883,62544910676,Genome
98,3,2,28189.49,56,148,4,344,1000,688.0,lenovo_sr850,3125,0.01,1,344,1578,450.0,62.637003,62557697860,Genome
98,3,2,31559.86,56,149,4,344,1000,688.0,lenovo_sr850,3125,0.01,1,344,1578,450.0,70.127456,70082667587,Genome
98,3,2,31120.55,57,151,4,344,1000,688.0,lenovo_sr850,3125,0.01,1,344,1578,450.0,69.150252,69071447888,Genome
98,3,2,29119.16,58,150,4,344,1000,688.0,lenovo_sr850,3125,0.01,1,344,1578,450.0,64.703354,64629535909,Genome
98,3,2,31149.4,56,148,4,344,1000,688.0,lenovo_sr850,3125,0.01,1,344,1578,450.0,69.21446,69123504039,Genome
98,3,2,30593.49,55,147,4,344,1000,688.0,lenovo_sr850,3125,0.01,1,344,1578,450.0,67.979073,67909829848,Genome
98,3,2,31819.73,55,147,4,344,1000,688.0,lenovo_sr850,3125,0.01,1,344,1578,450.0,70.704246,70620782879,Genome
148,3,2,7683.38,82,222,4,160,1000,336.0,dell_r6715,3125,0.01,1,160,374,72.8,105.468592,105336011647,Genome
148,3,2,7443.93,83,221,4,160,1000,336.0,dell_r6715,3125,0.01,1,160,374,72.8,102.184335,102088699087,Genome
148,3,2,8416.12,80,218,4,160,1000,336.0,dell_r6715,3125,0.01,1,160,374,72.8,115.532626,115361696783,Genome
148,3,2,8070.39,80,218,4,160,1000,336.0,dell_r6715,3125,0.01,1,160,374,72.8,110.795328,110661249368,Genome
148,3,2,6877.93,84,224,4,160,1000,336.0,dell_r6715,3125,0.01,1,160,374,72.8,94.411507,94250091780,Genome
148,3,2,8589.21,80,218,4,160,1000,336.0,dell_r6715,3125,0.01,1,160,374,72.8,117.914115,117765663119,Genome
148,3,2,8122.89,79,217,4,160,1000,336.0,dell_r6715,3125,0.01,1,160,374,72.8,111.503598,111379131498,Genome
148,3,2,6964.86,82,220,4,160,1000,336.0,dell_r6715,3125,0.01,1,160,374,72.8,95.602331,95434512586,Genome
148,3,2,7080.4,85,225,4,160,1000,336.0,dell_r6715,3125,0.01,1,160,374,72.8,97.186115,96977418441,Genome
148,3,2,7486.73,83,221,4,160,1000,336.0,dell_r6715,3125,0.01,1,160,374,72.8,102.774981,102640950550,Genome
148,3,2,14045.35,82,227,4,320,1000,672.0,dell_r6725,3125,0.01,1,320,711,135.0,104.023425,103956910067,Genome
148,3,2,14314.78,80,221,4,320,1000,672.0,dell_r6725,3125,0.01,1,320,711,135.0,106.01772,105927900789,Genome
148,3,2,14788.14,84,222,4,320,1000,672.0,dell_r6725,3125,0.01,1,320,711,135.0,109.522912,109438822624,Genome
148,3,2,15777.54,79,217,4,320,1000,672.0,dell_r6725,3125,0.01,1,320,711,135.0,116.853585,116780049070,Genome
148,3,2,13593.1,82,220,4,320,1000,672.0,dell_r6725,3125,0.01,1,320,711,135.0,100.671868,100551953121,Genome
148,3,2,14021.15,81,219,4,320,1000,672.0,dell_r6725,3125,0.01,1,320,711,135.0,103.84111,103712426841,Genome
148,3,2,13578.95,83,221,4,320,1000,672.0,dell_r6725,3125,0.01,1,320,711,135.0,100.568907,100453482439,Genome
148,3,2,13734.75,84,222,4,320,1000,672.0,dell_r6725,3125,0.01,1,320,711,135.0,101.718486,101604361800,Genome
148,3,2,13716.75,83,221,4,320,1000,672.0,dell_r6725,3125,0.01,1,320,711,135.0,101.586552,101502704705,Genome
148,3,2,14047.97,81,219,4,320,1000,672.0,dell_r6725,3125,0.01,1,320,711,135.0,104.040779,103885376009,Genome
148,3,2,45142.1,83,223,4,344,1000,688.0,lenovo_sr850,3125,0.01,1,344,1578,450.0,100.305583,100219184732,Genome
148,3,2,46639.85,81,225,4,344,1000,688.0,lenovo_sr850,3125,0.01,1,344,1578,450.0,103.634066,103535613851,Genome
148,3,2,51178.07,80,218,4,344,1000,688.0,lenovo_sr850,3125,0.01,1,344,1578,450.0,113.718885,113642959472,Genome
148,3,2,51275.47,83,221,4,344,1000,688.0,lenovo_sr850,3125,0.01,1,344,1578,450.0,113.935732,113832852772,Genome
148,3,2,43321.67,83,223,4,344,1000,688.0,lenovo_sr850,3125,0.01,1,344,1578,450.0,96.261416,96199380101,Genome
148,3,2,45103.13,83,221,4,344,1000,688.0,lenovo_sr850,3125,0.01,1,344,1578,450.0,100.220503,100131988999,Genome
148,3,2,42591.34,84,222,4,344,1000,688.0,lenovo_sr850,3125,0.01,1,344,1578,450.0,94.637604,94527975235,Genome
148,3,2,44341.41,85,223,4,344,1000,688.0,lenovo_sr850,3125,0.01,1,344,1578,450.0,98.527766,98401401675,Genome
148,3,2,49363.33,81,219,4,344,1000,688.0,lenovo_sr850,3125,0.01,1,344,1578,450.0,109.686061,109610878024,Genome
148,3,2,47435.43,81,219,4,344,1000,688.0,lenovo_sr850,3125,0.01,1,344,1578,450.0,105.403005,105310315675,Genome
198,3,2,11051.12,108,305,4,160,1000,336.0,dell_r6715,3125,0.01,1,160,374,72.8,151.709255,151512533444,Genome
198,3,2,10869.74,107,291,4,160,1000,336.0,dell_r6715,3125,0.01,1,160,374,72.8,149.215982,149072284694,Genome
198,3,2,10288.47,108,293,4,160,1000,336.0,dell_r6715,3125,0.01,1,160,374,72.8,141.232895,141081558864,Genome
198,3,2,10087.06,110,296,4,160,1000,336.0,dell_r6715,3125,0.01,1,160,374,72.8,138.460561,138319621130,Genome
198,3,2,9926.07,109,293,4,160,1000,336.0,dell_r6715,3125,0.01,1,160,374,72.8,136.258413,136117228977,Genome
198,3,2,10802.2,106,292,4,160,1000,336.0,dell_r6715,3125,0.01,1,160,374,72.8,148.282503,148120612754,Genome
198,3,2,9942.07,110,294,4,160,1000,336.0,dell_r6715,3125,0.01,1,160,374,72.8,136.477218,136365586078,Genome
198,3,2,10214.47,111,303,4,160,1000,336.0,dell_r6715,3125,0.01,1,160,374,72.8,140.223727,140086643152,Genome
198,3,2,10382.61,110,308,4,160,1000,336.0,dell_r6715,3125,0.01,1,160,374,72.8,142.528557,142361970069,Genome
198,3,2,9869.08,109,303,4,160,1000,336.0,dell_r6715,3125,0.01,1,160,374,72.8,135.471106,135286886099,Genome
198,3,2,19625.88,108,295,4,320,1000,672.0,dell_r6725,3125,0.01,1,320,711,135.0,145.353363,145204975827,Genome
198,3,2,19506.4,112,304,4,320,1000,672.0,dell_r6725,3125,0.01,1,320,711,135.0,144.466467,144291088966,Genome
198,3,2,19091.07,111,301,4,320,1000,672.0,dell_r6725,3125,0.01,1,320,711,135.0,141.392678,141313502672,Genome
198,3,2,17893.15,106,291,4,320,1000,672.0,dell_r6725,3125,0.01,1,320,711,135.0,132.51941,132381974307,Genome
198,3,2,19222.19,108,296,4,320,1000,672.0,dell_r6725,3125,0.01,1,320,711,135.0,142.364961,142230048417,Genome
198,3,2,17732.09,110,306,4,320,1000,672.0,dell_r6725,3125,0.01,1,320,711,135.0,131.325432,131202922883,Genome
198,3,2,20374.09,110,306,4,320,1000,672.0,dell_r6725,3125,0.01,1,320,711,135.0,150.897406,150783867685,Genome
198,3,2,19425.23,109,301,4,320,1000,672.0,dell_r6725,3125,0.01,1,320,711,135.0,143.865918,143738018867,Genome
198,3,2,19808.16,106,290,4,320,1000,672.0,dell_r6725,3125,0.01,1,320,711,135.0,146.700588,146574700279,Genome
198,3,2,17293.01,114,305,4,320,1000,672.0,dell_r6725,3125,0.01,1,320,711,135.0,128.072442,127963017623,Genome
198,3,2,67213.81,106,292,4,344,1000,688.0,lenovo_sr850,3125,0.01,1,344,1578,450.0,149.351551,149244415330,Genome
198,3,2,67683.84,109,304,4,344,1000,688.0,lenovo_sr850,3125,0.01,1,344,1578,450.0,150.395502,150307535713,Genome
198,3,2,63620.95,116,310,4,344,1000,688.0,lenovo_sr850,3125,0.01,1,344,1578,450.0,141.368516,141262578033,Genome
198,3,2,62807.29,108,295,4,344,1000,688.0,lenovo_sr850,3125,0.01,1,344,1578,450.0,139.55884,139443415902,Genome
198,3,2,66022.92,108,294,4,344,1000,688.0,lenovo_sr850,3125,0.01,1,344,1578,450.0,146.705214,146621173911,Genome
198,3,2,56145.04,112,305,4,344,1000,688.0,lenovo_sr850,3125,0.01,1,344,1578,450.0,124.753445,124641024335,Genome
198,3,2,65713.43,109,298,4,344,1000,688.0,lenovo_sr850,3125,0.01,1,344,1578,450.0,146.017646,145905685069,Genome
198,3,2,63158.77,110,302,4,344,1000,688.0,lenovo_sr850,3125,0.01,1,344,1578,450.0,140.34061,140256256698,Genome
198,3,2,66678.03,107,295,4,344,1000,688.0,lenovo_sr850,3125,0.01,1,344,1578,450.0,148.162365,148079099699,Genome
198,3,2,63670.52,108,294,4,344,1000,688.0,lenovo_sr850,3125,0.01,1,344,1578,450.0,141.476823,141333509580,Genome
248,3,2,19984.92,150,332,4,160,1000,336.0,dell_r6715,3125,0.01,1,160,374,72.8,274.391392,274191743387,Genome
248,3,2,18551.54,146,337,4,160,1000,336.0,dell_r6715,3125,0.01,1,160,374,72.8,254.708934,254538677687,Genome
248,3,2,18514.2,145,336,4,160,1000,336.0,dell_r6715,3125,0.01,1,160,374,72.8,254.196927,254021131088,Genome
248,3,2,17760.07,137,346,4,160,1000,336.0,dell_r6715,3125,0.01,1,160,374,72.8,243.832384,243707511563,Genome
248,3,2,18897.18,151,330,4,160,1000,336.0,dell_r6715,3125,0.01,1,160,374,72.8,259.447662,259254072836,Genome
248,3,2,17447.74,144,337,4,160,1000,336.0,dell_r6715,3125,0.01,1,160,374,72.8,239.538923,239362544734,Genome
248,3,2,17669.64,143,343,4,160,1000,336.0,dell_r6715,3125,0.01,1,160,374,72.8,242.588603,242438805361,Genome
248,3,2,18836.8,139,344,4,160,1000,336.0,dell_r6715,3125,0.01,1,160,374,72.8,258.624232,258448949402,Genome
248,3,2,17166.15,144,337,4,160,1000,336.0,dell_r6715,3125,0.01,1,160,374,72.8,235.679769,235547108645,Genome
248,3,2,17539.6,142,343,4,160,1000,336.0,dell_r6715,3125,0.01,1,160,374,72.8,240.805461,240583541527,Genome
248,3,2,38092.18,157,321,4,320,1000,672.0,dell_r6725,3125,0.01,1,320,711,135.0,282.132466,282042620232,Genome
248,3,2,33429.44,147,335,4,320,1000,672.0,dell_r6725,3125,0.01,1,320,711,135.0,247.593703,247516925067,Genome
248,3,2,33566.46,142,339,4,320,1000,672.0,dell_r6725,3125,0.01,1,320,711,135.0,248.610506,248510959733,Genome
248,3,2,34573.47,143,338,4,320,1000,672.0,dell_r6725,3125,0.01,1,320,711,135.0,256.068279,255944769157,Genome
248,3,2,34513.59,146,339,4,320,1000,672.0,dell_r6725,3125,0.01,1,320,711,135.0,255.624393,255511912019,Genome
248,3,2,31376.32,144,337,4,320,1000,672.0,dell_r6725,3125,0.01,1,320,711,135.0,232.384448,232274825953,Genome
248,3,2,34407.26,156,322,4,320,1000,672.0,dell_r6725,3125,0.01,1,320,711,135.0,254.837998,254726094328,Genome
248,3,2,33344.49,145,336,4,320,1000,672.0,dell_r6725,3125,0.01,1,320,711,135.0,246.962952,246871955208,Genome
248,3,2,36750.25,156,322,4,320,1000,672.0,dell_r6725,3125,0.01,1,320,711,135.0,272.191385,272102197858,Genome
248,3,2,32583.68,138,344,4,320,1000,672.0,dell_r6725,3125,0.01,1,320,711,135.0,241.327386,241152615806,Genome
248,3,2,125656.81,156,322,4,344,1000,688.0,lenovo_sr850,3125,0.01,1,344,1578,450.0,279.218476,279076148176,Genome
248,3,2,120076.52,156,322,4,344,1000,688.0,lenovo_sr850,3125,0.01,1,344,1578,450.0,266.81915,266730102447,Genome
248,3,2,129304.71,157,323,4,344,1000,688.0,lenovo_sr850,3125,0.01,1,344,1578,450.0,287.327027,287226185071,Genome
248,3,2,119207.13,142,341,4,344,1000,688.0,lenovo_sr850,3125,0.01,1,344,1578,450.0,264.888304,264809202608,Genome
248,3,2,109284.79,141,342,4,344,1000,688.0,lenovo_sr850,3125,0.01,1,344,1578,450.0,242.838322,242747798620,Genome
248,3,2,122203.41,157,324,4,344,1000,688.0,lenovo_sr850,3125,0.01,1,344,1578,450.0,271.544968,271435192352,Genome
248,3,2,124238.17,156,322,4,344,1000,688.0,lenovo_sr850,3125,0.01,1,344,1578,450.0,276.066662,275988899730,Genome
248,3,2,125463.7,157,322,4,344,1000,688.0,lenovo_sr850,3125,0.01,1,344,1578,450.0,278.792326,278716541116,Genome
248,3,2,126648.04,156,322,4,344,1000,688.0,lenovo_sr850,3125,0.01,1,344,1578,450.0,281.422529,281321668275,Genome
248,3,2,113243.38,144,339,4,344,1000,688.0,lenovo_sr850,3125,0.01,1,344,1578,450.0,251.63602,251535645478,Genome
298,3,2,16200.03,161,438,4,160,1000,336.0,dell_r6715,3125,0.01,1,160,374,72.8,222.39311,222191262984,Genome
298,3,2,14943.03,162,439,4,160,1000,336.0,dell_r6715,3125,0.01,1,160,374,72.8,205.127861,204971327784,Genome
298,3,2,15761.48,163,449,4,160,1000,336.0,dell_r6715,3125,0.01,1,160,374,72.8,216.367342,216202184447,Genome
298,3,2,15426.55,165,445,4,160,1000,336.0,dell_r6715,3125,0.01,1,160,374,72.8,211.769017,211585942981,Genome
298,3,2,16584.8,161,440,4,160,1000,336.0,dell_r6715,3125,0.01,1,160,374,72.8,227.676628,227455087381,Genome
298,3,2,14468.98,169,448,4,160,1000,336.0,dell_r6715,3125,0.01,1,160,374,72.8,198.612063,198417734665,Genome
298,3,2,15973.83,164,440,4,160,1000,336.0,dell_r6715,3125,0.01,1,160,374,72.8,219.275906,219052052860,Genome
298,3,2,14510.07,163,439,4,160,1000,336.0,dell_r6715,3125,0.01,1,160,374,72.8,199.17126,198943588411,Genome
298,3,2,16520.09,163,443,4,160,1000,336.0,dell_r6715,3125,0.01,1,160,374,72.8,226.789317,226594163175,Genome
298,3,2,15915.62,162,447,4,160,1000,336.0,dell_r6715,3125,0.01,1,160,374,72.8,218.477545,218255366662,Genome
298,3,2,29840.72,165,446,4,320,1000,672.0,dell_r6725,3125,0.01,1,320,711,135.0,221.008958,220837675690,Genome
298,3,2,28946.39,166,444,4,320,1000,672.0,dell_r6725,3125,0.01,1,320,711,135.0,214.383538,214194062928,Genome
298,3,2,29083.96,164,445,4,320,1000,672.0,dell_r6725,3125,0.01,1,320,711,135.0,215.400255,215250181347,Genome
298,3,2,28026.06,163,444,4,320,1000,672.0,dell_r6725,3125,0.01,1,320,711,135.0,207.567014,207447531281,Genome
298,3,2,30004.09,162,442,4,320,1000,672.0,dell_r6725,3125,0.01,1,320,711,135.0,222.215138,222054035933,Genome
298,3,2,27776.22,164,450,4,320,1000,672.0,dell_r6725,3125,0.01,1,320,711,135.0,205.714124,205556705080,Genome
298,3,2,30868.59,159,435,4,320,1000,672.0,dell_r6725,3125,0.01,1,320,711,135.0,228.620369,228496768775,Genome
298,3,2,31082.35,162,439,4,320,1000,672.0,dell_r6725,3125,0.01,1,320,711,135.0,230.204491,230089037802,Genome
298,3,2,29719.91,164,442,4,320,1000,672.0,dell_r6725,3125,0.01,1,320,711,135.0,220.109696,219943855701,Genome
298,3,2,29065.54,163,440,4,320,1000,672.0,dell_r6725,3125,0.01,1,320,711,135.0,215.264224,215137781056,Genome
298,3,2,95073.75,166,445,4,344,1000,688.0,lenovo_sr850,3125,0.01,1,344,1578,450.0,211.255579,211086318306,Genome
298,3,2,94507.4,164,442,4,344,1000,688.0,lenovo_sr850,3125,0.01,1,344,1578,450.0,209.998107,209862295784,Genome
298,3,2,97681.24,162,442,4,344,1000,688.0,lenovo_sr850,3125,0.01,1,344,1578,450.0,217.050111,216920012304,Genome
298,3,2,95061.81,163,443,4,344,1000,688.0,lenovo_sr850,3125,0.01,1,344,1578,450.0,211.229716,211095848665,Genome
298,3,2,105451.3,163,443,4,344,1000,688.0,lenovo_sr850,3125,0.01,1,344,1578,450.0,234.316728,234121022356,Genome
298,3,2,92134.52,163,443,4,344,1000,688.0,lenovo_sr850,3125,0.01,1,344,1578,450.0,204.72415,204566286834,Genome
298,3,2,92441.72,162,444,4,344,1000,688.0,lenovo_sr850,3125,0.01,1,344,1578,450.0,205.407166,205278775568,Genome
298,3,2,94150.4,164,445,4,344,1000,688.0,lenovo_sr850,3125,0.01,1,344,1578,450.0,209.204144,209056614438,Genome
298,3,2,90663.62,167,445,4,344,1000,688.0,lenovo_sr850,3125,0.01,1,344,1578,450.0,201.455374,201270449540,Genome
298,3,2,93983.41,160,437,4,344,1000,688.0,lenovo_sr850,3125,0.01,1,344,1578,450.0,208.832695,208629715699,Genome
398,3,2,29676.79,241,528,4,160,1000,336.0,dell_r6715,3125,0.01,1,160,374,72.8,407.454758,407283552839,Genome
398,3,2,31420.8,242,527,4,160,1000,336.0,dell_r6715,3125,0.01,1,160,374,72.8,431.398537,431222482362,Genome
398,3,2,30953.94,243,529,4,160,1000,336.0,dell_r6715,3125,0.01,1,160,374,72.8,424.994954,424782221726,Genome
398,3,2,31248.79,242,527,4,160,1000,336.0,dell_r6715,3125,0.01,1,160,374,72.8,429.041826,428845313514,Genome
398,3,2,32135.69,244,525,4,160,1000,336.0,dell_r6715,3125,0.01,1,160,374,72.8,441.217913,441012437058,Genome
398,3,2,31520.03,242,528,4,160,1000,336.0,dell_r6715,3125,0.01,1,160,374,72.8,432.775998,432574538339,Genome
398,3,2,31542.81,247,522,4,160,1000,336.0,dell_r6715,3125,0.01,1,160,374,72.8,433.077065,432896832565,Genome
398,3,2,32366.52,243,526,4,160,1000,336.0,dell_r6715,3125,0.01,1,160,374,72.8,444.391617,444217565797,Genome
398,3,2,31181.84,243,526,4,160,1000,336.0,dell_r6715,3125,0.01,1,160,374,72.8,428.124678,427984109202,Genome
398,3,2,30873.85,245,524,4,160,1000,336.0,dell_r6715,3125,0.01,1,160,374,72.8,423.882444,423692271780,Genome
398,3,2,58579.21,241,528,4,320,1000,672.0,dell_r6725,3125,0.01,1,320,711,135.0,433.868817,433729986933,Genome
398,3,2,57006.49,240,529,4,320,1000,672.0,dell_r6725,3125,0.01,1,320,711,135.0,422.222093,422105169502,Genome
398,3,2,55754.41,241,528,4,320,1000,672.0,dell_r6725,3125,0.01,1,320,711,135.0,412.945994,412853202029,Genome
398,3,2,57832.87,245,524,4,320,1000,672.0,dell_r6725,3125,0.01,1,320,711,135.0,428.342671,428244864882,Genome
398,3,2,56292.51,244,526,4,320,1000,672.0,dell_r6725,3125,0.01,1,320,711,135.0,416.930125,416774985265,Genome
398,3,2,57262.02,247,522,4,320,1000,672.0,dell_r6725,3125,0.01,1,320,711,135.0,424.11188,423973203970,Genome
398,3,2,56238.89,246,523,4,320,1000,672.0,dell_r6725,3125,0.01,1,320,711,135.0,416.532122,416369191449,Genome
398,3,2,57051.02,244,525,4,320,1000,672.0,dell_r6725,3125,0.01,1,320,711,135.0,422.547617,422386167864,Genome
398,3,2,56317.67,243,526,4,320,1000,672.0,dell_r6725,3125,0.01,1,320,711,135.0,417.119268,417033029743,Genome
398,3,2,57752.1,241,530,4,320,1000,672.0,dell_r6725,3125,0.01,1,320,711,135.0,427.742922,427590760957,Genome
398,3,2,195192.98,245,525,4,344,1000,688.0,lenovo_sr850,3125,0.01,1,344,1578,450.0,433.734515,433622391881,Genome
398,3,2,196743.19,245,524,4,344,1000,688.0,lenovo_sr850,3125,0.01,1,344,1578,450.0,437.179079,437005799597,Genome
398,3,2,194331.31,242,529,4,344,1000,688.0,lenovo_sr850,3125,0.01,1,344,1578,450.0,431.821129,431683817404,Genome
398,3,2,193639.72,243,526,4,344,1000,688.0,lenovo_sr850,3125,0.01,1,344,1578,450.0,430.283557,430172995528,Genome
398,3,2,188009.71,240,529,4,344,1000,688.0,lenovo_sr850,3125,0.01,1,344,1578,450.0,417.771735,417647016911,Genome
398,3,2,188400.89,244,525,4,344,1000,688.0,lenovo_sr850,3125,0.01,1,344,1578,450.0,418.640985,418502726825,Genome
398,3,2,188084.8,241,529,4,344,1000,688.0,lenovo_sr850,3125,0.01,1,344,1578,450.0,417.938829,417818291232,Genome
398,3,2,193398.55,245,528,4,344,1000,688.0,lenovo_sr850,3125,0.01,1,344,1578,450.0,429.747315,429620457833,Genome
398,3,2,191852.06,243,526,4,344,1000,688.0,lenovo_sr850,3125,0.01,1,344,1578,450.0,426.310743,426147354127,Genome
398,3,2,199575.64,239,530,4,344,1000,688.0,lenovo_sr850,3125,0.01,1,344,1578,450.0,443.475043,443339946873,Genome
498,3,2,40270.36,315,645,4,160,1000,336.0,dell_r6715,3125,0.01,1,160,374,72.8,552.91644,552698706831,Genome
498,3,2,36385.98,300,665,4,160,1000,336.0,dell_r6715,3125,0.01,1,160,374,72.8,499.546261,499313424023,Genome
498,3,2,38460.22,300,665,4,160,1000,336.0,dell_r6715,3125,0.01,1,160,374,72.8,528.053789,527869540304,Genome
498,3,2,37087.8,299,664,4,160,1000,336.0,dell_r6715,3125,0.01,1,160,374,72.8,509.200767,508949822121,Genome
498,3,2,38368.43,300,670,4,160,1000,336.0,dell_r6715,3125,0.01,1,160,374,72.8,526.791713,526572375467,Genome
498,3,2,37501.14,301,662,4,160,1000,336.0,dell_r6715,3125,0.01,1,160,374,72.8,514.874855,514636199726,Genome
498,3,2,39491.6,300,666,4,160,1000,336.0,dell_r6715,3125,0.01,1,160,374,72.8,542.221865,542032875087,Genome
498,3,2,38011.25,301,662,4,160,1000,336.0,dell_r6715,3125,0.01,1,160,374,72.8,521.870437,521645242802,Genome
498,3,2,37373.73,307,661,4,160,1000,336.0,dell_r6715,3125,0.01,1,160,374,72.8,513.129188,512941668348,Genome
498,3,2,38746.9,308,655,4,160,1000,336.0,dell_r6715,3125,0.01,1,160,374,72.8,531.995698,531789198000,Genome
498,3,2,71256.17,301,668,4,320,1000,672.0,dell_r6725,3125,0.01,1,320,711,135.0,527.758685,527624715495,Genome
498,3,2,71059.07,303,660,4,320,1000,672.0,dell_r6725,3125,0.01,1,320,711,135.0,526.29928,526146202309,Genome
498,3,2,70611.4,302,664,4,320,1000,672.0,dell_r6725,3125,0.01,1,320,711,135.0,522.985829,522860472240,Genome
498,3,2,71011.69,303,662,4,320,1000,672.0,dell_r6725,3125,0.01,1,320,711,135.0,525.9476,525789128671,Genome
498,3,2,69434.49,305,658,4,320,1000,672.0,dell_r6725,3125,0.01,1,320,711,135.0,514.266701,514067171581,Genome
498,3,2,70329.49,298,665,4,320,1000,672.0,dell_r6725,3125,0.01,1,320,711,135.0,520.891131,520716726465,Genome
498,3,2,74123.52,313,647,4,320,1000,672.0,dell_r6725,3125,0.01,1,320,711,135.0,548.996783,548855140584,Genome
498,3,2,70621.61,301,675,4,320,1000,672.0,dell_r6725,3125,0.01,1,320,711,135.0,523.056728,522936734374,Genome
498,3,2,72283.65,299,670,4,320,1000,672.0,dell_r6725,3125,0.01,1,320,711,135.0,535.368648,535205569981,Genome
498,3,2,72157.23,302,666,4,320,1000,672.0,dell_r6725,3125,0.01,1,320,711,135.0,534.432644,534291861984,Genome
498,3,2,245440.27,313,651,4,344,1000,688.0,lenovo_sr850,3125,0.01,1,344,1578,450.0,545.387425,545211493637,Genome
498,3,2,231964.47,296,672,4,344,1000,688.0,lenovo_sr850,3125,0.01,1,344,1578,450.0,515.439991,515251320939,Genome
498,3,2,238110.71,298,667,4,344,1000,688.0,lenovo_sr850,3125,0.01,1,344,1578,450.0,529.100417,528941637761,Genome
498,3,2,235009.59,298,675,4,344,1000,688.0,lenovo_sr850,3125,0.01,1,344,1578,450.0,522.209442,522043520519,Genome
498,3,2,232222.85,302,665,4,344,1000,688.0,lenovo_sr850,3125,0.01,1,344,1578,450.0,516.017536,515842818462,Genome
498,3,2,246161.15,302,669,4,344,1000,688.0,lenovo_sr850,3125,0.01,1,344,1578,450.0,546.989867,546859018240,Genome
498,3,2,233613.11,297,672,4,344,1000,688.0,lenovo_sr850,3125,0.01,1,344,1578,450.0,519.103879,518949352077,Genome
498,3,2,244436.0,315,647,4,344,1000,688.0,lenovo_sr850,3125,0.01,1,344,1578,450.0,543.157249,543025311496,Genome
498,3,2,243315.01,310,671,4,344,1000,688.0,lenovo_sr850,3125,0.01,1,344,1578,450.0,540.663725,540485450333,Genome
498,3,2,237213.74,299,664,4,344,1000,688.0,lenovo_sr850,3125,0.01,1,344,1578,450.0,527.108251,526950981523,Genome
698,3,2,54558.68,431,917,4,160,1000,336.0,dell_r6715,3125,0.01,1,160,374,72.8,749.068125,748806118752,Genome
698,3,2,55290.23,427,921,4,160,1000,336.0,dell_r6715,3125,0.01,1,160,374,72.8,759.118649,758915994185,Genome
698,3,2,54852.75,432,916,4,160,1000,336.0,dell_r6715,3125,0.01,1,160,374,72.8,753.115608,752901616445,Genome
698,3,2,54754.22,437,912,4,160,1000,336.0,dell_r6715,3125,0.01,1,160,374,72.8,751.776531,751554675051,Genome
698,3,2,56082.33,433,915,4,160,1000,336.0,dell_r6715,3125,0.01,1,160,374,72.8,770.011905,769736902611,Genome
698,3,2,56560.52,437,911,4,160,1000,336.0,dell_r6715,3125,0.01,1,160,374,72.8,776.5831,776401897291,Genome
698,3,2,54737.84,431,918,4,160,1000,336.0,dell_r6715,3125,0.01,1,160,374,72.8,751.529921,751229461646,Genome
698,3,2,52607.41,430,920,4,160,1000,336.0,dell_r6715,3125,0.01,1,160,374,72.8,722.276235,722005657656,Genome
698,3,2,54667.95,429,919,4,160,1000,336.0,dell_r6715,3125,0.01,1,160,374,72.8,750.587973,750342352766,Genome
698,3,2,54083.99,429,919,4,160,1000,336.0,dell_r6715,3125,0.01,1,160,374,72.8,742.555523,742350228011,Genome
698,3,2,100758.64,430,919,4,320,1000,672.0,dell_r6725,3125,0.01,1,320,711,135.0,746.274298,746048103285,Genome
698,3,2,100788.54,430,927,4,320,1000,672.0,dell_r6725,3125,0.01,1,320,711,135.0,746.489027,746268913076,Genome
698,3,2,100921.62,432,919,4,320,1000,672.0,dell_r6725,3125,0.01,1,320,711,135.0,747.477834,747234710962,Genome
698,3,2,98814.4,430,918,4,320,1000,672.0,dell_r6725,3125,0.01,1,320,711,135.0,731.86527,731674721821,Genome
698,3,2,100066.88,430,918,4,320,1000,672.0,dell_r6725,3125,0.01,1,320,711,135.0,741.14426,740929209317,Genome
698,3,2,97859.05,430,918,4,320,1000,672.0,dell_r6725,3125,0.01,1,320,711,135.0,724.790373,724528041235,Genome
698,3,2,101197.18,432,916,4,320,1000,672.0,dell_r6725,3125,0.01,1,320,711,135.0,749.51868,749292505135,Genome
698,3,2,103567.73,433,915,4,320,1000,672.0,dell_r6725,3125,0.01,1,320,711,135.0,767.076995,766853081771,Genome
698,3,2,99910.4,432,916,4,320,1000,672.0,dell_r6725,3125,0.01,1,320,711,135.0,739.984837,739771223191,Genome
698,3,2,104479.31,434,914,4,320,1000,672.0,dell_r6725,3125,0.01,1,320,711,135.0,773.830141,773584194010,Genome
698,3,2,340673.38,429,919,4,344,1000,688.0,lenovo_sr850,3125,0.01,1,344,1578,450.0,757.005375,756822661834,Genome
698,3,2,336424.65,430,918,4,344,1000,688.0,lenovo_sr850,3125,0.01,1,344,1578,450.0,747.561656,747365166013,Genome
698,3,2,343483.89,434,914,4,344,1000,688.0,lenovo_sr850,3125,0.01,1,344,1578,450.0,763.248541,763059778681,Genome
698,3,2,337442.33,427,923,4,344,1000,688.0,lenovo_sr850,3125,0.01,1,344,1578,450.0,749.823085,749641466177,Genome
698,3,2,323859.03,427,921,4,344,1000,688.0,lenovo_sr850,3125,0.01,1,344,1578,450.0,719.637015,719439683543,Genome
698,3,2,329662.95,431,919,4,344,1000,688.0,lenovo_sr850,3125,0.01,1,344,1578,450.0,732.536381,732303578497,Genome
698,3,2,347119.68,429,922,4,344,1000,688.0,lenovo_sr850,3125,0.01,1,344,1578,450.0,771.330306,771131302882,Genome
698,3,2,346454.48,429,919,4,344,1000,688.0,lenovo_sr850,3125,0.01,1,344,1578,450.0,769.851668,769663583999,Genome
698,3,2,331425.22,426,922,4,344,1000,688.0,lenovo_sr850,3125,0.01,1,344,1578,450.0,736.450272,736294172911,Genome
698,3,2,346991.1,433,919,4,344,1000,688.0,lenovo_sr850,3125,0.01,1,344,1578,450.0,771.042817,770812245476,Genome
998,3,2,77130.69,615,1323,4,160,1000,336.0,dell_r6715,3125,0.01,1,160,374,72.8,1058.979023,1058730828219,Genome
998,3,2,79079.37,620,1311,4,160,1000,336.0,dell_r6715,3125,0.01,1,160,374,72.8,1085.736252,1085368213711,Genome
998,3,2,78891.11,621,1309,4,160,1000,336.0,dell_r6715,3125,0.01,1,160,374,72.8,1083.162371,1082824602314,Genome
998,3,2,78920.86,615,1316,4,160,1000,336.0,dell_r6715,3125,0.01,1,160,374,72.8,1083.566609,1083284777630,Genome
998,3,2,78523.01,617,1321,4,160,1000,336.0,dell_r6715,3125,0.01,1,160,374,72.8,1078.122284,1077775643730,Genome
998,3,2,78767.75,617,1313,4,160,1000,336.0,dell_r6715,3125,0.01,1,160,374,72.8,1081.481618,1081079704540,Genome
998,3,2,82562.08,630,1294,4,160,1000,336.0,dell_r6715,3125,0.01,1,160,374,72.8,1133.603832,1133358710048,Genome
998,3,2,77067.45,611,1324,4,160,1000,336.0,dell_r6715,3125,0.01,1,160,374,72.8,1058.124849,1057766420671,Genome
998,3,2,77235.63,616,1312,4,160,1000,336.0,dell_r6715,3125,0.01,1,160,374,72.8,1060.438814,1060065804469,Genome
998,3,2,78605.54,617,1312,4,160,1000,336.0,dell_r6715,3125,0.01,1,160,374,72.8,1079.24337,1078892255717,Genome
998,3,2,147184.07,628,1298,4,320,1000,672.0,dell_r6725,3125,0.01,1,320,711,135.0,1090.125172,1089851436949,Genome
998,3,2,144414.2,615,1323,4,320,1000,672.0,dell_r6725,3125,0.01,1,320,711,135.0,1069.600766,1069307175339,Genome
998,3,2,154423.9,622,1305,4,320,1000,672.0,dell_r6725,3125,0.01,1,320,711,135.0,1143.752632,1143500024228,Genome
998,3,2,146502.59,619,1315,4,320,1000,672.0,dell_r6725,3125,0.01,1,320,711,135.0,1085.07454,1084807682801,Genome
998,3,2,151677.29,627,1299,4,320,1000,672.0,dell_r6725,3125,0.01,1,320,711,135.0,1123.40265,1123182790136,Genome
998,3,2,144362.18,612,1315,4,320,1000,672.0,dell_r6725,3125,0.01,1,320,711,135.0,1069.221789,1068890426383,Genome
998,3,2,151164.86,619,1312,4,320,1000,672.0,dell_r6725,3125,0.01,1,320,711,135.0,1119.606456,1119279245936,Genome
998,3,2,147313.26,628,1297,4,320,1000,672.0,dell_r6725,3125,0.01,1,320,711,135.0,1091.078373,1090868554533,Genome
998,3,2,144379.79,615,1317,4,320,1000,672.0,dell_r6725,3125,0.01,1,320,711,135.0,1069.352371,1069100911824,Genome
998,3,2,147846.4,621,1313,4,320,1000,672.0,dell_r6725,3125,0.01,1,320,711,135.0,1095.024608,1094826624558,Genome
998,3,2,505186.98,631,1297,4,344,1000,688.0,lenovo_sr850,3125,0.01,1,344,1578,450.0,1122.569806,1122336019107,Genome
998,3,2,501051.63,629,1302,4,344,1000,688.0,lenovo_sr850,3125,0.01,1,344,1578,450.0,1113.377571,1113125430796,Genome
998,3,2,490524.48,629,1297,4,344,1000,688.0,lenovo_sr850,3125,0.01,1,344,1578,450.0,1089.983511,1089723718124,Genome
998,3,2,501078.43,625,1306,4,344,1000,688.0,lenovo_sr850,3125,0.01,1,344,1578,450.0,1113.434994,1113137512189,Genome
998,3,2,476802.84,613,1319,4,344,1000,688.0,lenovo_sr850,3125,0.01,1,344,1578,450.0,1059.492327,1059221467561,Genome
998,3,2,499952.98,630,1300,4,344,1000,688.0,lenovo_sr850,3125,0.01,1,344,1578,450.0,1110.936307,1110668798706,Genome
998,3,2,500990.03,629,1299,4,344,1000,688.0,lenovo_sr850,3125,0.01,1,344,1578,450.0,1113.24207,1112955846091,Genome
998,3,2,500431.18,619,1311,4,344,1000,688.0,lenovo_sr850,3125,0.01,1,344,1578,450.0,1111.997737,1111757835432,Genome
998,3,2,476246.18,626,1300,4,344,1000,688.0,lenovo_sr850,3125,0.01,1,344,1578,450.0,1058.254171,1057978101880,Genome
998,3,2,489210.78,628,1298,4,344,1000,688.0,lenovo_sr850,3125,0.01,1,344,1578,450.0,1087.06579,1086749209694,Genome
48,3,2,11514.23,45,135,3,160,1000,336.0,dell_r6715,3125,0.01,1,160,374,72.8,157.692718,157199475966,Blast
48,3,2,12092.16,45,135,3,160,1000,336.0,dell_r6715,3125,0.01,1,160,374,72.8,165.599698,165167434754,Blast
48,3,2,10935.13,45,135,3,160,1000,336.0,dell_r6715,3125,0.01,1,160,374,72.8,149.726698,149227078516,Blast
48,3,2,12595.48,45,135,3,160,1000,336.0,dell_r6715,3125,0.01,1,160,374,72.8,172.560814,172368602256,Blast
48,3,2,11505.79,45,135,3,160,1000,336.0,dell_r6715,3125,0.01,1,160,374,72.8,157.608602,157297553799,Blast
48,3,2,10421.26,45,135,3,160,1000,336.0,dell_r6715,3125,0.01,1,160,374,72.8,142.723078,142285874411,Blast
48,3,2,11018.62,45,135,3,160,1000,336.0,dell_r6715,3125,0.01,1,160,374,72.8,150.939314,150550127424,Blast
48,3,2,11200.63,45,135,3,160,1000,336.0,dell_r6715,3125,0.01,1,160,374,72.8,153.402148,152892871389,Blast
48,3,2,12248.08,45,135,3,160,1000,336.0,dell_r6715,3125,0.01,1,160,374,72.8,167.802825,167363406410,Blast
48,3,2,11196.67,45,135,3,160,1000,336.0,dell_r6715,3125,0.01,1,160,374,72.8,153.359512,152973249415,Blast
48,3,2,23777.37,45,135,3,320,1000,672.0,dell_r6725,3125,0.01,1,320,711,135.0,176.010655,175763524413,Blast
48,3,2,21100.74,45,135,3,320,1000,672.0,dell_r6725,3125,0.01,1,320,711,135.0,156.18031,155969187542,Blast
48,3,2,22051.29,45,135,3,320,1000,672.0,dell_r6725,3125,0.01,1,320,711,135.0,163.219008,162950824498,Blast
48,3,2,20319.68,45,135,3,320,1000,672.0,dell_r6725,3125,0.01,1,320,711,135.0,150.396704,150128490473,Blast
48,3,2,18764.47,45,135,3,320,1000,672.0,dell_r6725,3125,0.01,1,320,711,135.0,138.883833,138632664046,Blast
48,3,2,21675.3,45,135,3,320,1000,672.0,dell_r6725,3125,0.01,1,320,711,135.0,160.456984,160259927850,Blast
48,3,2,22287.07,45,135,3,320,1000,672.0,dell_r6725,3125,0.01,1,320,711,135.0,164.97251,164734720588,Blast
48,3,2,18344.56,45,135,3,320,1000,672.0,dell_r6725,3125,0.01,1,320,711,135.0,135.773146,135584957796,Blast
48,3,2,22145.09,45,135,3,320,1000,672.0,dell_r6725,3125,0.01,1,320,711,135.0,163.921056,163662076656,Blast
48,3,2,19917.43,45,135,3,320,1000,672.0,dell_r6725,3125,0.01,1,320,711,135.0,147.422928,147143008345,Blast
48,3,2,75722.08,45,135,3,344,1000,688.0,lenovo_sr850,3125,0.01,1,344,1578,450.0,168.210242,167940543296,Blast
48,3,2,70052.0,45,135,3,344,1000,688.0,lenovo_sr850,3125,0.01,1,344,1578,450.0,155.604663,155347245214,Blast
48,3,2,71725.97,45,135,3,344,1000,688.0,lenovo_sr850,3125,0.01,1,344,1578,450.0,159.332777,159103773745,Blast
48,3,2,75905.35,45,135,3,344,1000,688.0,lenovo_sr850,3125,0.01,1,344,1578,450.0,168.617245,168368283971,Blast
48,3,2,72704.82,45,135,3,344,1000,688.0,lenovo_sr850,3125,0.01,1,344,1578,450.0,161.503125,161250999855,Blast
48,3,2,62691.15,45,135,3,344,1000,688.0,lenovo_sr850,3125,0.01,1,344,1578,450.0,139.252636,138988352715,Blast
48,3,2,64568.49,45,135,3,344,1000,688.0,lenovo_sr850,3125,0.01,1,344,1578,450.0,143.427856,143326534299,Blast
48,3,2,74730.74,45,135,3,344,1000,688.0,lenovo_sr850,3125,0.01,1,344,1578,450.0,166.022423,165772564556,Blast
48,3,2,71725.86,45,135,3,344,1000,688.0,lenovo_sr850,3125,0.01,1,344,1578,450.0,159.335007,159222319557,Blast
48,3,2,76222.01,45,135,3,344,1000,688.0,lenovo_sr850,3125,0.01,1,344,1578,450.0,169.327141,169117341367,Blast
98,3,2,25164.55,95,285,3,160,1000,336.0,dell_r6715,3125,0.01,1,160,374,72.8,344.733236,344334488240,Blast
98,3,2,22622.11,95,285,3,160,1000,336.0,dell_r6715,3125,0.01,1,160,374,72.8,309.869035,309515244641,Blast
98,3,2,25679.55,95,285,3,160,1000,336.0,dell_r6715,3125,0.01,1,160,374,72.8,351.793216,351348527504,Blast
98,3,2,24703.27,95,285,3,160,1000,336.0,dell_r6715,3125,0.01,1,160,374,72.8,338.423567,337837906586,Blast
98,3,2,26839.88,95,285,3,160,1000,336.0,dell_r6715,3125,0.01,1,160,374,72.8,367.785473,367202244571,Blast
98,3,2,26223.2,95,285,3,160,1000,336.0,dell_r6715,3125,0.01,1,160,374,72.8,359.286184,358788108013,Blast
98,3,2,25067.25,95,285,3,160,1000,336.0,dell_r6715,3125,0.01,1,160,374,72.8,343.49909,343047340972,Blast
98,3,2,25089.21,95,285,3,160,1000,336.0,dell_r6715,3125,0.01,1,160,374,72.8,343.72506,343188028241,Blast
98,3,2,26227.39,95,285,3,160,1000,336.0,dell_r6715,3125,0.01,1,160,374,72.8,359.363686,358807075402,Blast
98,3,2,24852.85,95,285,3,160,1000,336.0,dell_r6715,3125,0.01,1,160,374,72.8,340.365334,339811995246,Blast
98,3,2,46304.83,95,285,3,320,1000,672.0,dell_r6725,3125,0.01,1,320,711,135.0,342.737504,342523222404,Blast
98,3,2,46015.3,95,285,3,320,1000,672.0,dell_r6725,3125,0.01,1,320,711,135.0,340.637735,340346942303,Blast
98,3,2,46948.98,95,285,3,320,1000,672.0,dell_r6725,3125,0.01,1,320,711,135.0,347.553232,347313340061,Blast
98,3,2,45131.92,95,285,3,320,1000,672.0,dell_r6725,3125,0.01,1,320,711,135.0,334.086662,333821694398,Blast
98,3,2,46936.19,95,285,3,320,1000,672.0,dell_r6725,3125,0.01,1,320,711,135.0,347.433453,347292164260,Blast
98,3,2,43221.67,95,285,3,320,1000,672.0,dell_r6725,3125,0.01,1,320,711,135.0,319.92175,319633696160,Blast
98,3,2,44768.45,95,285,3,320,1000,672.0,dell_r6725,3125,0.01,1,320,711,135.0,331.368824,331133443266,Blast
98,3,2,42072.89,95,285,3,320,1000,672.0,dell_r6725,3125,0.01,1,320,711,135.0,311.393879,311163508054,Blast
98,3,2,47357.81,95,285,3,320,1000,672.0,dell_r6725,3125,0.01,1,320,711,135.0,350.572041,350386424774,Blast
98,3,2,43983.45,95,285,3,320,1000,672.0,dell_r6725,3125,0.01,1,320,711,135.0,325.566769,325284750271,Blast
98,3,2,157683.99,95,285,3,344,1000,688.0,lenovo_sr850,3125,0.01,1,344,1578,450.0,350.281133,350031092350,Blast
98,3,2,152225.09,95,285,3,344,1000,688.0,lenovo_sr850,3125,0.01,1,344,1578,450.0,338.149963,338009610857,Blast
98,3,2,151658.99,95,285,3,344,1000,688.0,lenovo_sr850,3125,0.01,1,344,1578,450.0,336.893756,336666427105,Blast
98,3,2,144633.84,95,285,3,344,1000,688.0,lenovo_sr850,3125,0.01,1,344,1578,450.0,321.277256,321046382591,Blast
98,3,2,158059.65,95,285,3,344,1000,688.0,lenovo_sr850,3125,0.01,1,344,1578,450.0,351.124691,350876743538,Blast
98,3,2,158896.5,95,285,3,344,1000,688.0,lenovo_sr850,3125,0.01,1,344,1578,450.0,352.976261,352824919410,Blast
98,3,2,154515.16,95,285,3,344,1000,688.0,lenovo_sr850,3125,0.01,1,344,1578,450.0,343.236906,342976177856,Blast
98,3,2,153368.15,95,285,3,344,1000,688.0,lenovo_sr850,3125,0.01,1,344,1578,450.0,340.696596,340480373657,Blast
98,3,2,153915.18,95,285,3,344,1000,688.0,lenovo_sr850,3125,0.01,1,344,1578,450.0,341.91527,341675440072,Blast
98,3,2,157198.08,95,285,3,344,1000,688.0,lenovo_sr850,3125,0.01,1,344,1578,450.0,349.210478,349039265975,Blast
148,3,2,37187.08,145,435,3,160,1000,336.0,dell_r6715,3125,0.01,1,160,374,72.8,509.415371,508850786442,Blast
148,3,2,39124.91,145,435,3,160,1000,336.0,dell_r6715,3125,0.01,1,160,374,72.8,536.039266,535576237588,Blast
148,3,2,37540.93,145,435,3,160,1000,336.0,dell_r6715,3125,0.01,1,160,374,72.8,514.223814,513729172377,Blast
148,3,2,37496.47,145,435,3,160,1000,336.0,dell_r6715,3125,0.01,1,160,374,72.8,513.671251,513110366958,Blast
148,3,2,38177.47,145,435,3,160,1000,336.0,dell_r6715,3125,0.01,1,160,374,72.8,523.001688,522467333864,Blast
148,3,2,39706.01,145,435,3,160,1000,336.0,dell_r6715,3125,0.01,1,160,374,72.8,543.941826,543451664658,Blast
148,3,2,37532.37,145,435,3,160,1000,336.0,dell_r6715,3125,0.01,1,160,374,72.8,514.15405,513617298339,Blast
148,3,2,37579.13,145,435,3,160,1000,336.0,dell_r6715,3125,0.01,1,160,374,72.8,514.847394,514328019866,Blast
148,3,2,37748.31,145,435,3,160,1000,336.0,dell_r6715,3125,0.01,1,160,374,72.8,517.141878,516619168599,Blast
148,3,2,36540.85,145,435,3,160,1000,336.0,dell_r6715,3125,0.01,1,160,374,72.8,500.55489,500059446429,Blast
148,3,2,74240.02,145,435,3,320,1000,672.0,dell_r6725,3125,0.01,1,320,711,135.0,549.566527,549311767371,Blast
148,3,2,67551.04,145,435,3,320,1000,672.0,dell_r6725,3125,0.01,1,320,711,135.0,500.029802,499810497857,Blast
148,3,2,65318.63,145,435,3,320,1000,672.0,dell_r6725,3125,0.01,1,320,711,135.0,483.495783,483253590748,Blast
148,3,2,68552.5,145,435,3,320,1000,672.0,dell_r6725,3125,0.01,1,320,711,135.0,507.422139,507230147978,Blast
148,3,2,70331.63,145,435,3,320,1000,672.0,dell_r6725,3125,0.01,1,320,711,135.0,520.622368,520385218683,Blast
148,3,2,68127.17,145,435,3,320,1000,672.0,dell_r6725,3125,0.01,1,320,711,135.0,504.291232,504034617753,Blast
148,3,2,70915.73,145,435,3,320,1000,672.0,dell_r6725,3125,0.01,1,320,711,135.0,524.93635,524649061478,Blast
148,3,2,72001.6,145,435,3,320,1000,672.0,dell_r6725,3125,0.01,1,320,711,135.0,532.980651,532707987080,Blast
148,3,2,71200.65,145,435,3,320,1000,672.0,dell_r6725,3125,0.01,1,320,711,135.0,527.08597,526888928085,Blast
148,3,2,72111.68,145,435,3,320,1000,672.0,dell_r6725,3125,0.01,1,320,711,135.0,533.805359,533618297420,Blast
148,3,2,233765.51,145,435,3,344,1000,688.0,lenovo_sr850,3125,0.01,1,344,1578,450.0,519.278548,519091243200,Blast
148,3,2,234307.2,145,435,3,344,1000,688.0,lenovo_sr850,3125,0.01,1,344,1578,450.0,520.491823,520333927013,Blast
148,3,2,243197.63,145,435,3,344,1000,688.0,lenovo_sr850,3125,0.01,1,344,1578,450.0,540.240364,540039376373,Blast
148,3,2,228610.05,145,435,3,344,1000,688.0,lenovo_sr850,3125,0.01,1,344,1578,450.0,507.838305,507621096428,Blast
148,3,2,220874.16,145,435,3,344,1000,688.0,lenovo_sr850,3125,0.01,1,344,1578,450.0,490.635779,490415344473,Blast
148,3,2,226238.59,145,435,3,344,1000,688.0,lenovo_sr850,3125,0.01,1,344,1578,450.0,502.554441,502274352490,Blast
148,3,2,237210.0,145,435,3,344,1000,688.0,lenovo_sr850,3125,0.01,1,344,1578,450.0,526.930191,526732373689,Blast
148,3,2,225188.53,145,435,3,344,1000,688.0,lenovo_sr850,3125,0.01,1,344,1578,450.0,500.217597,499990284481,Blast
148,3,2,232312.35,145,435,3,344,1000,688.0,lenovo_sr850,3125,0.01,1,344,1578,450.0,516.05423,515899884349,Blast
148,3,2,228211.57,145,435,3,344,1000,688.0,lenovo_sr850,3125,0.01,1,344,1578,450.0,506.944297,506669211808,Blast
198,3,2,50704.74,195,585,3,160,1000,336.0,dell_r6715,3125,0.01,1,160,374,72.8,694.652382,694107325115,Blast
198,3,2,48779.81,195,585,3,160,1000,336.0,dell_r6715,3125,0.01,1,160,374,72.8,668.163028,667832701009,Blast
198,3,2,52393.76,195,585,3,160,1000,336.0,dell_r6715,3125,0.01,1,160,374,72.8,717.821841,717315286595,Blast
198,3,2,53450.69,195,585,3,160,1000,336.0,dell_r6715,3125,0.01,1,160,374,72.8,732.3713,732078648850,Blast
198,3,2,52649.57,195,585,3,160,1000,336.0,dell_r6715,3125,0.01,1,160,374,72.8,721.3291,720794298494,Blast
198,3,2,47355.73,195,585,3,160,1000,336.0,dell_r6715,3125,0.01,1,160,374,72.8,648.643412,648580296028,Blast
198,3,2,51537.21,195,585,3,160,1000,336.0,dell_r6715,3125,0.01,1,160,374,72.8,706.117088,705849773199,Blast
198,3,2,52796.1,195,585,3,160,1000,336.0,dell_r6715,3125,0.01,1,160,374,72.8,723.452063,722935834359,Blast
198,3,2,50240.37,195,585,3,160,1000,336.0,dell_r6715,3125,0.01,1,160,374,72.8,688.231555,687738320492,Blast
198,3,2,51646.33,195,585,3,160,1000,336.0,dell_r6715,3125,0.01,1,160,374,72.8,707.657431,707278148198,Blast
198,3,2,91949.04,195,585,3,320,1000,672.0,dell_r6725,3125,0.01,1,320,711,135.0,680.624924,680360044114,Blast
198,3,2,98115.87,195,585,3,320,1000,672.0,dell_r6725,3125,0.01,1,320,711,135.0,726.31645,726065109634,Blast
198,3,2,102610.81,195,585,3,320,1000,672.0,dell_r6725,3125,0.01,1,320,711,135.0,759.593553,759344074883,Blast
198,3,2,92645.46,195,585,3,320,1000,672.0,dell_r6725,3125,0.01,1,320,711,135.0,685.775151,685541338464,Blast
198,3,2,100462.82,195,585,3,320,1000,672.0,dell_r6725,3125,0.01,1,320,711,135.0,743.692315,743475650200,Blast
198,3,2,90635.24,195,585,3,320,1000,672.0,dell_r6725,3125,0.01,1,320,711,135.0,670.89291,670604953443,Blast
198,3,2,96157.59,195,585,3,320,1000,672.0,dell_r6725,3125,0.01,1,320,711,135.0,711.798484,711618181527,Blast
198,3,2,96373.04,195,585,3,320,1000,672.0,dell_r6725,3125,0.01,1,320,711,135.0,713.376649,713149747391,Blast
198,3,2,92661.84,195,585,3,320,1000,672.0,dell_r6725,3125,0.01,1,320,711,135.0,685.917339,685736109356,Blast
198,3,2,99121.06,195,585,3,320,1000,672.0,dell_r6725,3125,0.01,1,320,711,135.0,733.744179,733492056100,Blast
198,3,2,312422.16,195,585,3,344,1000,688.0,lenovo_sr850,3125,0.01,1,344,1578,450.0,694.020928,693787419327,Blast
198,3,2,315192.84,195,585,3,344,1000,688.0,lenovo_sr850,3125,0.01,1,344,1578,450.0,700.17629,699902718420,Blast
198,3,2,311254.92,195,585,3,344,1000,688.0,lenovo_sr850,3125,0.01,1,344,1578,450.0,691.412737,691121871041,Blast
198,3,2,319186.35,195,585,3,344,1000,688.0,lenovo_sr850,3125,0.01,1,344,1578,450.0,709.053076,708871500235,Blast
198,3,2,325359.04,195,585,3,344,1000,688.0,lenovo_sr850,3125,0.01,1,344,1578,450.0,722.757336,722540466512,Blast
198,3,2,302004.38,195,585,3,344,1000,688.0,lenovo_sr850,3125,0.01,1,344,1578,450.0,670.865418,670681053302,Blast
198,3,2,291102.42,195,585,3,344,1000,688.0,lenovo_sr850,3125,0.01,1,344,1578,450.0,646.637198,646401094544,Blast
198,3,2,320753.96,195,585,3,344,1000,688.0,lenovo_sr850,3125,0.01,1,344,1578,450.0,712.534695,712251244765,Blast
198,3,2,316551.76,195,585,3,344,1000,688.0,lenovo_sr850,3125,0.01,1,344,1578,450.0,703.20287,702937545149,Blast
198,3,2,305626.74,195,585,3,344,1000,688.0,lenovo_sr850,3125,0.01,1,344,1578,450.0,678.913635,678648317547,Blast
248,3,2,64892.52,245,735,3,160,1000,336.0,dell_r6715,3125,0.01,1,160,374,72.8,889.009575,888475063885,Blast
248,3,2,61430.27,245,735,3,160,1000,336.0,dell_r6715,3125,0.01,1,160,374,72.8,841.427886,840935733959,Blast
248,3,2,63944.67,245,735,3,160,1000,336.0,dell_r6715,3125,0.01,1,160,374,72.8,876.043798,875982407884,Blast
248,3,2,61648.19,245,735,3,160,1000,336.0,dell_r6715,3125,0.01,1,160,374,72.8,844.407527,843844131689,Blast
248,3,2,60713.83,245,735,3,160,1000,336.0,dell_r6715,3125,0.01,1,160,374,72.8,831.623976,831180122128,Blast
248,3,2,61709.92,245,735,3,160,1000,336.0,dell_r6715,3125,0.01,1,160,374,72.8,845.353438,844781540006,Blast
248,3,2,64233.66,245,735,3,160,1000,336.0,dell_r6715,3125,0.01,1,160,374,72.8,879.933242,879485065555,Blast
248,3,2,67111.78,245,735,3,160,1000,336.0,dell_r6715,3125,0.01,1,160,374,72.8,919.576824,919066398557,Blast
248,3,2,63328.25,245,735,3,160,1000,336.0,dell_r6715,3125,0.01,1,160,374,72.8,867.52133,867301040262,Blast
248,3,2,64480.88,245,735,3,160,1000,336.0,dell_r6715,3125,0.01,1,160,374,72.8,883.42819,882855445325,Blast
248,3,2,121242.21,245,735,3,320,1000,672.0,dell_r6725,3125,0.01,1,320,711,135.0,897.473687,897189643994,Blast
248,3,2,121289.47,245,735,3,320,1000,672.0,dell_r6725,3125,0.01,1,320,711,135.0,897.857708,897591176006,Blast
248,3,2,118602.66,245,735,3,320,1000,672.0,dell_r6725,3125,0.01,1,320,711,135.0,877.929874,877661393407,Blast
248,3,2,122804.97,245,735,3,320,1000,672.0,dell_r6725,3125,0.01,1,320,711,135.0,909.071474,908813692804,Blast
248,3,2,112901.57,245,735,3,320,1000,672.0,dell_r6725,3125,0.01,1,320,711,135.0,835.694487,835534885246,Blast
248,3,2,115056.65,245,735,3,320,1000,672.0,dell_r6725,3125,0.01,1,320,711,135.0,851.67188,851391553538,Blast
248,3,2,123628.84,245,735,3,320,1000,672.0,dell_r6725,3125,0.01,1,320,711,135.0,915.194363,914938506149,Blast
248,3,2,118495.32,245,735,3,320,1000,672.0,dell_r6725,3125,0.01,1,320,711,135.0,877.109849,876893841626,Blast
248,3,2,115119.14,245,735,3,320,1000,672.0,dell_r6725,3125,0.01,1,320,711,135.0,852.13952,851856422779,Blast
248,3,2,115634.63,245,735,3,320,1000,672.0,dell_r6725,3125,0.01,1,320,711,135.0,855.942081,855783171569,Blast
248,3,2,380119.34,245,735,3,344,1000,688.0,lenovo_sr850,3125,0.01,1,344,1578,450.0,844.392774,844182697163,Blast
248,3,2,384407.68,245,735,3,344,1000,688.0,lenovo_sr850,3125,0.01,1,344,1578,450.0,853.910094,853618140267,Blast
248,3,2,404899.6,245,735,3,344,1000,688.0,lenovo_sr850,3125,0.01,1,344,1578,450.0,899.445565,899186739384,Blast
248,3,2,403928.11,245,735,3,344,1000,688.0,lenovo_sr850,3125,0.01,1,344,1578,450.0,897.288216,897043644034,Blast
248,3,2,390217.26,245,735,3,344,1000,688.0,lenovo_sr850,3125,0.01,1,344,1578,450.0,866.819136,866561447397,Blast
248,3,2,383861.56,245,735,3,344,1000,688.0,lenovo_sr850,3125,0.01,1,344,1578,450.0,852.692465,852442943006,Blast
248,3,2,402184.94,245,735,3,344,1000,688.0,lenovo_sr850,3125,0.01,1,344,1578,450.0,893.416127,893152457201,Blast
248,3,2,392147.67,245,735,3,344,1000,688.0,lenovo_sr850,3125,0.01,1,344,1578,450.0,871.117379,870941948912,Blast
248,3,2,400357.83,245,735,3,344,1000,688.0,lenovo_sr850,3125,0.01,1,344,1578,450.0,889.357875,889077986278,Blast
248,3,2,382511.13,245,735,3,344,1000,688.0,lenovo_sr850,3125,0.01,1,344,1578,450.0,849.691025,849443603127,Blast
298,3,2,75527.61,295,885,3,160,1000,336.0,dell_r6715,3125,0.01,1,160,374,72.8,1034.569899,1034193593886,Blast
298,3,2,75064.75,295,885,3,160,1000,336.0,dell_r6715,3125,0.01,1,160,374,72.8,1028.250217,1027851616150,Blast
298,3,2,79236.81,295,885,3,160,1000,336.0,dell_r6715,3125,0.01,1,160,374,72.8,1085.616319,1085203198744,Blast
298,3,2,78011.24,295,885,3,160,1000,336.0,dell_r6715,3125,0.01,1,160,374,72.8,1068.603171,1068376990669,Blast
298,3,2,75482.87,295,885,3,160,1000,336.0,dell_r6715,3125,0.01,1,160,374,72.8,1034.036586,1033684056850,Blast
298,3,2,76302.08,295,885,3,160,1000,336.0,dell_r6715,3125,0.01,1,160,374,72.8,1045.206524,1044640678021,Blast
298,3,2,76553.84,295,885,3,160,1000,336.0,dell_r6715,3125,0.01,1,160,374,72.8,1048.619125,1048123760829,Blast
298,3,2,76229.53,295,885,3,160,1000,336.0,dell_r6715,3125,0.01,1,160,374,72.8,1044.326008,1044088146871,Blast
298,3,2,74620.04,295,885,3,160,1000,336.0,dell_r6715,3125,0.01,1,160,374,72.8,1022.132031,1021673597776,Blast
298,3,2,75489.45,295,885,3,160,1000,336.0,dell_r6715,3125,0.01,1,160,374,72.8,1034.033399,1033475146996,Blast
298,3,2,141793.38,295,885,3,320,1000,672.0,dell_r6725,3125,0.01,1,320,711,135.0,1049.598084,1049381322736,Blast
298,3,2,140285.9,295,885,3,320,1000,672.0,dell_r6725,3125,0.01,1,320,711,135.0,1038.4136,1038151206541,Blast
298,3,2,144265.53,295,885,3,320,1000,672.0,dell_r6725,3125,0.01,1,320,711,135.0,1067.87351,1067614365886,Blast
298,3,2,140437.99,295,885,3,320,1000,672.0,dell_r6725,3125,0.01,1,320,711,135.0,1039.521639,1039315245199,Blast
298,3,2,146729.86,295,885,3,320,1000,672.0,dell_r6725,3125,0.01,1,320,711,135.0,1086.143092,1085923825864,Blast
298,3,2,145964.04,295,885,3,320,1000,672.0,dell_r6725,3125,0.01,1,320,711,135.0,1080.506005,1080245440757,Blast
298,3,2,146491.53,295,885,3,320,1000,672.0,dell_r6725,3125,0.01,1,320,711,135.0,1084.386138,1084144609430,Blast
298,3,2,147938.61,295,885,3,320,1000,672.0,dell_r6725,3125,0.01,1,320,711,135.0,1095.113917,1094943611685,Blast
298,3,2,141468.94,295,885,3,320,1000,672.0,dell_r6725,3125,0.01,1,320,711,135.0,1047.184364,1046906743899,Blast
298,3,2,142423.24,295,885,3,320,1000,672.0,dell_r6725,3125,0.01,1,320,711,135.0,1054.234862,1054029952063,Blast
298,3,2,462773.71,295,885,3,344,1000,688.0,lenovo_sr850,3125,0.01,1,344,1578,450.0,1028.011373,1027742048780,Blast
298,3,2,477280.93,295,885,3,344,1000,688.0,lenovo_sr850,3125,0.01,1,344,1578,450.0,1060.250186,1060016396793,Blast
298,3,2,487288.76,295,885,3,344,1000,688.0,lenovo_sr850,3125,0.01,1,344,1578,450.0,1082.478021,1082221499540,Blast
298,3,2,468795.62,295,885,3,344,1000,688.0,lenovo_sr850,3125,0.01,1,344,1578,450.0,1041.378694,1041091485330,Blast
298,3,2,462968.39,295,885,3,344,1000,688.0,lenovo_sr850,3125,0.01,1,344,1578,450.0,1028.406013,1028143683712,Blast
298,3,2,462503.45,295,885,3,344,1000,688.0,lenovo_sr850,3125,0.01,1,344,1578,450.0,1027.392949,1027138159270,Blast
298,3,2,482407.1,295,885,3,344,1000,688.0,lenovo_sr850,3125,0.01,1,344,1578,450.0,1071.631554,1071370815490,Blast
298,3,2,464302.73,295,885,3,344,1000,688.0,lenovo_sr850,3125,0.01,1,344,1578,450.0,1031.383648,1031119932896,Blast
298,3,2,474833.33,295,885,3,344,1000,688.0,lenovo_sr850,3125,0.01,1,344,1578,450.0,1054.790472,1054505482479,Blast
298,3,2,501643.44,295,885,3,344,1000,688.0,lenovo_sr850,3125,0.01,1,344,1578,450.0,1114.384475,1114141053392,Blast
148,3,2,20.53,144,576,3,160,1000,336.0,dell_r6715,3125,0.01,1,160,374,72.8,0.261376,6555660,Bwa
148,3,2,34.98,144,576,3,160,1000,336.0,dell_r6715,3125,0.01,1,160,374,72.8,0.457178,8482844,Bwa
148,3,2,9.12,144,576,3,160,1000,336.0,dell_r6715,3125,0.01,1,160,374,72.8,0.108284,7750642,Bwa
148,3,2,34.42,144,576,3,160,1000,336.0,dell_r6715,3125,0.01,1,160,374,72.8,0.449612,8400637,Bwa
148,3,2,47.93,144,576,3,160,1000,336.0,dell_r6715,3125,0.01,1,160,374,72.8,0.631667,8229395,Bwa
148,3,2,22.97,144,576,3,160,1000,336.0,dell_r6715,3125,0.01,1,160,374,72.8,0.292615,8101924,Bwa
148,3,2,24.46,144,576,3,160,1000,336.0,dell_r6715,3125,0.01,1,160,374,72.8,0.312157,7977277,Bwa
148,3,2,51.62,144,576,3,160,1000,336.0,dell_r6715,3125,0.01,1,160,374,72.8,0.680609,8738516,Bwa
148,3,2,20.38,144,576,3,160,1000,336.0,dell_r6715,3125,0.01,1,160,374,72.8,0.258781,6237064,Bwa
148,3,2,10.83,144,576,3,160,1000,336.0,dell_r6715,3125,0.01,1,160,374,72.8,0.131473,6559305,Bwa
148,3,2,25.88,144,576,3,320,1000,672.0,dell_r6725,3125,0.01,1,320,711,135.0,0.186504,7489327,Bwa
148,3,2,34.89,144,576,3,320,1000,672.0,dell_r6725,3125,0.01,1,320,711,135.0,0.252784,6888773,Bwa
148,3,2,20.3,144,576,3,320,1000,672.0,dell_r6725,3125,0.01,1,320,711,135.0,0.145928,7447499,Bwa
148,3,2,27.27,144,576,3,320,1000,672.0,dell_r6725,3125,0.01,1,320,711,135.0,0.197723,8596431,Bwa
148,3,2,28.95,144,576,3,320,1000,672.0,dell_r6725,3125,0.01,1,320,711,135.0,0.209168,6598727,Bwa
148,3,2,29.44,144,576,3,320,1000,672.0,dell_r6725,3125,0.01,1,320,711,135.0,0.213976,7135526,Bwa
148,3,2,21.56,144,576,3,320,1000,672.0,dell_r6725,3125,0.01,1,320,711,135.0,0.154752,6277222,Bwa
148,3,2,58.12,144,576,3,320,1000,672.0,dell_r6725,3125,0.01,1,320,711,135.0,0.423505,7305137,Bwa
148,3,2,47.08,144,576,3,320,1000,672.0,dell_r6725,3125,0.01,1,320,711,135.0,0.342078,8412486,Bwa
148,3,2,43.5,144,576,3,320,1000,672.0,dell_r6725,3125,0.01,1,320,711,135.0,0.316143,7209851,Bwa
148,3,2,121.89,144,576,3,344,1000,688.0,lenovo_sr850,3125,0.01,1,344,1578,450.0,0.267555,7903731,Bwa
148,3,2,141.2,144,576,3,344,1000,688.0,lenovo_sr850,3125,0.01,1,344,1578,450.0,0.310309,8617771,Bwa
148,3,2,156.74,144,576,3,344,1000,688.0,lenovo_sr850,3125,0.01,1,344,1578,450.0,0.345449,7398676,Bwa
148,3,2,81.98,144,576,3,344,1000,688.0,lenovo_sr850,3125,0.01,1,344,1578,450.0,0.179078,7650150,Bwa
148,3,2,57.88,144,576,3,344,1000,688.0,lenovo_sr850,3125,0.01,1,344,1578,450.0,0.126324,7015394,Bwa
148,3,2,91.78,144,576,3,344,1000,688.0,lenovo_sr850,3125,0.01,1,344,1578,450.0,0.201516,7130965,Bwa
148,3,2,92.02,144,576,3,344,1000,688.0,lenovo_sr850,3125,0.01,1,344,1578,450.0,0.201589,7863135,Bwa
148,3,2,69.49,144,576,3,344,1000,688.0,lenovo_sr850,3125,0.01,1,344,1578,450.0,0.151416,7458740,Bwa
148,3,2,116.16,144,576,3,344,1000,688.0,lenovo_sr850,3125,0.01,1,344,1578,450.0,0.255368,6988381,Bwa
148,3,2,58.32,144,576,3,344,1000,688.0,lenovo_sr850,3125,0.01,1,344,1578,450.0,0.12702,7095613,Bwa
198,3,2,34.13,194,776,3,160,1000,336.0,dell_r6715,3125,0.01,1,160,374,72.8,0.44257,10454305,Bwa
198,3,2,13.67,194,776,3,160,1000,336.0,dell_r6715,3125,0.01,1,160,374,72.8,0.164953,8929983,Bwa
198,3,2,54.6,194,776,3,160,1000,336.0,dell_r6715,3125,0.01,1,160,374,72.8,0.719564,9518488,Bwa
198,3,2,35.99,194,776,3,160,1000,336.0,dell_r6715,3125,0.01,1,160,374,72.8,0.469432,9318793,Bwa
198,3,2,30.85,194,776,3,160,1000,336.0,dell_r6715,3125,0.01,1,160,374,72.8,0.399944,10221782,Bwa
198,3,2,29.03,194,776,3,160,1000,336.0,dell_r6715,3125,0.01,1,160,374,72.8,0.375659,9041117,Bwa
198,3,2,20.29,194,776,3,160,1000,336.0,dell_r6715,3125,0.01,1,160,374,72.8,0.251866,7947821,Bwa
198,3,2,35.06,194,776,3,160,1000,336.0,dell_r6715,3125,0.01,1,160,374,72.8,0.454624,10211205,Bwa
198,3,2,35.06,194,776,3,160,1000,336.0,dell_r6715,3125,0.01,1,160,374,72.8,0.456225,8812807,Bwa
198,3,2,24.88,194,776,3,160,1000,336.0,dell_r6715,3125,0.01,1,160,374,72.8,0.314525,8191258,Bwa
95,4,3,53.91,46,139,3,160,1000,336.0,dell_r6715,3125,0.01,1,160,374,72.8,0.720762,312879338,Cycles
95,4,3,58.72,46,139,3,160,1000,336.0,dell_r6715,3125,0.01,1,160,374,72.8,0.784552,321221084,Cycles
95,4,3,54.35,46,139,3,160,1000,336.0,dell_r6715,3125,0.01,1,160,374,72.8,0.727311,312956330,Cycles
95,4,3,70.59,46,139,3,160,1000,336.0,dell_r6715,3125,0.01,1,160,374,72.8,0.944632,342765008,Cycles
95,4,3,58.49,46,139,3,160,1000,336.0,dell_r6715,3125,0.01,1,160,374,72.8,0.781244,333387809,Cycles
95,4,3,54.62,46,139,3,160,1000,336.0,dell_r6715,3125,0.01,1,160,374,72.8,0.72728,312002797,Cycles
95,4,3,55.82,46,139,3,160,1000,336.0,dell_r6715,3125,0.01,1,160,374,72.8,0.745344,318772941,Cycles
95,4,3,52.96,46,139,3,160,1000,336.0,dell_r6715,3125,0.01,1,160,374,72.8,0.705351,305956913,Cycles
95,4,3,56.16,46,139,3,160,1000,336.0,dell_r6715,3125,0.01,1,160,374,72.8,0.749631,322784261,Cycles
95,4,3,59.49,46,139,3,160,1000,336.0,dell_r6715,3125,0.01,1,160,374,72.8,0.794424,324299031,Cycles
95,4,3,113.04,46,139,3,320,1000,672.0,dell_r6725,3125,0.01,1,320,711,135.0,0.831403,330626584,Cycles
95,4,3,106.04,46,139,3,320,1000,672.0,dell_r6725,3125,0.01,1,320,711,135.0,0.779472,335075681,Cycles
95,4,3,110.17,46,139,3,320,1000,672.0,dell_r6725,3125,0.01,1,320,711,135.0,0.80942,326659431,Cycles
95,4,3,101.82,46,139,3,320,1000,672.0,dell_r6725,3125,0.01,1,320,711,135.0,0.748559,321982440,Cycles
95,4,3,97.49,46,139,3,320,1000,672.0,dell_r6725,3125,0.01,1,320,711,135.0,0.715863,309210816,Cycles
95,4,3,95.8,46,139,3,320,1000,672.0,dell_r6725,3125,0.01,1,320,711,135.0,0.703842,306771080,Cycles
95,4,3,104.29,46,139,3,320,1000,672.0,dell_r6725,3125,0.01,1,320,711,135.0,0.766862,328314221,Cycles
95,4,3,95.02,46,139,3,320,1000,672.0,dell_r6725,3125,0.01,1,320,711,135.0,0.698699,304498892,Cycles
95,4,3,106.89,46,139,3,320,1000,672.0,dell_r6725,3125,0.01,1,320,711,135.0,0.786073,326177779,Cycles
95,4,3,99.54,46,139,3,320,1000,672.0,dell_r6725,3125,0.01,1,320,711,135.0,0.732295,319072427,Cycles
95,4,3,342.84,46,139,3,344,1000,688.0,lenovo_sr850,3125,0.01,1,344,1578,450.0,0.75844,306947643,Cycles
95,4,3,359.95,46,139,3,344,1000,688.0,lenovo_sr850,3125,0.01,1,344,1578,450.0,0.797201,340240968,Cycles
95,4,3,345.26,46,139,3,344,1000,688.0,lenovo_sr850,3125,0.01,1,344,1578,450.0,0.763993,332888967,Cycles
95,4,3,347.29,46,139,3,344,1000,688.0,lenovo_sr850,3125,0.01,1,344,1578,450.0,0.768169,332252825,Cycles
95,4,3,363.41,46,139,3,344,1000,688.0,lenovo_sr850,3125,0.01,1,344,1578,450.0,0.804546,319011114,Cycles
95,4,3,328.05,46,139,3,344,1000,688.0,lenovo_sr850,3125,0.01,1,344,1578,450.0,0.726056,314355383,Cycles
95,4,3,367.23,46,139,3,344,1000,688.0,lenovo_sr850,3125,0.01,1,344,1578,450.0,0.812682,325442156,Cycles
95,4,3,352.28,46,139,3,344,1000,688.0,lenovo_sr850,3125,0.01,1,344,1578,450.0,0.779734,315328004,Cycles
95,4,3,332.57,46,139,3,344,1000,688.0,lenovo_sr850,3125,0.01,1,344,1578,450.0,0.736012,305359343,Cycles
95,4,3,350.47,46,139,3,344,1000,688.0,lenovo_sr850,3125,0.01,1,344,1578,450.0,0.77566,334174351,Cycles
145,4,3,88.21,70,212,3,160,1000,336.0,dell_r6715,3125,0.01,1,160,374,72.8,1.179991,510971487,Cycles
145,4,3,86.74,70,212,3,160,1000,336.0,dell_r6715,3125,0.01,1,160,374,72.8,1.158794,499498543,Cycles
145,4,3,90.63,70,212,3,160,1000,336.0,dell_r6715,3125,0.01,1,160,374,72.8,1.203425,476120028,Cycles
145,4,3,83.07,70,212,3,160,1000,336.0,dell_r6715,3125,0.01,1,160,374,72.8,1.107997,480687896,Cycles
145,4,3,94.55,70,212,3,160,1000,336.0,dell_r6715,3125,0.01,1,160,374,72.8,1.261637,489933576,Cycles
145,4,3,87.7,70,212,3,160,1000,336.0,dell_r6715,3125,0.01,1,160,374,72.8,1.175673,502917684,Cycles
145,4,3,91.1,70,212,3,160,1000,336.0,dell_r6715,3125,0.01,1,160,374,72.8,1.216505,475114749,Cycles
145,4,3,85.33,70,212,3,160,1000,336.0,dell_r6715,3125,0.01,1,160,374,72.8,1.136808,490439395,Cycles
145,4,3,84.21,70,212,3,160,1000,336.0,dell_r6715,3125,0.01,1,160,374,72.8,1.122587,484363902,Cycles
145,4,3,85.6,70,212,3,160,1000,336.0,dell_r6715,3125,0.01,1,160,374,72.8,1.143615,497039270,Cycles
145,4,3,145.11,70,212,3,320,1000,672.0,dell_r6725,3125,0.01,1,320,711,135.0,1.06625,466130269,Cycles
145,4,3,152.22,70,212,3,320,1000,672.0,dell_r6725,3125,0.01,1,320,711,135.0,1.119308,486484577,Cycles
145,4,3,149.45,70,212,3,320,1000,672.0,dell_r6725,3125,0.01,1,320,711,135.0,1.098388,481809639,Cycles
145,4,3,157.81,70,212,3,320,1000,672.0,dell_r6725,3125,0.01,1,320,711,135.0,1.160285,476049104,Cycles
145,4,3,159.66,70,212,3,320,1000,672.0,dell_r6725,3125,0.01,1,320,711,135.0,1.17432,492254586,Cycles
145,4,3,163.78,70,212,3,320,1000,672.0,dell_r6725,3125,0.01,1,320,711,135.0,1.203285,496248889,Cycles
145,4,3,142.29,70,212,3,320,1000,672.0,dell_r6725,3125,0.01,1,320,711,135.0,1.045126,459353351,Cycles
145,4,3,155.29,70,212,3,320,1000,672.0,dell_r6725,3125,0.01,1,320,711,135.0,1.141418,491707954,Cycles
145,4,3,156.27,70,212,3,320,1000,672.0,dell_r6725,3125,0.01,1,320,711,135.0,1.148599,497164784,Cycles
145,4,3,150.47,70,212,3,320,1000,672.0,dell_r6725,3125,0.01,1,320,711,135.0,1.10573,474740405,Cycles
145,4,3,526.72,70,212,3,344,1000,688.0,lenovo_sr850,3125,0.01,1,344,1578,450.0,1.166321,504597898,Cycles
145,4,3,531.19,70,212,3,344,1000,688.0,lenovo_sr850,3125,0.01,1,344,1578,450.0,1.175744,509354373,Cycles
145,4,3,512.64,70,212,3,344,1000,688.0,lenovo_sr850,3125,0.01,1,344,1578,450.0,1.134866,495857260,Cycles
145,4,3,500.81,70,212,3,344,1000,688.0,lenovo_sr850,3125,0.01,1,344,1578,450.0,1.108288,484486252,Cycles
145,4,3,541.87,70,212,3,344,1000,688.0,lenovo_sr850,3125,0.01,1,344,1578,450.0,1.199263,502403884,Cycles
145,4,3,521.03,70,212,3,344,1000,688.0,lenovo_sr850,3125,0.01,1,344,1578,450.0,1.153558,499541723,Cycles
145,4,3,508.95,70,212,3,344,1000,688.0,lenovo_sr850,3125,0.01,1,344,1578,450.0,1.127045,484736810,Cycles
145,4,3,495.05,70,212,3,344,1000,688.0,lenovo_sr850,3125,0.01,1,344,1578,450.0,1.095406,473342822,Cycles
145,4,3,493.72,70,212,3,344,1000,688.0,lenovo_sr850,3125,0.01,1,344,1578,450.0,1.092962,475428832,Cycles
145,4,3,512.06,70,212,3,344,1000,688.0,lenovo_sr850,3125,0.01,1,344,1578,450.0,1.133082,496004464,Cycles
198,4,3,126.14,96,290,3,160,1000,336.0,dell_r6715,3125,0.01,1,160,374,72.8,1.681773,677500861,Cycles
198,4,3,128.65,96,290,3,160,1000,336.0,dell_r6715,3125,0.01,1,160,374,72.8,1.71684,683817081,Cycles
198,4,3,120.65,96,290,3,160,1000,336.0,dell_r6715,3125,0.01,1,160,374,72.8,1.612136,690888536,Cycles
198,4,3,128.82,96,290,3,160,1000,336.0,dell_r6715,3125,0.01,1,160,374,72.8,1.717779,686165364,Cycles
198,4,3,114.98,96,290,3,160,1000,336.0,dell_r6715,3125,0.01,1,160,374,72.8,1.536526,659673032,Cycles
198,4,3,115.56,96,290,3,160,1000,336.0,dell_r6715,3125,0.01,1,160,374,72.8,1.542408,668407921,Cycles
198,4,3,123.57,96,290,3,160,1000,336.0,dell_r6715,3125,0.01,1,160,374,72.8,1.649579,660780185,Cycles
198,4,3,115.28,96,290,3,160,1000,336.0,dell_r6715,3125,0.01,1,160,374,72.8,1.535429,669420366,Cycles
198,4,3,125.77,96,290,3,160,1000,336.0,dell_r6715,3125,0.01,1,160,374,72.8,1.676091,681850255,Cycles
198,4,3,111.7,96,290,3,160,1000,336.0,dell_r6715,3125,0.01,1,160,374,72.8,1.487995,647409135,Cycles
198,4,3,215.31,96,290,3,320,1000,672.0,dell_r6725,3125,0.01,1,320,711,135.0,1.581305,663270738,Cycles
198,4,3,212.08,96,290,3,320,1000,672.0,dell_r6725,3125,0.01,1,320,711,135.0,1.559273,672572052,Cycles
198,4,3,216.01,96,290,3,320,1000,672.0,dell_r6725,3125,0.01,1,320,711,135.0,1.586996,669055911,Cycles
198,4,3,205.06,96,290,3,320,1000,672.0,dell_r6725,3125,0.01,1,320,711,135.0,1.505871,667654843,Cycles
198,4,3,222.26,96,290,3,320,1000,672.0,dell_r6725,3125,0.01,1,320,711,135.0,1.632874,691841036,Cycles
198,4,3,216.84,96,290,3,320,1000,672.0,dell_r6725,3125,0.01,1,320,711,135.0,1.594765,683485187,Cycles
198,4,3,218.15,96,290,3,320,1000,672.0,dell_r6725,3125,0.01,1,320,711,135.0,1.602767,688687515,Cycles
198,4,3,209.93,96,290,3,320,1000,672.0,dell_r6725,3125,0.01,1,320,711,135.0,1.542771,674315480,Cycles
198,4,3,208.4,96,290,3,320,1000,672.0,dell_r6725,3125,0.01,1,320,711,135.0,1.531863,673857352,Cycles
198,4,3,212.42,96,290,3,320,1000,672.0,dell_r6725,3125,0.01,1,320,711,135.0,1.561931,663093300,Cycles
198,4,3,668.03,96,290,3,344,1000,688.0,lenovo_sr850,3125,0.01,1,344,1578,450.0,1.478781,646120598,Cycles
198,4,3,727.63,96,290,3,344,1000,688.0,lenovo_sr850,3125,0.01,1,344,1578,450.0,1.610022,690318887,Cycles
198,4,3,716.49,96,290,3,344,1000,688.0,lenovo_sr850,3125,0.01,1,344,1578,450.0,1.585121,669711610,Cycles
198,4,3,694.33,96,290,3,344,1000,688.0,lenovo_sr850,3125,0.01,1,344,1578,450.0,1.536941,671341452,Cycles
198,4,3,667.15,96,290,3,344,1000,688.0,lenovo_sr850,3125,0.01,1,344,1578,450.0,1.47685,648378486,Cycles
198,4,3,738.66,96,290,3,344,1000,688.0,lenovo_sr850,3125,0.01,1,344,1578,450.0,1.634802,680614898,Cycles
198,4,3,718.6,96,290,3,344,1000,688.0,lenovo_sr850,3125,0.01,1,344,1578,450.0,1.590145,666356628,Cycles
198,4,3,712.46,96,290,3,344,1000,688.0,lenovo_sr850,3125,0.01,1,344,1578,450.0,1.576555,684640791,Cycles
198,4,3,699.8,96,290,3,344,1000,688.0,lenovo_sr850,3125,0.01,1,344,1578,450.0,1.548628,669116223,Cycles
198,4,3,716.67,96,290,3,344,1000,688.0,lenovo_sr850,3125,0.01,1,344,1578,450.0,1.58609,689497871,Cycles
247,4,3,150.0,120,363,3,160,1000,336.0,dell_r6715,3125,0.01,1,160,374,72.8,1.994535,822123347,Cycles
247,4,3,146.54,120,363,3,160,1000,336.0,dell_r6715,3125,0.01,1,160,374,72.8,1.953123,842788145,Cycles
247,4,3,143.82,120,363,3,160,1000,336.0,dell_r6715,3125,0.01,1,160,374,72.8,1.91858,837354081,Cycles
247,4,3,144.86,120,363,3,160,1000,336.0,dell_r6715,3125,0.01,1,160,374,72.8,1.933242,841131178,Cycles
247,4,3,150.43,120,363,3,160,1000,336.0,dell_r6715,3125,0.01,1,160,374,72.8,2.007957,842893114,Cycles
247,4,3,143.6,120,363,3,160,1000,336.0,dell_r6715,3125,0.01,1,160,374,72.8,1.917007,841766948,Cycles
247,4,3,146.82,120,365,3,160,1000,336.0,dell_r6715,3125,0.01,1,160,374,72.8,1.959789,843315332,Cycles
247,4,3,144.82,120,363,3,160,1000,336.0,dell_r6715,3125,0.01,1,160,374,72.8,1.929323,838444508,Cycles
247,4,3,146.98,120,363,3,160,1000,336.0,dell_r6715,3125,0.01,1,160,374,72.8,1.966062,849518394,Cycles
247,4,3,140.27,120,363,3,160,1000,336.0,dell_r6715,3125,0.01,1,160,374,72.8,1.870623,815907242,Cycles
247,4,3,257.11,120,363,3,320,1000,672.0,dell_r6725,3125,0.01,1,320,711,135.0,1.890627,825456050,Cycles
247,4,3,267.06,120,363,3,320,1000,672.0,dell_r6725,3125,0.01,1,320,711,135.0,1.963807,856000716,Cycles
247,4,3,264.84,120,363,3,320,1000,672.0,dell_r6725,3125,0.01,1,320,711,135.0,1.947335,821609865,Cycles
247,4,3,268.8,120,365,3,320,1000,672.0,dell_r6725,3125,0.01,1,320,711,135.0,1.97706,833551170,Cycles
247,4,3,258.46,120,363,3,320,1000,672.0,dell_r6725,3125,0.01,1,320,711,135.0,1.899546,832680839,Cycles
247,4,3,263.29,120,365,3,320,1000,672.0,dell_r6725,3125,0.01,1,320,711,135.0,1.935652,844140224,Cycles
247,4,3,264.32,120,363,3,320,1000,672.0,dell_r6725,3125,0.01,1,320,711,135.0,1.943436,821061177,Cycles
247,4,3,252.76,120,363,3,320,1000,672.0,dell_r6725,3125,0.01,1,320,711,135.0,1.858986,813685612,Cycles
247,4,3,252.84,120,363,3,320,1000,672.0,dell_r6725,3125,0.01,1,320,711,135.0,1.857604,811853729,Cycles
247,4,3,260.21,120,367,3,320,1000,672.0,dell_r6725,3125,0.01,1,320,711,135.0,1.912636,828935097,Cycles
247,4,3,884.35,120,363,3,344,1000,688.0,lenovo_sr850,3125,0.01,1,344,1578,450.0,1.956951,856279370,Cycles
247,4,3,864.38,120,365,3,344,1000,688.0,lenovo_sr850,3125,0.01,1,344,1578,450.0,1.913296,832181477,Cycles
247,4,3,879.32,120,363,3,344,1000,688.0,lenovo_sr850,3125,0.01,1,344,1578,450.0,1.946236,818634779,Cycles
247,4,3,903.83,120,369,3,344,1000,688.0,lenovo_sr850,3125,0.01,1,344,1578,450.0,1.999836,836936167,Cycles
247,4,3,908.66,120,365,3,344,1000,688.0,lenovo_sr850,3125,0.01,1,344,1578,450.0,2.0114,849482823,Cycles
247,4,3,856.72,120,363,3,344,1000,688.0,lenovo_sr850,3125,0.01,1,344,1578,450.0,1.896115,827234494,Cycles
247,4,3,863.95,120,363,3,344,1000,688.0,lenovo_sr850,3125,0.01,1,344,1578,450.0,1.912417,831425768,Cycles
247,4,3,864.76,120,365,3,344,1000,688.0,lenovo_sr850,3125,0.01,1,344,1578,450.0,1.914611,838038750,Cycles
247,4,3,871.38,120,363,3,344,1000,688.0,lenovo_sr850,3125,0.01,1,344,1578,450.0,1.92878,839427199,Cycles
247,4,3,862.06,120,363,3,344,1000,688.0,lenovo_sr850,3125,0.01,1,344,1578,450.0,1.907586,811417263,Cycles
297,4,3,168.94,144,436,3,160,1000,336.0,dell_r6715,3125,0.01,1,160,374,72.8,2.256544,981849835,Cycles
297,4,3,172.51,144,436,3,160,1000,336.0,dell_r6715,3125,0.01,1,160,374,72.8,2.304302,1006072583,Cycles
297,4,3,166.11,144,438,3,160,1000,336.0,dell_r6715,3125,0.01,1,160,374,72.8,2.209967,964822958,Cycles
297,4,3,172.26,144,442,3,160,1000,336.0,dell_r6715,3125,0.01,1,160,374,72.8,2.299956,994131461,Cycles
297,4,3,172.6,144,438,3,160,1000,336.0,dell_r6715,3125,0.01,1,160,374,72.8,2.297765,996922489,Cycles
297,4,3,171.2,144,436,3,160,1000,336.0,dell_r6715,3125,0.01,1,160,374,72.8,2.284747,1002060007,Cycles
297,4,3,177.92,144,436,3,160,1000,336.0,dell_r6715,3125,0.01,1,160,374,72.8,2.377546,1026571551,Cycles
297,4,3,172.72,144,436,3,160,1000,336.0,dell_r6715,3125,0.01,1,160,374,72.8,2.312519,1001698722,Cycles
297,4,3,169.4,144,436,3,160,1000,336.0,dell_r6715,3125,0.01,1,160,374,72.8,2.256643,979735715,Cycles
297,4,3,172.27,144,446,3,160,1000,336.0,dell_r6715,3125,0.01,1,160,374,72.8,2.297109,999589452,Cycles
297,4,3,313.25,144,436,3,320,1000,672.0,dell_r6725,3125,0.01,1,320,711,135.0,2.302665,1009734851,Cycles
297,4,3,325.28,144,438,3,320,1000,672.0,dell_r6725,3125,0.01,1,320,711,135.0,2.392893,1032894749,Cycles
297,4,3,325.42,144,436,3,320,1000,672.0,dell_r6725,3125,0.01,1,320,711,135.0,2.392663,1043325870,Cycles
297,4,3,311.53,144,436,3,320,1000,672.0,dell_r6725,3125,0.01,1,320,711,135.0,2.29093,998144763,Cycles
297,4,3,306.71,144,440,3,320,1000,672.0,dell_r6725,3125,0.01,1,320,711,135.0,2.255764,982629534,Cycles
297,4,3,306.98,144,438,3,320,1000,672.0,dell_r6725,3125,0.01,1,320,711,135.0,2.255278,981183549,Cycles
297,4,3,316.84,144,438,3,320,1000,672.0,dell_r6725,3125,0.01,1,320,711,135.0,2.328344,990890715,Cycles
297,4,3,312.92,144,438,3,320,1000,672.0,dell_r6725,3125,0.01,1,320,711,135.0,2.299859,1004839469,Cycles
297,4,3,312.04,144,436,3,320,1000,672.0,dell_r6725,3125,0.01,1,320,711,135.0,2.295411,999981740,Cycles
297,4,3,305.37,144,438,3,320,1000,672.0,dell_r6725,3125,0.01,1,320,711,135.0,2.24436,961956576,Cycles
297,4,3,1054.65,144,438,3,344,1000,688.0,lenovo_sr850,3125,0.01,1,344,1578,450.0,2.333839,989094154,Cycles
297,4,3,1053.03,144,440,3,344,1000,688.0,lenovo_sr850,3125,0.01,1,344,1578,450.0,2.3312,1015216680,Cycles
297,4,3,1053.53,144,436,3,344,1000,688.0,lenovo_sr850,3125,0.01,1,344,1578,450.0,2.332403,1020527603,Cycles
297,4,3,1048.46,144,436,3,344,1000,688.0,lenovo_sr850,3125,0.01,1,344,1578,450.0,2.320353,1000713642,Cycles
297,4,3,1076.28,144,436,3,344,1000,688.0,lenovo_sr850,3125,0.01,1,344,1578,450.0,2.382241,1037595553,Cycles
297,4,3,1042.44,144,436,3,344,1000,688.0,lenovo_sr850,3125,0.01,1,344,1578,450.0,2.307919,1010251183,Cycles
297,4,3,1053.41,144,436,3,344,1000,688.0,lenovo_sr850,3125,0.01,1,344,1578,450.0,2.331926,1013324061,Cycles
297,4,3,1048.8,144,436,3,344,1000,688.0,lenovo_sr850,3125,0.01,1,344,1578,450.0,2.32133,1011181143,Cycles
297,4,3,1051.42,144,438,3,344,1000,688.0,lenovo_sr850,3125,0.01,1,344,1578,450.0,2.327361,1009978086,Cycles
297,4,3,1002.74,144,444,3,344,1000,688.0,lenovo_sr850,3125,0.01,1,344,1578,450.0,2.220246,967170442,Cycles
395,4,3,233.94,190,577,3,160,1000,336.0,dell_r6715,3125,0.01,1,160,374,72.8,3.1119,1327467138,Cycles
395,4,3,237.98,190,575,3,160,1000,336.0,dell_r6715,3125,0.01,1,160,374,72.8,3.16912,1336566213,Cycles
395,4,3,228.55,190,579,3,160,1000,336.0,dell_r6715,3125,0.01,1,160,374,72.8,3.051546,1325684475,Cycles
395,4,3,225.63,190,575,3,160,1000,336.0,dell_r6715,3125,0.01,1,160,374,72.8,3.01181,1318856640,Cycles
395,4,3,235.57,190,575,3,160,1000,336.0,dell_r6715,3125,0.01,1,160,374,72.8,3.134564,1321877689,Cycles
395,4,3,235.0,190,579,3,160,1000,336.0,dell_r6715,3125,0.01,1,160,374,72.8,3.139342,1361557292,Cycles
395,4,3,220.91,190,575,3,160,1000,336.0,dell_r6715,3125,0.01,1,160,374,72.8,2.943452,1301487564,Cycles
395,4,3,226.67,190,575,3,160,1000,336.0,dell_r6715,3125,0.01,1,160,374,72.8,3.02665,1319744313,Cycles
395,4,3,237.77,190,579,3,160,1000,336.0,dell_r6715,3125,0.01,1,160,374,72.8,3.172533,1325604584,Cycles
395,4,3,225.86,190,575,3,160,1000,336.0,dell_r6715,3125,0.01,1,160,374,72.8,3.011133,1299809888,Cycles
395,4,3,419.41,190,579,3,320,1000,672.0,dell_r6725,3125,0.01,1,320,711,135.0,3.083285,1336096496,Cycles
395,4,3,420.61,190,577,3,320,1000,672.0,dell_r6725,3125,0.01,1,320,711,135.0,3.091187,1344938008,Cycles
395,4,3,418.48,190,579,3,320,1000,672.0,dell_r6725,3125,0.01,1,320,711,135.0,3.073377,1327860343,Cycles
395,4,3,427.62,190,577,3,320,1000,672.0,dell_r6725,3125,0.01,1,320,711,135.0,3.143837,1369457353,Cycles
395,4,3,419.66,190,575,3,320,1000,672.0,dell_r6725,3125,0.01,1,320,711,135.0,3.084111,1329724288,Cycles
395,4,3,415.45,190,581,3,320,1000,672.0,dell_r6725,3125,0.01,1,320,711,135.0,3.052099,1319869720,Cycles
395,4,3,411.08,190,579,3,320,1000,672.0,dell_r6725,3125,0.01,1,320,711,135.0,3.022841,1330805112,Cycles
395,4,3,410.94,190,579,3,320,1000,672.0,dell_r6725,3125,0.01,1,320,711,135.0,3.021625,1307425874,Cycles
395,4,3,419.37,190,575,3,320,1000,672.0,dell_r6725,3125,0.01,1,320,711,135.0,3.08291,1346322963,Cycles
395,4,3,417.04,190,581,3,320,1000,672.0,dell_r6725,3125,0.01,1,320,711,135.0,3.06396,1332193836,Cycles
395,4,3,1423.63,190,577,3,344,1000,688.0,lenovo_sr850,3125,0.01,1,344,1578,450.0,3.149961,1353974120,Cycles
395,4,3,1383.84,190,575,3,344,1000,688.0,lenovo_sr850,3125,0.01,1,344,1578,450.0,3.063138,1345655280,Cycles
395,4,3,1381.1,190,575,3,344,1000,688.0,lenovo_sr850,3125,0.01,1,344,1578,450.0,3.056894,1336080334,Cycles
395,4,3,1404.23,190,575,3,344,1000,688.0,lenovo_sr850,3125,0.01,1,344,1578,450.0,3.108215,1329250731,Cycles
395,4,3,1381.05,190,575,3,344,1000,688.0,lenovo_sr850,3125,0.01,1,344,1578,450.0,3.05591,1331324426,Cycles
395,4,3,1314.2,190,579,3,344,1000,688.0,lenovo_sr850,3125,0.01,1,344,1578,450.0,2.908088,1289258454,Cycles
395,4,3,1376.87,190,579,3,344,1000,688.0,lenovo_sr850,3125,0.01,1,344,1578,450.0,3.046241,1312147406,Cycles
395,4,3,1337.13,190,575,3,344,1000,688.0,lenovo_sr850,3125,0.01,1,344,1578,450.0,2.958284,1298901645,Cycles
395,4,3,1418.1,190,575,3,344,1000,688.0,lenovo_sr850,3125,0.01,1,344,1578,450.0,3.138282,1355170909,Cycles
395,4,3,1340.65,190,581,3,344,1000,688.0,lenovo_sr850,3125,0.01,1,344,1578,450.0,2.9664,1300850787,Cycles
497,4,3,293.31,238,749,3,160,1000,336.0,dell_r6715,3125,0.01,1,160,374,72.8,3.912875,1660984800,Cycles
498,4,3,294.66,240,758,3,160,1000,336.0,dell_r6715,3125,0.01,1,160,374,72.8,3.929645,1660549563,Cycles
497,4,3,299.22,238,747,3,160,1000,336.0,dell_r6715,3125,0.01,1,160,374,72.8,3.987897,1671404914,Cycles
497,4,3,297.08,238,727,3,160,1000,336.0,dell_r6715,3125,0.01,1,160,374,72.8,3.959987,1664419665,Cycles
497,4,3,293.95,238,723,3,160,1000,336.0,dell_r6715,3125,0.01,1,160,374,72.8,3.912519,1660289053,Cycles
498,4,3,291.22,240,762,3,160,1000,336.0,dell_r6715,3125,0.01,1,160,374,72.8,3.884441,1636652542,Cycles
497,4,3,289.51,238,727,3,160,1000,336.0,dell_r6715,3125,0.01,1,160,374,72.8,3.857269,1642940644,Cycles
497,4,3,298.84,238,739,3,160,1000,336.0,dell_r6715,3125,0.01,1,160,374,72.8,3.992346,1723429309,Cycles
498,4,3,295.74,240,740,3,160,1000,336.0,dell_r6715,3125,0.01,1,160,374,72.8,3.942403,1660618130,Cycles
498,4,3,284.23,240,748,3,160,1000,336.0,dell_r6715,3125,0.01,1,160,374,72.8,3.783909,1655623521,Cycles
497,4,3,509.0,238,729,3,320,1000,672.0,dell_r6725,3125,0.01,1,320,711,135.0,3.739988,1628671802,Cycles
497,4,3,539.61,238,737,3,320,1000,672.0,dell_r6725,3125,0.01,1,320,711,135.0,3.968015,1714886438,Cycles
497,4,3,537.39,238,731,3,320,1000,672.0,dell_r6725,3125,0.01,1,320,711,135.0,3.948111,1695817963,Cycles
497,4,3,520.21,238,737,3,320,1000,672.0,dell_r6725,3125,0.01,1,320,711,135.0,3.822354,1649677678,Cycles
497,4,3,501.99,238,729,3,320,1000,672.0,dell_r6725,3125,0.01,1,320,711,135.0,3.688023,1607363266,Cycles
497,4,3,515.83,238,735,3,320,1000,672.0,dell_r6725,3125,0.01,1,320,711,135.0,3.78771,1638582685,Cycles
497,4,3,523.3,238,721,3,320,1000,672.0,dell_r6725,3125,0.01,1,320,711,135.0,3.846101,1675015387,Cycles
498,4,3,537.97,240,746,3,320,1000,672.0,dell_r6725,3125,0.01,1,320,711,135.0,3.951647,1707578194,Cycles
497,4,3,524.98,238,735,3,320,1000,672.0,dell_r6725,3125,0.01,1,320,711,135.0,3.857902,1657673955,Cycles
498,4,3,532.58,240,730,3,320,1000,672.0,dell_r6725,3125,0.01,1,320,711,135.0,3.912433,1682313512,Cycles
498,4,3,1659.21,240,752,3,344,1000,688.0,lenovo_sr850,3125,0.01,1,344,1578,450.0,3.67122,1619164725,Cycles
497,4,3,1689.58,238,727,3,344,1000,688.0,lenovo_sr850,3125,0.01,1,344,1578,450.0,3.737469,1643613553,Cycles
497,4,3,1704.13,238,731,3,344,1000,688.0,lenovo_sr850,3125,0.01,1,344,1578,450.0,3.770901,1656720621,Cycles
497,4,3,1748.63,238,725,3,344,1000,688.0,lenovo_sr850,3125,0.01,1,344,1578,450.0,3.8701,1672676006,Cycles
498,4,3,1747.19,240,758,3,344,1000,688.0,lenovo_sr850,3125,0.01,1,344,1578,450.0,3.867544,1686520454,Cycles
497,4,3,1799.71,238,727,3,344,1000,688.0,lenovo_sr850,3125,0.01,1,344,1578,450.0,3.982075,1731158757,Cycles
497,4,3,1723.46,238,727,3,344,1000,688.0,lenovo_sr850,3125,0.01,1,344,1578,450.0,3.813032,1649330489,Cycles
498,4,3,1753.38,240,746,3,344,1000,688.0,lenovo_sr850,3125,0.01,1,344,1578,450.0,3.880538,1673034769,Cycles
497,4,3,1704.5,238,731,3,344,1000,688.0,lenovo_sr850,3125,0.01,1,344,1578,450.0,3.77134,1640207295,Cycles
497,4,3,1697.61,238,731,3,344,1000,688.0,lenovo_sr850,3125,0.01,1,344,1578,450.0,3.756407,1647623109,Cycles
697,4,3,416.78,338,1024,3,160,1000,336.0,dell_r6715,3125,0.01,1,160,374,72.8,5.566859,2370453777,Cycles
697,4,3,410.64,338,1024,3,160,1000,336.0,dell_r6715,3125,0.01,1,160,374,72.8,5.483134,2327500722,Cycles
697,4,3,408.08,338,1024,3,160,1000,336.0,dell_r6715,3125,0.01,1,160,374,72.8,5.44871,2362272929,Cycles
697,4,3,409.9,338,1024,3,160,1000,336.0,dell_r6715,3125,0.01,1,160,374,72.8,5.479303,2337870677,Cycles
697,4,3,400.68,338,1024,3,160,1000,336.0,dell_r6715,3125,0.01,1,160,374,72.8,5.338461,2322791971,Cycles
697,4,3,405.98,338,1024,3,160,1000,336.0,dell_r6715,3125,0.01,1,160,374,72.8,5.417845,2363127627,Cycles
697,4,3,402.18,338,1024,3,160,1000,336.0,dell_r6715,3125,0.01,1,160,374,72.8,5.366663,2348011557,Cycles
697,4,3,403.09,338,1024,3,160,1000,336.0,dell_r6715,3125,0.01,1,160,374,72.8,5.38788,2328389994,Cycles
697,4,3,406.0,338,1024,3,160,1000,336.0,dell_r6715,3125,0.01,1,160,374,72.8,5.419769,2349244945,Cycles
697,4,3,402.95,338,1024,3,160,1000,336.0,dell_r6715,3125,0.01,1,160,374,72.8,5.383182,2347996523,Cycles
697,4,3,729.52,338,1024,3,320,1000,672.0,dell_r6725,3125,0.01,1,320,711,135.0,5.363391,2339252400,Cycles
697,4,3,745.52,338,1024,3,320,1000,672.0,dell_r6725,3125,0.01,1,320,711,135.0,5.483087,2375221292,Cycles
697,4,3,736.88,338,1024,3,320,1000,672.0,dell_r6725,3125,0.01,1,320,711,135.0,5.418464,2364950846,Cycles
697,4,3,724.77,338,1024,3,320,1000,672.0,dell_r6725,3125,0.01,1,320,711,135.0,5.327131,2332801509,Cycles
697,4,3,730.87,338,1024,3,320,1000,672.0,dell_r6725,3125,0.01,1,320,711,135.0,5.373511,2347775852,Cycles
697,4,3,737.9,338,1024,3,320,1000,672.0,dell_r6725,3125,0.01,1,320,711,135.0,5.429152,2371969404,Cycles
697,4,3,756.54,338,1024,3,320,1000,672.0,dell_r6725,3125,0.01,1,320,711,135.0,5.564089,2392791588,Cycles
697,4,3,716.83,338,1024,3,320,1000,672.0,dell_r6725,3125,0.01,1,320,711,135.0,5.268692,2305461212,Cycles
697,4,3,748.55,338,1024,3,320,1000,672.0,dell_r6725,3125,0.01,1,320,711,135.0,5.503543,2369891617,Cycles
697,4,3,718.06,338,1024,3,320,1000,672.0,dell_r6725,3125,0.01,1,320,711,135.0,5.278667,2316144797,Cycles
697,4,3,2441.86,338,1024,3,344,1000,688.0,lenovo_sr850,3125,0.01,1,344,1578,450.0,5.404606,2362230838,Cycles
697,4,3,2437.98,338,1024,3,344,1000,688.0,lenovo_sr850,3125,0.01,1,344,1578,450.0,5.396278,2363893143,Cycles
697,4,3,2460.63,338,1024,3,344,1000,688.0,lenovo_sr850,3125,0.01,1,344,1578,450.0,5.445543,2380350376,Cycles
697,4,3,2445.15,338,1024,3,344,1000,688.0,lenovo_sr850,3125,0.01,1,344,1578,450.0,5.412261,2346103837,Cycles
697,4,3,2409.39,338,1024,3,344,1000,688.0,lenovo_sr850,3125,0.01,1,344,1578,450.0,5.332786,2328113752,Cycles
697,4,3,2431.77,338,1024,3,344,1000,688.0,lenovo_sr850,3125,0.01,1,344,1578,450.0,5.381882,2329067363,Cycles
697,4,3,2385.33,338,1024,3,344,1000,688.0,lenovo_sr850,3125,0.01,1,344,1578,450.0,5.279416,2310084053,Cycles
697,4,3,2381.76,338,1024,3,344,1000,688.0,lenovo_sr850,3125,0.01,1,344,1578,450.0,5.271019,2298368779,Cycles
697,4,3,2444.52,338,1024,3,344,1000,688.0,lenovo_sr850,3125,0.01,1,344,1578,450.0,5.411134,2356880704,Cycles
697,4,3,2442.16,338,1024,3,344,1000,688.0,lenovo_sr850,3125,0.01,1,344,1578,450.0,5.405547,2362257324,Cycles
996,4,3,569.46,482,1461,3,160,1000,336.0,dell_r6715,3125,0.01,1,160,374,72.8,7.606644,3326614550,Cycles
997,4,3,582.96,482,1461,3,160,1000,336.0,dell_r6715,3125,0.01,1,160,374,72.8,7.781602,3361288894,Cycles
998,4,3,593.62,484,1468,3,160,1000,336.0,dell_r6715,3125,0.01,1,160,374,72.8,7.930006,3401587130,Cycles
997,4,3,570.35,482,1461,3,160,1000,336.0,dell_r6715,3125,0.01,1,160,374,72.8,7.593795,3310430862,Cycles
998,4,3,572.54,484,1466,3,160,1000,336.0,dell_r6715,3125,0.01,1,160,374,72.8,7.635259,3350184241,Cycles
998,4,3,583.2,484,1472,3,160,1000,336.0,dell_r6715,3125,0.01,1,160,374,72.8,7.777027,3335506472,Cycles
998,4,3,583.27,484,1466,3,160,1000,336.0,dell_r6715,3125,0.01,1,160,374,72.8,7.779232,3353966331,Cycles
997,4,3,575.59,482,1461,3,160,1000,336.0,dell_r6715,3125,0.01,1,160,374,72.8,7.678853,3361422386,Cycles
997,4,3,563.85,482,1461,3,160,1000,336.0,dell_r6715,3125,0.01,1,160,374,72.8,7.52081,3290965825,Cycles
998,4,3,570.48,484,1472,3,160,1000,336.0,dell_r6715,3125,0.01,1,160,374,72.8,7.612131,3338624616,Cycles
45,9,8,174.59,10,53,8,160,1000,336.0,dell_r6715,3125,0.01,1,160,374,72.8,2.385356,1347190283,Epigenomics
45,9,8,178.74,10,53,8,160,1000,336.0,dell_r6715,3125,0.01,1,160,374,72.8,2.442671,1335984329,Epigenomics
45,9,8,194.44,10,53,8,160,1000,336.0,dell_r6715,3125,0.01,1,160,374,72.8,2.657381,1544313296,Epigenomics
45,9,8,203.48,10,53,8,160,1000,336.0,dell_r6715,3125,0.01,1,160,374,72.8,2.783779,1805363813,Epigenomics
45,9,8,234.07,10,53,8,160,1000,336.0,dell_r6715,3125,0.01,1,160,374,72.8,3.202104,1951174241,Epigenomics
45,9,8,196.24,10,53,8,160,1000,336.0,dell_r6715,3125,0.01,1,160,374,72.8,2.681987,1721219620,Epigenomics
45,9,8,200.71,10,53,8,160,1000,336.0,dell_r6715,3125,0.01,1,160,374,72.8,2.744641,1490152040,Epigenomics
45,9,8,172.69,10,53,8,160,1000,336.0,dell_r6715,3125,0.01,1,160,374,72.8,2.360626,1358507087,Epigenomics
45,9,8,186.08,10,53,8,160,1000,336.0,dell_r6715,3125,0.01,1,160,374,72.8,2.543319,1611723489,Epigenomics
45,9,8,161.36,10,53,8,160,1000,336.0,dell_r6715,3125,0.01,1,160,374,72.8,2.204525,1190230202,Epigenomics
45,9,8,302.32,10,53,8,320,1000,672.0,dell_r6725,3125,0.01,1,320,711,135.0,2.236186,1371412982,Epigenomics
45,9,8,347.65,10,53,8,320,1000,672.0,dell_r6725,3125,0.01,1,320,711,135.0,2.571571,1746336272,Epigenomics
45,9,8,334.88,10,53,8,320,1000,672.0,dell_r6725,3125,0.01,1,320,711,135.0,2.477223,1630543967,Epigenomics
45,9,8,300.36,10,53,8,320,1000,672.0,dell_r6725,3125,0.01,1,320,711,135.0,2.221766,1322381143,Epigenomics
45,9,8,359.26,10,53,8,320,1000,672.0,dell_r6725,3125,0.01,1,320,711,135.0,2.657632,1775835688,Epigenomics
45,9,8,346.12,10,53,8,320,1000,672.0,dell_r6725,3125,0.01,1,320,711,135.0,2.560641,1716885586,Epigenomics
45,9,8,382.47,10,53,8,320,1000,672.0,dell_r6725,3125,0.01,1,320,711,135.0,2.829659,1566685858,Epigenomics
45,9,8,337.67,10,53,8,320,1000,672.0,dell_r6725,3125,0.01,1,320,711,135.0,2.49816,1710423373,Epigenomics
45,9,8,289.44,10,53,8,320,1000,672.0,dell_r6725,3125,0.01,1,320,711,135.0,2.140698,1269380020,Epigenomics
45,9,8,300.75,10,53,8,320,1000,672.0,dell_r6725,3125,0.01,1,320,711,135.0,2.22459,1297380657,Epigenomics
45,9,8,1272.33,10,53,8,344,1000,688.0,lenovo_sr850,3125,0.01,1,344,1578,450.0,2.825768,1851515842,Epigenomics
45,9,8,1189.98,10,53,8,344,1000,688.0,lenovo_sr850,3125,0.01,1,344,1578,450.0,2.642684,1742949642,Epigenomics
45,9,8,957.39,10,53,8,344,1000,688.0,lenovo_sr850,3125,0.01,1,344,1578,450.0,2.125714,1225030595,Epigenomics
45,9,8,931.69,10,53,8,344,1000,688.0,lenovo_sr850,3125,0.01,1,344,1578,450.0,2.068612,1258170714,Epigenomics
45,9,8,1212.41,10,53,8,344,1000,688.0,lenovo_sr850,3125,0.01,1,344,1578,450.0,2.692199,1797826198,Epigenomics
45,9,8,1264.91,10,53,8,344,1000,688.0,lenovo_sr850,3125,0.01,1,344,1578,450.0,2.809012,1818882752,Epigenomics
45,9,8,983.53,10,53,8,344,1000,688.0,lenovo_sr850,3125,0.01,1,344,1578,450.0,2.183735,1247129448,Epigenomics
45,9,8,1199.38,10,53,8,344,1000,688.0,lenovo_sr850,3125,0.01,1,344,1578,450.0,2.663534,1790827515,Epigenomics
45,9,8,1008.82,10,53,8,344,1000,688.0,lenovo_sr850,3125,0.01,1,344,1578,450.0,2.240119,1297180658,Epigenomics
45,9,8,1273.91,10,53,8,344,1000,688.0,lenovo_sr850,3125,0.01,1,344,1578,450.0,2.829199,1735900265,Epigenomics
97,9,8,288.6,23,118,8,160,1000,336.0,dell_r6715,3125,0.01,1,160,374,72.8,3.947229,2579429226,Epigenomics
97,9,8,283.92,23,118,8,160,1000,336.0,dell_r6715,3125,0.01,1,160,374,72.8,3.882027,2399939088,Epigenomics
97,9,8,299.79,23,118,8,160,1000,336.0,dell_r6715,3125,0.01,1,160,374,72.8,4.097361,2611594262,Epigenomics
97,9,8,278.49,23,118,8,160,1000,336.0,dell_r6715,3125,0.01,1,160,374,72.8,3.805433,2299344271,Epigenomics
97,9,8,259.74,23,118,8,160,1000,336.0,dell_r6715,3125,0.01,1,160,374,72.8,3.54701,2163604582,Epigenomics
97,9,8,271.9,23,118,8,160,1000,336.0,dell_r6715,3125,0.01,1,160,374,72.8,3.716822,2337618229,Epigenomics
97,9,8,284.38,23,118,8,160,1000,336.0,dell_r6715,3125,0.01,1,160,374,72.8,3.88648,2533579735,Epigenomics
97,9,8,282.34,23,118,8,160,1000,336.0,dell_r6715,3125,0.01,1,160,374,72.8,3.858487,2595042301,Epigenomics
97,9,8,247.63,23,118,8,160,1000,336.0,dell_r6715,3125,0.01,1,160,374,72.8,3.380871,2238412958,Epigenomics
97,9,8,256.58,23,118,8,160,1000,336.0,dell_r6715,3125,0.01,1,160,374,72.8,3.504082,2113040260,Epigenomics
97,9,8,434.71,23,118,8,320,1000,672.0,dell_r6725,3125,0.01,1,320,711,135.0,3.215411,2078043951,Epigenomics
97,9,8,489.51,23,118,8,320,1000,672.0,dell_r6725,3125,0.01,1,320,711,135.0,3.620704,2464559160,Epigenomics
97,9,8,740.48,23,118,8,320,1000,672.0,dell_r6725,3125,0.01,1,320,711,135.0,5.479914,3138877097,Epigenomics
97,9,8,475.9,23,118,8,320,1000,672.0,dell_r6725,3125,0.01,1,320,711,135.0,3.519728,2522466338,Epigenomics
97,9,8,438.27,23,118,8,320,1000,672.0,dell_r6725,3125,0.01,1,320,711,135.0,3.241106,2095279822,Epigenomics
97,9,8,449.63,23,118,8,320,1000,672.0,dell_r6725,3125,0.01,1,320,711,135.0,3.325463,2056663451,Epigenomics
97,9,8,434.25,23,118,8,320,1000,672.0,dell_r6725,3125,0.01,1,320,711,135.0,3.211881,2014192412,Epigenomics
97,9,8,514.02,23,118,8,320,1000,672.0,dell_r6725,3125,0.01,1,320,711,135.0,3.802861,2598435105,Epigenomics
97,9,8,483.24,23,118,8,320,1000,672.0,dell_r6725,3125,0.01,1,320,711,135.0,3.574092,2236361516,Epigenomics
97,9,8,522.77,23,118,8,320,1000,672.0,dell_r6725,3125,0.01,1,320,711,135.0,3.867556,2294167475,Epigenomics
97,9,8,1764.16,23,118,8,344,1000,688.0,lenovo_sr850,3125,0.01,1,344,1578,450.0,3.917595,2501648113,Epigenomics
97,9,8,1613.28,23,118,8,344,1000,688.0,lenovo_sr850,3125,0.01,1,344,1578,450.0,3.582518,2439294813,Epigenomics
97,9,8,1464.7,23,118,8,344,1000,688.0,lenovo_sr850,3125,0.01,1,344,1578,450.0,3.252323,2234432568,Epigenomics
97,9,8,1431.42,23,118,8,344,1000,688.0,lenovo_sr850,3125,0.01,1,344,1578,450.0,3.178037,2012899584,Epigenomics
97,9,8,1547.12,23,118,8,344,1000,688.0,lenovo_sr850,3125,0.01,1,344,1578,450.0,3.435581,2295059105,Epigenomics
97,9,8,1856.6,23,118,8,344,1000,688.0,lenovo_sr850,3125,0.01,1,344,1578,450.0,4.123114,2820400622,Epigenomics
97,9,8,1652.56,23,118,8,344,1000,688.0,lenovo_sr850,3125,0.01,1,344,1578,450.0,3.669781,2463379433,Epigenomics
97,9,8,1449.39,23,118,8,344,1000,688.0,lenovo_sr850,3125,0.01,1,344,1578,450.0,3.218218,2095574697,Epigenomics
97,9,8,1976.73,23,118,8,344,1000,688.0,lenovo_sr850,3125,0.01,1,344,1578,450.0,4.390176,2843280944,Epigenomics
97,9,8,2127.85,23,118,8,344,1000,688.0,lenovo_sr850,3125,0.01,1,344,1578,450.0,4.725888,2825814569,Epigenomics
145,9,8,339.61,35,178,8,160,1000,336.0,dell_r6715,3125,0.01,1,160,374,72.8,4.638699,3114397178,Epigenomics
145,9,8,367.55,35,178,8,160,1000,336.0,dell_r6715,3125,0.01,1,160,374,72.8,5.023404,3268793716,Epigenomics
145,9,8,345.97,35,178,8,160,1000,336.0,dell_r6715,3125,0.01,1,160,374,72.8,4.727516,3304092106,Epigenomics
145,9,8,330.05,35,178,8,160,1000,336.0,dell_r6715,3125,0.01,1,160,374,72.8,4.507472,2936046571,Epigenomics
145,9,8,394.48,35,178,8,160,1000,336.0,dell_r6715,3125,0.01,1,160,374,72.8,5.392168,3169599469,Epigenomics
145,9,8,415.99,35,178,8,160,1000,336.0,dell_r6715,3125,0.01,1,160,374,72.8,5.690493,3621970364,Epigenomics
145,9,8,338.37,35,178,8,160,1000,336.0,dell_r6715,3125,0.01,1,160,374,72.8,4.624004,2882432921,Epigenomics
145,9,8,381.83,35,178,8,160,1000,336.0,dell_r6715,3125,0.01,1,160,374,72.8,5.220364,3349670009,Epigenomics
145,9,8,326.09,35,178,8,160,1000,336.0,dell_r6715,3125,0.01,1,160,374,72.8,4.454527,2842216395,Epigenomics
145,9,8,331.99,35,178,8,160,1000,336.0,dell_r6715,3125,0.01,1,160,374,72.8,4.532506,2919015069,Epigenomics
145,9,8,663.61,35,178,8,320,1000,672.0,dell_r6725,3125,0.01,1,320,711,135.0,4.909443,3364230018,Epigenomics
145,9,8,571.13,35,178,8,320,1000,672.0,dell_r6725,3125,0.01,1,320,711,135.0,4.223394,2989166128,Epigenomics
145,9,8,821.89,35,178,8,320,1000,672.0,dell_r6725,3125,0.01,1,320,711,135.0,6.081581,3642864227,Epigenomics
145,9,8,655.9,35,178,8,320,1000,672.0,dell_r6725,3125,0.01,1,320,711,135.0,4.852058,3358176845,Epigenomics
145,9,8,641.21,35,178,8,320,1000,672.0,dell_r6725,3125,0.01,1,320,711,135.0,4.743174,3054992971,Epigenomics
145,9,8,621.82,35,178,8,320,1000,672.0,dell_r6725,3125,0.01,1,320,711,135.0,4.600033,3020878665,Epigenomics
145,9,8,559.92,35,178,8,320,1000,672.0,dell_r6725,3125,0.01,1,320,711,135.0,4.141147,2838505945,Epigenomics
145,9,8,672.92,35,178,8,320,1000,672.0,dell_r6725,3125,0.01,1,320,711,135.0,4.978144,3309766181,Epigenomics
145,9,8,608.07,35,178,8,320,1000,672.0,dell_r6725,3125,0.01,1,320,711,135.0,4.498106,3228648950,Epigenomics
145,9,8,588.3,35,178,8,320,1000,672.0,dell_r6725,3125,0.01,1,320,711,135.0,4.351373,3052594113,Epigenomics
145,9,8,1858.63,35,178,8,344,1000,688.0,lenovo_sr850,3125,0.01,1,344,1578,450.0,4.126919,2833983401,Epigenomics
145,9,8,2221.4,35,178,8,344,1000,688.0,lenovo_sr850,3125,0.01,1,344,1578,450.0,4.932761,3042570337,Epigenomics
145,9,8,1972.76,35,178,8,344,1000,688.0,lenovo_sr850,3125,0.01,1,344,1578,450.0,4.380476,2826601406,Epigenomics
145,9,8,2120.93,35,178,8,344,1000,688.0,lenovo_sr850,3125,0.01,1,344,1578,450.0,4.709681,3391491312,Epigenomics
145,9,8,2267.82,35,178,8,344,1000,688.0,lenovo_sr850,3125,0.01,1,344,1578,450.0,5.035963,3174137935,Epigenomics
145,9,8,1986.89,35,178,8,344,1000,688.0,lenovo_sr850,3125,0.01,1,344,1578,450.0,4.411735,2736342409,Epigenomics
145,9,8,2098.56,35,178,8,344,1000,688.0,lenovo_sr850,3125,0.01,1,344,1578,450.0,4.660034,3285539932,Epigenomics
145,9,8,2021.02,35,178,8,344,1000,688.0,lenovo_sr850,3125,0.01,1,344,1578,450.0,4.487379,3247463410,Epigenomics
145,9,8,1897.12,35,178,8,344,1000,688.0,lenovo_sr850,3125,0.01,1,344,1578,450.0,4.212069,2776327137,Epigenomics
145,9,8,1924.76,35,178,8,344,1000,688.0,lenovo_sr850,3125,0.01,1,344,1578,450.0,4.273899,2828775422,Epigenomics
197,9,8,504.61,47,240,8,160,1000,336.0,dell_r6715,3125,0.01,1,160,374,72.8,6.886993,4859041215,Epigenomics
197,9,8,542.76,47,240,8,160,1000,336.0,dell_r6715,3125,0.01,1,160,374,72.8,7.409374,5483004343,Epigenomics
195,9,8,549.29,46,236,8,160,1000,336.0,dell_r6715,3125,0.01,1,160,374,72.8,7.49399,5146273998,Epigenomics
197,9,8,474.29,47,240,8,160,1000,336.0,dell_r6715,3125,0.01,1,160,374,72.8,6.470689,4452158859,Epigenomics
197,9,8,471.94,47,240,8,160,1000,336.0,dell_r6715,3125,0.01,1,160,374,72.8,6.43841,4431208765,Epigenomics
197,9,8,539.94,47,242,8,160,1000,336.0,dell_r6715,3125,0.01,1,160,374,72.8,7.371286,5111507827,Epigenomics
197,9,8,511.78,47,240,8,160,1000,336.0,dell_r6715,3125,0.01,1,160,374,72.8,6.982682,4927928271,Epigenomics
197,9,8,522.43,47,240,8,160,1000,336.0,dell_r6715,3125,0.01,1,160,374,72.8,7.133435,4937486652,Epigenomics
197,9,8,532.51,47,240,8,160,1000,336.0,dell_r6715,3125,0.01,1,160,374,72.8,7.269325,4822689504,Epigenomics
197,9,8,516.11,47,242,8,160,1000,336.0,dell_r6715,3125,0.01,1,160,374,72.8,7.043055,4649100998,Epigenomics
197,9,8,894.16,47,240,8,320,1000,672.0,dell_r6725,3125,0.01,1,320,711,135.0,6.611873,4416212282,Epigenomics
197,9,8,1134.09,47,240,8,320,1000,672.0,dell_r6725,3125,0.01,1,320,711,135.0,8.388832,5606718090,Epigenomics
197,9,8,974.12,47,240,8,320,1000,672.0,dell_r6725,3125,0.01,1,320,711,135.0,7.204024,5200910386,Epigenomics
197,9,8,1071.38,47,240,8,320,1000,672.0,dell_r6725,3125,0.01,1,320,711,135.0,7.924251,5194730646,Epigenomics
197,9,8,969.72,47,240,8,320,1000,672.0,dell_r6725,3125,0.01,1,320,711,135.0,7.17151,5086976768,Epigenomics
197,9,8,959.87,47,242,8,320,1000,672.0,dell_r6725,3125,0.01,1,320,711,135.0,7.098362,4929818770,Epigenomics
197,9,8,910.26,47,240,8,320,1000,672.0,dell_r6725,3125,0.01,1,320,711,135.0,6.73085,4710063198,Epigenomics
197,9,8,1033.86,47,240,8,320,1000,672.0,dell_r6725,3125,0.01,1,320,711,135.0,7.646546,5454747704,Epigenomics
197,9,8,927.4,47,244,8,320,1000,672.0,dell_r6725,3125,0.01,1,320,711,135.0,6.857435,4868046081,Epigenomics
197,9,8,1020.73,47,240,8,320,1000,672.0,dell_r6725,3125,0.01,1,320,711,135.0,7.549421,5316728182,Epigenomics
195,9,8,3054.3,46,236,8,344,1000,688.0,lenovo_sr850,3125,0.01,1,344,1578,450.0,6.780367,4636513344,Epigenomics
197,9,8,3573.38,47,244,8,344,1000,688.0,lenovo_sr850,3125,0.01,1,344,1578,450.0,7.93479,5312322376,Epigenomics
195,9,8,3521.55,46,236,8,344,1000,688.0,lenovo_sr850,3125,0.01,1,344,1578,450.0,7.818657,5338132218,Epigenomics
197,9,8,3408.64,47,240,8,344,1000,688.0,lenovo_sr850,3125,0.01,1,344,1578,450.0,7.56864,5341712918,Epigenomics
197,9,8,3160.88,47,242,8,344,1000,688.0,lenovo_sr850,3125,0.01,1,344,1578,450.0,7.018369,4861002604,Epigenomics
195,9,8,3715.27,46,236,8,344,1000,688.0,lenovo_sr850,3125,0.01,1,344,1578,450.0,8.249081,5840358458,Epigenomics
197,9,8,3589.58,47,244,8,344,1000,688.0,lenovo_sr850,3125,0.01,1,344,1578,450.0,7.970848,5355620798,Epigenomics
197,9,8,3105.51,47,240,8,344,1000,688.0,lenovo_sr850,3125,0.01,1,344,1578,450.0,6.894865,4557912826,Epigenomics
197,9,8,3175.62,47,242,8,344,1000,688.0,lenovo_sr850,3125,0.01,1,344,1578,450.0,7.050512,4712922049,Epigenomics
197,9,8,3148.84,47,240,8,344,1000,688.0,lenovo_sr850,3125,0.01,1,344,1578,450.0,6.991302,4778432752,Epigenomics
245,9,8,545.17,60,303,8,160,1000,336.0,dell_r6715,3125,0.01,1,160,374,72.8,7.451086,4671109559,Epigenomics
245,9,8,549.78,60,303,8,160,1000,336.0,dell_r6715,3125,0.01,1,160,374,72.8,7.514078,5001596263,Epigenomics
245,9,8,484.24,60,303,8,160,1000,336.0,dell_r6715,3125,0.01,1,160,374,72.8,6.615096,4310236016,Epigenomics
245,9,8,500.29,60,303,8,160,1000,336.0,dell_r6715,3125,0.01,1,160,374,72.8,6.834085,4741516300,Epigenomics
245,9,8,503.49,60,303,8,160,1000,336.0,dell_r6715,3125,0.01,1,160,374,72.8,6.878297,4793126861,Epigenomics
245,9,8,451.36,60,303,8,160,1000,336.0,dell_r6715,3125,0.01,1,160,374,72.8,6.164911,4411075667,Epigenomics
245,9,8,436.11,60,303,8,160,1000,336.0,dell_r6715,3125,0.01,1,160,374,72.8,5.952853,4219653575,Epigenomics
245,9,8,462.97,60,303,8,160,1000,336.0,dell_r6715,3125,0.01,1,160,374,72.8,6.321956,4399752443,Epigenomics
245,9,8,534.82,60,303,8,160,1000,336.0,dell_r6715,3125,0.01,1,160,374,72.8,7.30932,5088389595,Epigenomics
245,9,8,554.05,60,303,8,160,1000,336.0,dell_r6715,3125,0.01,1,160,374,72.8,7.570489,4945429729,Epigenomics
245,9,8,901.86,60,303,8,320,1000,672.0,dell_r6725,3125,0.01,1,320,711,135.0,6.670058,4671099291,Epigenomics
245,9,8,891.31,60,303,8,320,1000,672.0,dell_r6725,3125,0.01,1,320,711,135.0,6.591566,4378122604,Epigenomics
245,9,8,905.73,60,303,8,320,1000,672.0,dell_r6725,3125,0.01,1,320,711,135.0,6.699166,4486698715,Epigenomics
245,9,8,912.42,60,303,8,320,1000,672.0,dell_r6725,3125,0.01,1,320,711,135.0,6.748307,4463668071,Epigenomics
245,9,8,959.17,60,303,8,320,1000,672.0,dell_r6725,3125,0.01,1,320,711,135.0,7.095973,4686068682,Epigenomics
245,9,8,962.62,60,303,8,320,1000,672.0,dell_r6725,3125,0.01,1,320,711,135.0,7.120606,4824643307,Epigenomics
245,9,8,897.95,60,303,8,320,1000,672.0,dell_r6725,3125,0.01,1,320,711,135.0,6.641896,4940290338,Epigenomics
245,9,8,1001.82,60,303,8,320,1000,672.0,dell_r6725,3125,0.01,1,320,711,135.0,7.410252,4867206077,Epigenomics
245,9,8,983.4,60,303,8,320,1000,672.0,dell_r6725,3125,0.01,1,320,711,135.0,7.273628,4855099853,Epigenomics
245,9,8,1012.43,60,303,8,320,1000,672.0,dell_r6725,3125,0.01,1,320,711,135.0,7.48948,4946736186,Epigenomics
245,9,8,3131.14,60,303,8,344,1000,688.0,lenovo_sr850,3125,0.01,1,344,1578,450.0,6.952644,4391771560,Epigenomics
245,9,8,2988.03,60,303,8,344,1000,688.0,lenovo_sr850,3125,0.01,1,344,1578,450.0,6.634715,4547787301,Epigenomics
245,9,8,2898.09,60,303,8,344,1000,688.0,lenovo_sr850,3125,0.01,1,344,1578,450.0,6.434898,4294855024,Epigenomics
245,9,8,3137.68,60,303,8,344,1000,688.0,lenovo_sr850,3125,0.01,1,344,1578,450.0,6.96719,4853746089,Epigenomics
245,9,8,2949.68,60,303,8,344,1000,688.0,lenovo_sr850,3125,0.01,1,344,1578,450.0,6.549389,4503151735,Epigenomics
245,9,8,3145.23,60,303,8,344,1000,688.0,lenovo_sr850,3125,0.01,1,344,1578,450.0,6.983833,4524590471,Epigenomics
245,9,8,2932.94,60,303,8,344,1000,688.0,lenovo_sr850,3125,0.01,1,344,1578,450.0,6.512409,4619696027,Epigenomics
245,9,8,3274.41,60,303,8,344,1000,688.0,lenovo_sr850,3125,0.01,1,344,1578,450.0,7.271069,4811939170,Epigenomics
245,9,8,2935.14,60,303,8,344,1000,688.0,lenovo_sr850,3125,0.01,1,344,1578,450.0,6.516644,4465154019,Epigenomics
245,9,8,3032.46,60,303,8,344,1000,688.0,lenovo_sr850,3125,0.01,1,344,1578,450.0,6.733529,4309932362,Epigenomics
295,9,8,693.61,71,361,8,160,1000,336.0,dell_r6715,3125,0.01,1,160,374,72.8,9.461445,6611190440,Epigenomics
297,9,8,774.23,71,366,8,160,1000,336.0,dell_r6715,3125,0.01,1,160,374,72.8,10.562915,7499191710,Epigenomics
295,9,8,711.9,71,363,8,160,1000,336.0,dell_r6715,3125,0.01,1,160,374,72.8,9.716511,6518246157,Epigenomics
297,9,8,754.99,71,366,8,160,1000,336.0,dell_r6715,3125,0.01,1,160,374,72.8,10.297931,6816207345,Epigenomics
295,9,8,676.25,71,361,8,160,1000,336.0,dell_r6715,3125,0.01,1,160,374,72.8,9.223141,6275204387,Epigenomics
295,9,8,758.47,71,361,8,160,1000,336.0,dell_r6715,3125,0.01,1,160,374,72.8,10.35405,6752061454,Epigenomics
295,9,8,816.69,70,366,8,160,1000,336.0,dell_r6715,3125,0.01,1,160,374,72.8,11.142263,7877856409,Epigenomics
297,9,8,705.15,71,362,8,160,1000,336.0,dell_r6715,3125,0.01,1,160,374,72.8,9.616266,6324527440,Epigenomics
297,9,8,758.74,71,376,8,160,1000,336.0,dell_r6715,3125,0.01,1,160,374,72.8,10.350359,6982909642,Epigenomics
297,9,8,857.16,71,374,8,160,1000,336.0,dell_r6715,3125,0.01,1,160,374,72.8,11.702325,7836713983,Epigenomics
297,9,8,1496.53,71,362,8,320,1000,672.0,dell_r6725,3125,0.01,1,320,711,135.0,11.068221,7890672804,Epigenomics
295,9,8,1541.01,70,372,8,320,1000,672.0,dell_r6725,3125,0.01,1,320,711,135.0,11.39496,7904698974,Epigenomics
297,9,8,1371.67,71,374,8,320,1000,672.0,dell_r6725,3125,0.01,1,320,711,135.0,10.142499,6783616512,Epigenomics
297,9,8,1403.33,71,368,8,320,1000,672.0,dell_r6725,3125,0.01,1,320,711,135.0,10.376887,7215757004,Epigenomics
297,9,8,1516.29,71,364,8,320,1000,672.0,dell_r6725,3125,0.01,1,320,711,135.0,11.213506,8061216384,Epigenomics
297,9,8,1435.51,71,366,8,320,1000,672.0,dell_r6725,3125,0.01,1,320,711,135.0,10.615602,7432050281,Epigenomics
297,9,8,1416.01,71,362,8,320,1000,672.0,dell_r6725,3125,0.01,1,320,711,135.0,10.470727,7485094672,Epigenomics
295,9,8,1332.98,71,361,8,320,1000,672.0,dell_r6725,3125,0.01,1,320,711,135.0,9.857243,6661303367,Epigenomics
295,9,8,1364.84,71,367,8,320,1000,672.0,dell_r6725,3125,0.01,1,320,711,135.0,10.093116,7368312830,Epigenomics
297,9,8,1517.63,71,368,8,320,1000,672.0,dell_r6725,3125,0.01,1,320,711,135.0,11.223256,7939771707,Epigenomics
297,9,8,4623.88,71,362,8,344,1000,688.0,lenovo_sr850,3125,0.01,1,344,1578,450.0,10.26551,6883901674,Epigenomics
297,9,8,4795.04,71,370,8,344,1000,688.0,lenovo_sr850,3125,0.01,1,344,1578,450.0,10.645635,7639372805,Epigenomics
297,9,8,4589.86,71,372,8,344,1000,688.0,lenovo_sr850,3125,0.01,1,344,1578,450.0,10.1899,7170613223,Epigenomics
295,9,8,4858.82,71,369,8,344,1000,688.0,lenovo_sr850,3125,0.01,1,344,1578,450.0,10.788606,7571458642,Epigenomics
297,9,8,4356.68,71,364,8,344,1000,688.0,lenovo_sr850,3125,0.01,1,344,1578,450.0,9.671968,6628807652,Epigenomics
297,9,8,5348.57,71,366,8,344,1000,688.0,lenovo_sr850,3125,0.01,1,344,1578,450.0,11.875925,8341894112,Epigenomics
295,9,8,4728.21,70,364,8,344,1000,688.0,lenovo_sr850,3125,0.01,1,344,1578,450.0,10.49639,7166943351,Epigenomics
295,9,8,4479.16,71,363,8,344,1000,688.0,lenovo_sr850,3125,0.01,1,344,1578,450.0,9.944881,6836253598,Epigenomics
295,9,8,4394.57,71,361,8,344,1000,688.0,lenovo_sr850,3125,0.01,1,344,1578,450.0,9.756524,6952058842,Epigenomics
295,9,8,4352.26,71,365,8,344,1000,688.0,lenovo_sr850,3125,0.01,1,344,1578,450.0,9.662714,6951321149,Epigenomics
397,9,8,1105.19,95,502,8,160,1000,336.0,dell_r6715,3125,0.01,1,160,374,72.8,15.081206,10739664240,Epigenomics
395,9,8,974.4,95,495,8,160,1000,336.0,dell_r6715,3125,0.01,1,160,374,72.8,13.294021,9007915166,Epigenomics
395,9,8,1012.97,95,493,8,160,1000,336.0,dell_r6715,3125,0.01,1,160,374,72.8,13.824181,9535668882,Epigenomics
395,9,8,971.1,95,487,8,160,1000,336.0,dell_r6715,3125,0.01,1,160,374,72.8,13.250201,9243349182,Epigenomics
395,9,8,1011.41,95,483,8,160,1000,336.0,dell_r6715,3125,0.01,1,160,374,72.8,13.801163,9910230166,Epigenomics
395,9,8,1018.21,95,519,8,160,1000,336.0,dell_r6715,3125,0.01,1,160,374,72.8,13.894358,9723763630,Epigenomics
397,9,8,902.12,96,495,8,160,1000,336.0,dell_r6715,3125,0.01,1,160,374,72.8,12.309647,8632298965,Epigenomics
395,9,8,914.8,95,493,8,160,1000,336.0,dell_r6715,3125,0.01,1,160,374,72.8,12.475392,8669126800,Epigenomics
395,9,8,991.81,95,499,8,160,1000,336.0,dell_r6715,3125,0.01,1,160,374,72.8,13.531551,9372319261,Epigenomics
395,9,8,892.87,95,495,8,160,1000,336.0,dell_r6715,3125,0.01,1,160,374,72.8,12.169979,8046338640,Epigenomics
395,9,8,1764.38,95,491,8,320,1000,672.0,dell_r6725,3125,0.01,1,320,711,135.0,13.04572,9081901582,Epigenomics
395,9,8,1770.96,95,491,8,320,1000,672.0,dell_r6725,3125,0.01,1,320,711,135.0,13.095839,9145615401,Epigenomics
397,9,8,1993.67,95,490,8,320,1000,672.0,dell_r6725,3125,0.01,1,320,711,135.0,14.743624,10378604756,Epigenomics
397,9,8,2005.22,95,486,8,320,1000,672.0,dell_r6725,3125,0.01,1,320,711,135.0,14.828755,10446056031,Epigenomics
395,9,8,2045.89,94,488,8,320,1000,672.0,dell_r6725,3125,0.01,1,320,711,135.0,15.128867,10600713332,Epigenomics
397,9,8,1697.08,96,499,8,320,1000,672.0,dell_r6725,3125,0.01,1,320,711,135.0,12.549844,8745158514,Epigenomics
395,9,8,1826.14,95,485,8,320,1000,672.0,dell_r6725,3125,0.01,1,320,711,135.0,13.503019,9588843950,Epigenomics
397,9,8,2036.01,95,496,8,320,1000,672.0,dell_r6725,3125,0.01,1,320,711,135.0,15.056283,10361501651,Epigenomics
395,9,8,1824.84,95,489,8,320,1000,672.0,dell_r6725,3125,0.01,1,320,711,135.0,13.49479,9617728864,Epigenomics
395,9,8,1875.37,94,486,8,320,1000,672.0,dell_r6725,3125,0.01,1,320,711,135.0,13.865785,9431636448,Epigenomics
397,9,8,6232.65,95,490,8,344,1000,688.0,lenovo_sr850,3125,0.01,1,344,1578,450.0,13.837215,9776813939,Epigenomics
397,9,8,6785.67,95,488,8,344,1000,688.0,lenovo_sr850,3125,0.01,1,344,1578,450.0,15.065559,11005096348,Epigenomics
395,9,8,5672.46,95,501,8,344,1000,688.0,lenovo_sr850,3125,0.01,1,344,1578,450.0,12.593267,8618996669,Epigenomics
397,9,8,6522.68,95,488,8,344,1000,688.0,lenovo_sr850,3125,0.01,1,344,1578,450.0,14.481276,9891229512,Epigenomics
397,9,8,5759.88,96,499,8,344,1000,688.0,lenovo_sr850,3125,0.01,1,344,1578,450.0,12.787921,9200538756,Epigenomics
395,9,8,7525.54,94,482,8,344,1000,688.0,lenovo_sr850,3125,0.01,1,344,1578,450.0,16.709147,11821135720,Epigenomics
395,9,8,6415.42,95,493,8,344,1000,688.0,lenovo_sr850,3125,0.01,1,344,1578,450.0,14.244039,9995125630,Epigenomics
395,9,8,6502.65,94,480,8,344,1000,688.0,lenovo_sr850,3125,0.01,1,344,1578,450.0,14.436094,10343066579,Epigenomics
395,9,8,7860.58,95,493,8,344,1000,688.0,lenovo_sr850,3125,0.01,1,344,1578,450.0,17.455195,11254407632,Epigenomics
397,9,8,6549.08,95,486,8,344,1000,688.0,lenovo_sr850,3125,0.01,1,344,1578,450.0,14.540149,10334973089,Epigenomics
495,9,8,1172.92,120,608,8,160,1000,336.0,dell_r6715,3125,0.01,1,160,374,72.8,16.012955,11459431459,Epigenomics
497,9,8,1286.16,120,609,8,160,1000,336.0,dell_r6715,3125,0.01,1,160,374,72.8,17.557759,12623196390,Epigenomics
495,9,8,1098.05,120,610,8,160,1000,336.0,dell_r6715,3125,0.01,1,160,374,72.8,14.98292,10708730859,Epigenomics
497,9,8,1211.85,120,609,8,160,1000,336.0,dell_r6715,3125,0.01,1,160,374,72.8,16.537305,11866515945,Epigenomics
495,9,8,1078.85,120,608,8,160,1000,336.0,dell_r6715,3125,0.01,1,160,374,72.8,14.7191,10585687120,Epigenomics
495,9,8,1137.12,120,608,8,160,1000,336.0,dell_r6715,3125,0.01,1,160,374,72.8,15.51593,10957556592,Epigenomics
495,9,8,1101.2,120,608,8,160,1000,336.0,dell_r6715,3125,0.01,1,160,374,72.8,15.02411,10449729733,Epigenomics
495,9,8,1201.6,120,612,8,160,1000,336.0,dell_r6715,3125,0.01,1,160,374,72.8,16.401182,11424524474,Epigenomics
495,9,8,1253.81,120,608,8,160,1000,336.0,dell_r6715,3125,0.01,1,160,374,72.8,17.12291,11819471511,Epigenomics
495,9,8,1105.61,120,608,8,160,1000,336.0,dell_r6715,3125,0.01,1,160,374,72.8,15.088747,10146292122,Epigenomics
495,9,8,2165.0,120,610,8,320,1000,672.0,dell_r6725,3125,0.01,1,320,711,135.0,16.010589,11231021870,Epigenomics
495,9,8,2113.85,120,608,8,320,1000,672.0,dell_r6725,3125,0.01,1,320,711,135.0,15.631666,10835219330,Epigenomics
497,9,8,2130.31,120,609,8,320,1000,672.0,dell_r6725,3125,0.01,1,320,711,135.0,15.750642,11371867160,Epigenomics
495,9,8,2149.61,120,608,8,320,1000,672.0,dell_r6725,3125,0.01,1,320,711,135.0,15.896522,11136609485,Epigenomics
495,9,8,1999.22,120,608,8,320,1000,672.0,dell_r6725,3125,0.01,1,320,711,135.0,14.782337,10322279523,Epigenomics
495,9,8,1931.18,120,608,8,320,1000,672.0,dell_r6725,3125,0.01,1,320,711,135.0,14.278257,10206755077,Epigenomics
497,9,8,2140.61,120,609,8,320,1000,672.0,dell_r6725,3125,0.01,1,320,711,135.0,15.827146,11192368869,Epigenomics
495,9,8,2063.5,120,608,8,320,1000,672.0,dell_r6725,3125,0.01,1,320,711,135.0,15.258706,10748438187,Epigenomics
495,9,8,2181.91,120,608,8,320,1000,672.0,dell_r6725,3125,0.01,1,320,711,135.0,16.135117,11224700167,Epigenomics
495,9,8,2181.09,120,608,8,320,1000,672.0,dell_r6725,3125,0.01,1,320,711,135.0,16.129554,11250224497,Epigenomics
495,9,8,6982.05,120,608,8,344,1000,688.0,lenovo_sr850,3125,0.01,1,344,1578,450.0,15.501455,10974791942,Epigenomics
495,9,8,6865.25,120,610,8,344,1000,688.0,lenovo_sr850,3125,0.01,1,344,1578,450.0,15.24226,10558799183,Epigenomics
497,9,8,6906.53,120,609,8,344,1000,688.0,lenovo_sr850,3125,0.01,1,344,1578,450.0,15.333124,10292646956,Epigenomics
495,9,8,6530.64,120,608,8,344,1000,688.0,lenovo_sr850,3125,0.01,1,344,1578,450.0,14.498563,10491120082,Epigenomics
495,9,8,7046.21,120,608,8,344,1000,688.0,lenovo_sr850,3125,0.01,1,344,1578,450.0,15.644596,10605039352,Epigenomics
495,9,8,7177.19,120,608,8,344,1000,688.0,lenovo_sr850,3125,0.01,1,344,1578,450.0,15.93533,10958479768,Epigenomics
495,9,8,7248.0,120,608,8,344,1000,688.0,lenovo_sr850,3125,0.01,1,344,1578,450.0,16.092412,11528421349,Epigenomics
495,9,8,7221.98,120,608,8,344,1000,688.0,lenovo_sr850,3125,0.01,1,344,1578,450.0,16.035131,11683189706,Epigenomics
495,9,8,6933.83,120,608,8,344,1000,688.0,lenovo_sr850,3125,0.01,1,344,1578,450.0,15.394512,11068673109,Epigenomics
495,9,8,6815.41,120,608,8,344,1000,688.0,lenovo_sr850,3125,0.01,1,344,1578,450.0,15.130745,10826974135,Epigenomics
697,9,8,1698.87,169,860,8,160,1000,336.0,dell_r6715,3125,0.01,1,160,374,72.8,23.190675,16453856750,Epigenomics
695,9,8,1604.83,169,855,8,160,1000,336.0,dell_r6715,3125,0.01,1,160,374,72.8,21.897741,15862435566,Epigenomics
695,9,8,1499.8,169,857,8,160,1000,336.0,dell_r6715,3125,0.01,1,160,374,72.8,20.459396,14124338182,Epigenomics
695,9,8,1505.49,169,859,8,160,1000,336.0,dell_r6715,3125,0.01,1,160,374,72.8,20.534275,14334986639,Epigenomics
697,9,8,1578.66,169,860,8,160,1000,336.0,dell_r6715,3125,0.01,1,160,374,72.8,21.539196,15158102407,Epigenomics
697,9,8,1536.79,169,860,8,160,1000,336.0,dell_r6715,3125,0.01,1,160,374,72.8,20.961764,14338439564,Epigenomics
697,9,8,1622.83,169,860,8,160,1000,336.0,dell_r6715,3125,0.01,1,160,374,72.8,22.144441,15457026434,Epigenomics
695,9,8,1541.71,169,857,8,160,1000,336.0,dell_r6715,3125,0.01,1,160,374,72.8,21.035832,15186479523,Epigenomics
695,9,8,1441.79,169,857,8,160,1000,336.0,dell_r6715,3125,0.01,1,160,374,72.8,19.658451,13869137570,Epigenomics
695,9,8,1584.48,169,855,8,160,1000,336.0,dell_r6715,3125,0.01,1,160,374,72.8,21.622654,15801198193,Epigenomics
697,9,8,2657.21,170,859,8,320,1000,672.0,dell_r6725,3125,0.01,1,320,711,135.0,19.648675,14354734312,Epigenomics
695,9,8,2887.21,169,857,8,320,1000,672.0,dell_r6725,3125,0.01,1,320,711,135.0,21.350474,14656553280,Epigenomics
695,9,8,2919.67,169,859,8,320,1000,672.0,dell_r6725,3125,0.01,1,320,711,135.0,21.591519,15893819945,Epigenomics
697,9,8,2985.81,169,856,8,320,1000,672.0,dell_r6725,3125,0.01,1,320,711,135.0,22.079512,15572010404,Epigenomics
695,9,8,2877.95,169,855,8,320,1000,672.0,dell_r6725,3125,0.01,1,320,711,135.0,21.281766,15096501689,Epigenomics
695,9,8,3055.9,169,857,8,320,1000,672.0,dell_r6725,3125,0.01,1,320,711,135.0,22.59952,15986734188,Epigenomics
695,9,8,2688.58,169,857,8,320,1000,672.0,dell_r6725,3125,0.01,1,320,711,135.0,19.878573,14176272364,Epigenomics
695,9,8,2990.7,169,859,8,320,1000,672.0,dell_r6725,3125,0.01,1,320,711,135.0,22.116498,15842377715,Epigenomics
695,9,8,2796.95,169,857,8,320,1000,672.0,dell_r6725,3125,0.01,1,320,711,135.0,20.681579,14361497874,Epigenomics
695,9,8,2701.49,169,855,8,320,1000,672.0,dell_r6725,3125,0.01,1,320,711,135.0,19.973573,14495460265,Epigenomics
697,9,8,10098.99,169,856,8,344,1000,688.0,lenovo_sr850,3125,0.01,1,344,1578,450.0,22.421464,15604459102,Epigenomics
695,9,8,9706.95,169,857,8,344,1000,688.0,lenovo_sr850,3125,0.01,1,344,1578,450.0,21.551867,15360227088,Epigenomics
695,9,8,10016.52,169,857,8,344,1000,688.0,lenovo_sr850,3125,0.01,1,344,1578,450.0,22.239454,16198199442,Epigenomics
695,9,8,9818.63,169,861,8,344,1000,688.0,lenovo_sr850,3125,0.01,1,344,1578,450.0,21.799651,15391073053,Epigenomics
697,9,8,9651.15,169,856,8,344,1000,688.0,lenovo_sr850,3125,0.01,1,344,1578,450.0,21.42703,15312347295,Epigenomics
695,9,8,10112.76,169,859,8,344,1000,688.0,lenovo_sr850,3125,0.01,1,344,1578,450.0,22.453145,15745796126,Epigenomics
697,9,8,10186.84,169,856,8,344,1000,688.0,lenovo_sr850,3125,0.01,1,344,1578,450.0,22.617636,16102534393,Epigenomics
695,9,8,9986.46,169,863,8,344,1000,688.0,lenovo_sr850,3125,0.01,1,344,1578,450.0,22.173377,16063376065,Epigenomics
695,9,8,9107.65,169,861,8,344,1000,688.0,lenovo_sr850,3125,0.01,1,344,1578,450.0,20.220021,13476361701,Epigenomics
695,9,8,9502.49,169,857,8,344,1000,688.0,lenovo_sr850,3125,0.01,1,344,1578,450.0,21.096803,14728576253,Epigenomics
997,9,8,2041.58,245,1234,8,160,1000,336.0,dell_r6715,3125,0.01,1,160,374,72.8,27.868796,19799360048,Epigenomics
997,9,8,1954.52,245,1234,8,160,1000,336.0,dell_r6715,3125,0.01,1,160,374,72.8,26.679228,18986158720,Epigenomics
997,9,8,1992.54,245,1234,8,160,1000,336.0,dell_r6715,3125,0.01,1,160,374,72.8,27.198379,19683752400,Epigenomics
997,9,8,1990.48,245,1236,8,160,1000,336.0,dell_r6715,3125,0.01,1,160,374,72.8,27.166668,19461837000,Epigenomics
997,9,8,1989.85,245,1234,8,160,1000,336.0,dell_r6715,3125,0.01,1,160,374,72.8,27.162386,19221798432,Epigenomics
997,9,8,1985.57,245,1234,8,160,1000,336.0,dell_r6715,3125,0.01,1,160,374,72.8,27.10025,19252733808,Epigenomics
997,9,8,2038.2,245,1236,8,160,1000,336.0,dell_r6715,3125,0.01,1,160,374,72.8,27.82656,19716010800,Epigenomics
997,9,8,1986.64,245,1234,8,160,1000,336.0,dell_r6715,3125,0.01,1,160,374,72.8,27.112274,19244677218,Epigenomics
997,9,8,2063.45,245,1236,8,160,1000,336.0,dell_r6715,3125,0.01,1,160,374,72.8,28.175934,19877905784,Epigenomics
997,9,8,1983.53,245,1234,8,160,1000,336.0,dell_r6715,3125,0.01,1,160,374,72.8,27.069393,19089214151,Epigenomics
997,9,8,3779.72,245,1234,8,320,1000,672.0,dell_r6725,3125,0.01,1,320,711,135.0,27.952015,19683757932,Epigenomics
997,9,8,3507.75,245,1238,8,320,1000,672.0,dell_r6725,3125,0.01,1,320,711,135.0,25.938705,18484269503,Epigenomics
995,9,8,3635.87,245,1233,8,320,1000,672.0,dell_r6725,3125,0.01,1,320,711,135.0,26.88917,19402134423,Epigenomics
997,9,8,3575.08,245,1234,8,320,1000,672.0,dell_r6725,3125,0.01,1,320,711,135.0,26.437222,18859391809,Epigenomics
997,9,8,3778.85,245,1236,8,320,1000,672.0,dell_r6725,3125,0.01,1,320,711,135.0,27.947875,19417930444,Epigenomics
997,9,8,3574.4,245,1234,8,320,1000,672.0,dell_r6725,3125,0.01,1,320,711,135.0,26.431814,19314636573,Epigenomics
995,9,8,3631.34,245,1233,8,320,1000,672.0,dell_r6725,3125,0.01,1,320,711,135.0,26.85309,18342004034,Epigenomics
997,9,8,3624.44,245,1236,8,320,1000,672.0,dell_r6725,3125,0.01,1,320,711,135.0,26.803659,18909591018,Epigenomics
997,9,8,3734.3,245,1234,8,320,1000,672.0,dell_r6725,3125,0.01,1,320,711,135.0,27.616612,19208206771,Epigenomics
997,9,8,3382.82,245,1234,8,320,1000,672.0,dell_r6725,3125,0.01,1,320,711,135.0,25.014072,18370669355,Epigenomics
997,9,8,12039.92,245,1234,8,344,1000,688.0,lenovo_sr850,3125,0.01,1,344,1578,450.0,26.731953,19642016090,Epigenomics
997,9,8,12653.23,245,1234,8,344,1000,688.0,lenovo_sr850,3125,0.01,1,344,1578,450.0,28.094976,20055297444,Epigenomics
997,9,8,12618.61,245,1234,8,344,1000,688.0,lenovo_sr850,3125,0.01,1,344,1578,450.0,28.017458,19647301017,Epigenomics
997,9,8,13069.55,245,1236,8,344,1000,688.0,lenovo_sr850,3125,0.01,1,344,1578,450.0,29.019223,20471491639,Epigenomics
997,9,8,11644.61,245,1236,8,344,1000,688.0,lenovo_sr850,3125,0.01,1,344,1578,450.0,25.853776,18332986369,Epigenomics
997,9,8,12313.58,245,1234,8,344,1000,688.0,lenovo_sr850,3125,0.01,1,344,1578,450.0,27.340329,19477663236,Epigenomics
997,9,8,11941.41,245,1234,8,344,1000,688.0,lenovo_sr850,3125,0.01,1,344,1578,450.0,26.512273,18719927008,Epigenomics
997,9,8,11616.08,245,1234,8,344,1000,688.0,lenovo_sr850,3125,0.01,1,344,1578,450.0,25.789382,18006117296,Epigenomics
997,9,8,12237.79,245,1234,8,344,1000,688.0,lenovo_sr850,3125,0.01,1,344,1578,450.0,27.171233,19679162052,Epigenomics
995,9,8,11502.81,245,1233,8,344,1000,688.0,lenovo_sr850,3125,0.01,1,344,1578,450.0,25.538707,18010627667,Epigenomics
96,11,10,16740.51,50,194,12,160,1000,336.0,dell_r6715,3125,0.01,1,160,374,72.8,229.757195,229465272000,Soykb
96,11,10,16748.06,50,194,12,160,1000,336.0,dell_r6715,3125,0.01,1,160,374,72.8,229.83514,229465406937,Soykb
96,11,10,16744.75,50,194,12,160,1000,336.0,dell_r6715,3125,0.01,1,160,374,72.8,229.807403,229465333961,Soykb
96,11,10,16742.69,50,194,12,160,1000,336.0,dell_r6715,3125,0.01,1,160,374,72.8,229.796113,229465531565,Soykb
96,11,10,16741.77,50,194,12,160,1000,336.0,dell_r6715,3125,0.01,1,160,374,72.8,229.74889,229465311047,Soykb
96,11,10,16752.28,50,194,12,160,1000,336.0,dell_r6715,3125,0.01,1,160,374,72.8,229.900673,229465322592,Soykb
96,11,10,16748.32,50,194,12,160,1000,336.0,dell_r6715,3125,0.01,1,160,374,72.8,229.865701,229465515134,Soykb
96,11,10,16751.36,50,194,12,160,1000,336.0,dell_r6715,3125,0.01,1,160,374,72.8,229.878833,229465321813,Soykb
96,11,10,16746.48,50,194,12,160,1000,336.0,dell_r6715,3125,0.01,1,160,374,72.8,229.831936,229465294470,Soykb
96,11,10,16745.81,50,194,12,160,1000,336.0,dell_r6715,3125,0.01,1,160,374,72.8,229.808302,229465340317,Soykb
96,11,10,31013.24,50,194,12,320,1000,672.0,dell_r6725,3125,0.01,1,320,711,135.0,229.670764,229465270388,Soykb
96,11,10,31007.69,50,194,12,320,1000,672.0,dell_r6725,3125,0.01,1,320,711,135.0,229.635905,229465289441,Soykb
96,11,10,31008.03,50,194,12,320,1000,672.0,dell_r6725,3125,0.01,1,320,711,135.0,229.637143,229465280509,Soykb
96,11,10,31012.46,50,194,12,320,1000,672.0,dell_r6725,3125,0.01,1,320,711,135.0,229.676711,229465257625,Soykb
96,11,10,31009.05,50,194,12,320,1000,672.0,dell_r6725,3125,0.01,1,320,711,135.0,229.645455,229465416989,Soykb
96,11,10,31012.49,50,194,12,320,1000,672.0,dell_r6725,3125,0.01,1,320,711,135.0,229.674367,229465314852,Soykb
96,11,10,31015.78,50,194,12,320,1000,672.0,dell_r6725,3125,0.01,1,320,711,135.0,229.694324,229465341822,Soykb
96,11,10,31014.74,50,194,12,320,1000,672.0,dell_r6725,3125,0.01,1,320,711,135.0,229.683578,229465225131,Soykb
96,11,10,31013.64,50,194,12,320,1000,672.0,dell_r6725,3125,0.01,1,320,711,135.0,229.675203,229465388025,Soykb
96,11,10,31018.94,50,194,12,320,1000,672.0,dell_r6725,3125,0.01,1,320,711,135.0,229.713441,229465459878,Soykb
96,11,10,103363.21,50,194,12,344,1000,688.0,lenovo_sr850,3125,0.01,1,344,1578,450.0,229.666162,229465408464,Soykb
96,11,10,103343.16,50,194,12,344,1000,688.0,lenovo_sr850,3125,0.01,1,344,1578,450.0,229.626285,229465317977,Soykb
96,11,10,103362.87,50,194,12,344,1000,688.0,lenovo_sr850,3125,0.01,1,344,1578,450.0,229.66504,229465437262,Soykb
96,11,10,103352.31,50,194,12,344,1000,688.0,lenovo_sr850,3125,0.01,1,344,1578,450.0,229.644532,229465236463,Soykb
96,11,10,103368.21,50,194,12,344,1000,688.0,lenovo_sr850,3125,0.01,1,344,1578,450.0,229.679242,229465352079,Soykb
96,11,10,103330.7,50,194,12,344,1000,688.0,lenovo_sr850,3125,0.01,1,344,1578,450.0,229.599387,229465360071,Soykb
96,11,10,103370.93,50,194,12,344,1000,688.0,lenovo_sr850,3125,0.01,1,344,1578,450.0,229.685422,229465319252,Soykb
96,11,10,103351.28,50,194,12,344,1000,688.0,lenovo_sr850,3125,0.01,1,344,1578,450.0,229.640445,229465479563,Soykb
96,11,10,103362.5,50,194,12,344,1000,688.0,lenovo_sr850,3125,0.01,1,344,1578,450.0,229.667024,229465372593,Soykb
96,11,10,103351.88,50,194,12,344,1000,688.0,lenovo_sr850,3125,0.01,1,344,1578,450.0,229.644142,229465396180,Soykb
146,11,10,25816.42,85,320,12,160,1000,336.0,dell_r6715,3125,0.01,1,160,374,72.8,354.300098,353878902028,Soykb
144,11,10,26582.72,90,322,12,160,1000,336.0,dell_r6715,3125,0.01,1,160,374,72.8,364.822006,364474866099,Soykb
146,11,10,25814.67,85,320,12,160,1000,336.0,dell_r6715,3125,0.01,1,160,374,72.8,354.270023,353878651606,Soykb
146,11,10,25809.22,85,320,12,160,1000,336.0,dell_r6715,3125,0.01,1,160,374,72.8,354.231831,353878994925,Soykb
146,11,10,25811.13,85,320,12,160,1000,336.0,dell_r6715,3125,0.01,1,160,374,72.8,354.252375,353878955042,Soykb
146,11,10,25810.24,85,320,12,160,1000,336.0,dell_r6715,3125,0.01,1,160,374,72.8,354.238976,353878992000,Soykb
146,11,10,25814.09,85,320,12,160,1000,336.0,dell_r6715,3125,0.01,1,160,374,72.8,354.280237,353878976712,Soykb
148,11,10,26813.72,90,332,12,160,1000,336.0,dell_r6715,3125,0.01,1,160,374,72.8,367.982508,367614980993,Soykb
146,11,10,25813.2,85,320,12,160,1000,336.0,dell_r6715,3125,0.01,1,160,374,72.8,354.26238,353878883425,Soykb
146,11,10,25810.91,85,320,12,160,1000,336.0,dell_r6715,3125,0.01,1,160,374,72.8,354.246478,353879098379,Soykb
146,11,10,47808.22,85,320,12,320,1000,672.0,dell_r6725,3125,0.01,1,320,711,135.0,354.059105,353878930069,Soykb
146,11,10,47817.63,85,320,12,320,1000,672.0,dell_r6725,3125,0.01,1,320,711,135.0,354.122532,353878979194,Soykb
146,11,10,47815.55,85,320,12,320,1000,672.0,dell_r6725,3125,0.01,1,320,711,135.0,354.103893,353879011201,Soykb
148,11,10,49665.25,90,332,12,320,1000,672.0,dell_r6725,3125,0.01,1,320,711,135.0,367.812091,367615073208,Soykb
146,11,10,47810.15,85,320,12,320,1000,672.0,dell_r6725,3125,0.01,1,320,711,135.0,354.072405,353879004035,Soykb
146,11,10,47814.02,85,320,12,320,1000,672.0,dell_r6725,3125,0.01,1,320,711,135.0,354.09691,353879132316,Soykb
146,11,10,47812.29,85,320,12,320,1000,672.0,dell_r6725,3125,0.01,1,320,711,135.0,354.091796,353879201555,Soykb
144,11,10,45959.77,80,302,12,320,1000,672.0,dell_r6725,3125,0.01,1,320,711,135.0,340.365653,340142950982,Soykb
148,11,10,49665.02,90,332,12,320,1000,672.0,dell_r6725,3125,0.01,1,320,711,135.0,367.818823,367615000195,Soykb
144,11,10,45962.13,80,302,12,320,1000,672.0,dell_r6725,3125,0.01,1,320,711,135.0,340.387982,340142966799,Soykb
146,11,10,159351.13,85,320,12,344,1000,688.0,lenovo_sr850,3125,0.01,1,344,1578,450.0,354.071075,353879033851,Soykb
146,11,10,159350.5,85,320,12,344,1000,688.0,lenovo_sr850,3125,0.01,1,344,1578,450.0,354.073419,353878980134,Soykb
146,11,10,159349.19,85,320,12,344,1000,688.0,lenovo_sr850,3125,0.01,1,344,1578,450.0,354.069973,353878886397,Soykb
146,11,10,159355.87,85,320,12,344,1000,688.0,lenovo_sr850,3125,0.01,1,344,1578,450.0,354.082922,353878987866,Soykb
146,11,10,159360.35,85,320,12,344,1000,688.0,lenovo_sr850,3125,0.01,1,344,1578,450.0,354.097319,353878874485,Soykb
144,11,10,153175.87,80,302,12,344,1000,688.0,lenovo_sr850,3125,0.01,1,344,1578,450.0,340.34678,340143012245,Soykb
146,11,10,159352.43,85,320,12,344,1000,688.0,lenovo_sr850,3125,0.01,1,344,1578,450.0,354.076168,353878911690,Soykb
146,11,10,159360.36,85,320,12,344,1000,688.0,lenovo_sr850,3125,0.01,1,344,1578,450.0,354.091236,353878987932,Soykb
146,11,10,159348.51,85,320,12,344,1000,688.0,lenovo_sr850,3125,0.01,1,344,1578,450.0,354.068873,353878982731,Soykb
146,11,10,159361.91,85,320,12,344,1000,688.0,lenovo_sr850,3125,0.01,1,344,1578,450.0,354.096084,353878896849,Soykb
198,11,10,35875.29,125,473,12,160,1000,336.0,dell_r6715,3125,0.01,1,160,374,72.8,492.39992,492028722651,Soykb
194,11,10,33876.96,115,437,12,160,1000,336.0,dell_r6715,3125,0.01,1,160,374,72.8,464.9755,464556516446,Soykb
194,11,10,33876.0,115,437,12,160,1000,336.0,dell_r6715,3125,0.01,1,160,374,72.8,464.98846,464556578932,Soykb
196,11,10,34875.29,120,458,12,160,1000,336.0,dell_r6715,3125,0.01,1,160,374,72.8,478.672219,478292369518,Soykb
196,11,10,34880.91,120,458,12,160,1000,336.0,dell_r6715,3125,0.01,1,160,374,72.8,478.728037,478292563938,Soykb
196,11,10,34870.8,120,458,12,160,1000,336.0,dell_r6715,3125,0.01,1,160,374,72.8,478.637298,478292767991,Soykb
196,11,10,34874.64,120,458,12,160,1000,336.0,dell_r6715,3125,0.01,1,160,374,72.8,478.647162,478292620388,Soykb
196,11,10,34875.7,120,458,12,160,1000,336.0,dell_r6715,3125,0.01,1,160,374,72.8,478.674789,478292750281,Soykb
196,11,10,34876.99,120,458,12,160,1000,336.0,dell_r6715,3125,0.01,1,160,374,72.8,478.680125,478292504939,Soykb
194,11,10,33882.67,115,437,12,160,1000,336.0,dell_r6715,3125,0.01,1,160,374,72.8,465.021789,464556673047,Soykb
196,11,10,64614.65,120,458,12,320,1000,672.0,dell_r6725,3125,0.01,1,320,711,135.0,478.523233,478292439966,Soykb
198,11,10,63182.93,115,432,12,320,1000,672.0,dell_r6725,3125,0.01,1,320,711,135.0,467.923088,467696419140,Soykb
194,11,10,62746.59,115,437,12,320,1000,672.0,dell_r6725,3125,0.01,1,320,711,135.0,464.689563,464556616587,Soykb
196,11,10,64612.48,120,458,12,320,1000,672.0,dell_r6725,3125,0.01,1,320,711,135.0,478.50379,478292424239,Soykb
194,11,10,62761.28,115,437,12,320,1000,672.0,dell_r6725,3125,0.01,1,320,711,135.0,464.792537,464556669176,Soykb
196,11,10,64615.74,120,458,12,320,1000,672.0,dell_r6725,3125,0.01,1,320,711,135.0,478.530858,478292617110,Soykb
198,11,10,63177.58,115,432,12,320,1000,672.0,dell_r6725,3125,0.01,1,320,711,135.0,467.883465,467696835298,Soykb
194,11,10,62761.54,115,437,12,320,1000,672.0,dell_r6725,3125,0.01,1,320,711,135.0,464.800006,464556420486,Soykb
194,11,10,62759.36,115,437,12,320,1000,672.0,dell_r6725,3125,0.01,1,320,711,135.0,464.789868,464556640915,Soykb
194,11,10,209184.81,115,437,12,344,1000,688.0,lenovo_sr850,3125,0.01,1,344,1578,450.0,464.797351,464556582453,Soykb
196,11,10,215357.41,120,458,12,344,1000,688.0,lenovo_sr850,3125,0.01,1,344,1578,450.0,478.516129,478292473016,Soykb
196,11,10,215344.4,120,458,12,344,1000,688.0,lenovo_sr850,3125,0.01,1,344,1578,450.0,478.48887,478292607837,Soykb
194,11,10,209172.46,115,437,12,344,1000,688.0,lenovo_sr850,3125,0.01,1,344,1578,450.0,464.775184,464556469423,Soykb
194,11,10,209151.84,115,437,12,344,1000,688.0,lenovo_sr850,3125,0.01,1,344,1578,450.0,464.731182,464556561686,Soykb
196,11,10,215348.44,120,458,12,344,1000,688.0,lenovo_sr850,3125,0.01,1,344,1578,450.0,478.494632,478292520833,Soykb
198,11,10,221537.55,125,473,12,344,1000,688.0,lenovo_sr850,3125,0.01,1,344,1578,450.0,492.249562,492028625071,Soykb
194,11,10,209175.33,115,437,12,344,1000,688.0,lenovo_sr850,3125,0.01,1,344,1578,450.0,464.779158,464556356575,Soykb
194,11,10,209170.21,115,437,12,344,1000,688.0,lenovo_sr850,3125,0.01,1,344,1578,450.0,464.771008,464556336156,Soykb
198,11,10,221532.11,125,473,12,344,1000,688.0,lenovo_sr850,3125,0.01,1,344,1578,450.0,492.237875,492028850661,Soykb
247,11,10,44149.08,160,570,12,160,1000,336.0,dell_r6715,3125,0.01,1,160,374,72.8,605.912577,605519067592,Soykb
246,11,10,42767.28,150,550,12,160,1000,336.0,dell_r6715,3125,0.01,1,160,374,72.8,586.949309,586484648205,Soykb
246,11,10,42757.17,150,550,12,160,1000,336.0,dell_r6715,3125,0.01,1,160,374,72.8,586.883148,586484917420,Soykb
240,11,10,40941.58,140,518,12,160,1000,336.0,dell_r6715,3125,0.01,1,160,374,72.8,561.942777,561498352636,Soykb
246,11,10,42763.61,150,550,12,160,1000,336.0,dell_r6715,3125,0.01,1,160,374,72.8,586.914051,586484827113,Soykb
241,11,10,42328.48,150,545,12,160,1000,336.0,dell_r6715,3125,0.01,1,160,374,72.8,580.928517,580532052696,Soykb
241,11,10,42328.54,150,545,12,160,1000,336.0,dell_r6715,3125,0.01,1,160,374,72.8,580.953033,580531814560,Soykb
246,11,10,42765.6,150,550,12,160,1000,336.0,dell_r6715,3125,0.01,1,160,374,72.8,586.944897,586484858798,Soykb
246,11,10,42761.07,150,550,12,160,1000,336.0,dell_r6715,3125,0.01,1,160,374,72.8,586.911808,586485000200,Soykb
241,11,10,78423.85,150,545,12,320,1000,672.0,dell_r6725,3125,0.01,1,320,711,135.0,580.790988,580531898831,Soykb
241,11,10,78422.22,150,545,12,320,1000,672.0,dell_r6725,3125,0.01,1,320,711,135.0,580.771261,580532012302,Soykb
247,11,10,81794.85,160,570,12,320,1000,672.0,dell_r6725,3125,0.01,1,320,711,135.0,605.752125,605519002407,Soykb
246,11,10,79227.52,150,550,12,320,1000,672.0,dell_r6725,3125,0.01,1,320,711,135.0,586.735854,586484622072,Soykb
247,11,10,81795.88,160,570,12,320,1000,672.0,dell_r6725,3125,0.01,1,320,711,135.0,605.761441,605518590191,Soykb
246,11,10,79220.93,150,550,12,320,1000,672.0,dell_r6725,3125,0.01,1,320,711,135.0,586.71183,586485088187,Soykb
241,11,10,78418.46,150,545,12,320,1000,672.0,dell_r6725,3125,0.01,1,320,711,135.0,580.754868,580531717354,Soykb
240,11,10,75849.83,140,518,12,320,1000,672.0,dell_r6725,3125,0.01,1,320,711,135.0,561.728531,561498012896,Soykb
240,11,10,75846.67,140,518,12,320,1000,672.0,dell_r6725,3125,0.01,1,320,711,135.0,561.712809,561498046057,Soykb
246,11,10,79226.02,150,550,12,320,1000,672.0,dell_r6725,3125,0.01,1,320,711,135.0,586.741719,586484906731,Soykb
241,11,10,261371.38,150,545,12,344,1000,688.0,lenovo_sr850,3125,0.01,1,344,1578,450.0,580.761541,580531806100,Soykb
246,11,10,264045.64,150,550,12,344,1000,688.0,lenovo_sr850,3125,0.01,1,344,1578,450.0,586.704378,586484929337,Soykb
246,11,10,264063.5,150,550,12,344,1000,688.0,lenovo_sr850,3125,0.01,1,344,1578,450.0,586.741557,586484973914,Soykb
246,11,10,264052.84,150,550,12,344,1000,688.0,lenovo_sr850,3125,0.01,1,344,1578,450.0,586.719202,586484990864,Soykb
247,11,10,272623.18,160,570,12,344,1000,688.0,lenovo_sr850,3125,0.01,1,344,1578,450.0,605.757601,605518840799,Soykb
241,11,10,261374.31,150,545,12,344,1000,688.0,lenovo_sr850,3125,0.01,1,344,1578,450.0,580.76671,580532158521,Soykb
241,11,10,261365.38,150,545,12,344,1000,688.0,lenovo_sr850,3125,0.01,1,344,1578,450.0,580.750897,580532133246,Soykb
241,11,10,261369.89,150,545,12,344,1000,688.0,lenovo_sr850,3125,0.01,1,344,1578,450.0,580.758262,580532083752,Soykb
246,11,10,264059.07,150,550,12,344,1000,688.0,lenovo_sr850,3125,0.01,1,344,1578,450.0,586.726052,586484707030,Soykb
246,11,10,264051.83,150,550,12,344,1000,688.0,lenovo_sr850,3125,0.01,1,344,1578,450.0,586.712256,586484895909,Soykb
296,11,10,55373.76,210,738,12,160,1000,336.0,dell_r6715,3125,0.01,1,160,374,72.8,759.945464,759562669536,Soykb
296,11,10,55370.55,210,738,12,160,1000,336.0,dell_r6715,3125,0.01,1,160,374,72.8,759.94466,759562474967,Soykb
296,11,10,55369.14,210,738,12,160,1000,336.0,dell_r6715,3125,0.01,1,160,374,72.8,759.937692,759562444059,Soykb
296,11,10,55366.53,210,738,12,160,1000,336.0,dell_r6715,3125,0.01,1,160,374,72.8,759.923785,759562334675,Soykb
294,11,10,55549.81,210,742,12,160,1000,336.0,dell_r6715,3125,0.01,1,160,374,72.8,762.426722,762047812445,Soykb
296,11,10,55374.09,210,738,12,160,1000,336.0,dell_r6715,3125,0.01,1,160,374,72.8,759.94378,759562279310,Soykb
298,11,10,55190.42,210,726,12,160,1000,336.0,dell_r6715,3125,0.01,1,160,374,72.8,757.465805,757077106611,Soykb
298,11,10,55190.78,210,726,12,160,1000,336.0,dell_r6715,3125,0.01,1,160,374,72.8,757.469463,757077183685,Soykb
298,11,10,55187.29,210,726,12,160,1000,336.0,dell_r6715,3125,0.01,1,160,374,72.8,757.463855,757077080340,Soykb
294,11,10,102931.78,210,742,12,320,1000,672.0,dell_r6725,3125,0.01,1,320,711,135.0,762.291927,762047728236,Soykb
298,11,10,102260.2,210,726,12,320,1000,672.0,dell_r6725,3125,0.01,1,320,711,135.0,757.321853,757077179321,Soykb
298,11,10,102260.06,210,726,12,320,1000,672.0,dell_r6725,3125,0.01,1,320,711,135.0,757.316095,757077300351,Soykb
298,11,10,102260.38,210,726,12,320,1000,672.0,dell_r6725,3125,0.01,1,320,711,135.0,757.319463,757076985540,Soykb
296,11,10,102596.46,210,738,12,320,1000,672.0,dell_r6725,3125,0.01,1,320,711,135.0,759.802589,759562359762,Soykb
48,3,2,3015.27,24,69,4,160,1000,336.0,dell_r6715,3125,0.01,1,160,374,72.8,41.13817,20485289906,Srasearch
48,3,2,3489.0,24,69,4,160,1000,336.0,dell_r6715,3125,0.01,1,160,374,72.8,47.629825,23742274754,Srasearch
48,3,2,3075.32,24,69,4,160,1000,336.0,dell_r6715,3125,0.01,1,160,374,72.8,41.982086,20919398028,Srasearch
48,3,2,3334.85,24,69,4,160,1000,336.0,dell_r6715,3125,0.01,1,160,374,72.8,45.385022,22621468360,Srasearch
48,3,2,3250.82,24,69,4,160,1000,336.0,dell_r6715,3125,0.01,1,160,374,72.8,44.349557,22098750261,Srasearch
48,3,2,3453.15,24,69,4,160,1000,336.0,dell_r6715,3125,0.01,1,160,374,72.8,47.115024,23476877913,Srasearch
48,3,2,3293.25,24,69,4,160,1000,336.0,dell_r6715,3125,0.01,1,160,374,72.8,44.861728,22334337088,Srasearch
48,3,2,3222.64,24,69,4,160,1000,336.0,dell_r6715,3125,0.01,1,160,374,72.8,44.0679,21960912150,Srasearch
48,3,2,3130.13,24,69,4,160,1000,336.0,dell_r6715,3125,0.01,1,160,374,72.8,42.501708,21163322827,Srasearch
48,3,2,3639.83,24,69,4,160,1000,336.0,dell_r6715,3125,0.01,1,160,374,72.8,49.691779,24761815715,Srasearch
48,3,2,5341.95,24,69,4,320,1000,672.0,dell_r6725,3125,0.01,1,320,711,135.0,39.478003,19697385445,Srasearch
48,3,2,5550.38,24,69,4,320,1000,672.0,dell_r6725,3125,0.01,1,320,711,135.0,41.04843,20486376954,Srasearch
48,3,2,6265.01,24,69,4,320,1000,672.0,dell_r6725,3125,0.01,1,320,711,135.0,46.286074,23102478514,Srasearch
48,3,2,6849.19,24,69,4,320,1000,672.0,dell_r6725,3125,0.01,1,320,711,135.0,50.640995,25275106727,Srasearch
48,3,2,5155.13,24,69,4,320,1000,672.0,dell_r6725,3125,0.01,1,320,711,135.0,38.093117,19008740721,Srasearch
48,3,2,6253.71,24,69,4,320,1000,672.0,dell_r6725,3125,0.01,1,320,711,135.0,46.245386,23077604298,Srasearch
48,3,2,5642.84,24,69,4,320,1000,672.0,dell_r6725,3125,0.01,1,320,711,135.0,41.688449,20806299991,Srasearch
48,3,2,5698.34,24,69,4,320,1000,672.0,dell_r6725,3125,0.01,1,320,711,135.0,42.124613,21002317708,Srasearch
48,3,2,5828.34,24,69,4,320,1000,672.0,dell_r6725,3125,0.01,1,320,711,135.0,43.089745,21499534465,Srasearch
48,3,2,7771.99,24,69,4,320,1000,672.0,dell_r6725,3125,0.01,1,320,711,135.0,57.476088,28692659146,Srasearch
48,3,2,18200.59,24,69,4,344,1000,688.0,lenovo_sr850,3125,0.01,1,344,1578,450.0,40.393267,20155230361,Srasearch
48,3,2,18766.77,24,69,4,344,1000,688.0,lenovo_sr850,3125,0.01,1,344,1578,450.0,41.662545,20793838766,Srasearch
48,3,2,21166.11,24,69,4,344,1000,688.0,lenovo_sr850,3125,0.01,1,344,1578,450.0,46.992677,23452706274,Srasearch
48,3,2,17803.33,24,69,4,344,1000,688.0,lenovo_sr850,3125,0.01,1,344,1578,450.0,39.530497,19705658968,Srasearch
48,3,2,21374.38,24,69,4,344,1000,688.0,lenovo_sr850,3125,0.01,1,344,1578,450.0,47.449139,23679292172,Srasearch
48,3,2,25742.57,24,69,4,344,1000,688.0,lenovo_sr850,3125,0.01,1,344,1578,450.0,57.1636,28544753382,Srasearch
48,3,2,19372.56,24,69,4,344,1000,688.0,lenovo_sr850,3125,0.01,1,344,1578,450.0,43.004394,21457695471,Srasearch
48,3,2,19663.74,24,69,4,344,1000,688.0,lenovo_sr850,3125,0.01,1,344,1578,450.0,43.657437,21774716278,Srasearch
48,3,2,22924.43,24,69,4,344,1000,688.0,lenovo_sr850,3125,0.01,1,344,1578,450.0,50.895668,25384857474,Srasearch
48,3,2,21980.02,24,69,4,344,1000,688.0,lenovo_sr850,3125,0.01,1,344,1578,450.0,48.801831,24361062366,Srasearch
98,4,3,6395.48,47,144,4,160,1000,336.0,dell_r6715,3125,0.01,1,160,374,72.8,87.253366,43535264431,Srasearch
98,4,3,7471.86,47,142,4,160,1000,336.0,dell_r6715,3125,0.01,1,160,374,72.8,102.038353,50927180385,Srasearch
98,4,3,6692.25,47,144,4,160,1000,336.0,dell_r6715,3125,0.01,1,160,374,72.8,91.299854,45571928406,Srasearch
98,4,3,7303.25,47,143,4,160,1000,336.0,dell_r6715,3125,0.01,1,160,374,72.8,99.669188,49757281427,Srasearch
98,4,3,6600.46,47,143,4,160,1000,336.0,dell_r6715,3125,0.01,1,160,374,72.8,89.952005,44885854753,Srasearch
97,4,3,6338.34,47,143,4,160,1000,336.0,dell_r6715,3125,0.01,1,160,374,72.8,86.434948,43129485831,Srasearch
98,4,3,6704.16,47,142,4,160,1000,336.0,dell_r6715,3125,0.01,1,160,374,72.8,91.41006,45628021676,Srasearch
98,4,3,6217.28,47,142,4,160,1000,336.0,dell_r6715,3125,0.01,1,160,374,72.8,84.783105,42312109553,Srasearch
98,4,3,5846.91,47,144,4,160,1000,336.0,dell_r6715,3125,0.01,1,160,374,72.8,79.648894,39740106967,Srasearch
98,4,3,7457.84,47,143,4,160,1000,336.0,dell_r6715,3125,0.01,1,160,374,72.8,101.840883,50835464333,Srasearch
98,4,3,11799.63,47,142,4,320,1000,672.0,dell_r6725,3125,0.01,1,320,711,135.0,87.259793,43583451756,Srasearch
98,4,3,12192.76,47,142,4,320,1000,672.0,dell_r6725,3125,0.01,1,320,711,135.0,90.161129,45032776267,Srasearch
98,4,3,14611.14,47,144,4,320,1000,672.0,dell_r6725,3125,0.01,1,320,711,135.0,108.027998,53965589615,Srasearch
98,4,3,13540.22,47,143,4,320,1000,672.0,dell_r6725,3125,0.01,1,320,711,135.0,100.131876,50013640621,Srasearch
98,4,3,12880.2,47,142,4,320,1000,672.0,dell_r6725,3125,0.01,1,320,711,135.0,95.193091,47540672965,Srasearch
98,4,3,11343.48,47,142,4,320,1000,672.0,dell_r6725,3125,0.01,1,320,711,135.0,83.856703,41878796366,Srasearch
98,4,3,10325.46,47,142,4,320,1000,672.0,dell_r6725,3125,0.01,1,320,711,135.0,76.28336,38093006897,Srasearch
98,4,3,12586.31,47,142,4,320,1000,672.0,dell_r6725,3125,0.01,1,320,711,135.0,93.075731,46488096147,Srasearch
98,4,3,11315.83,47,143,4,320,1000,672.0,dell_r6725,3125,0.01,1,320,711,135.0,83.625101,41760557061,Srasearch
98,4,3,12034.86,47,144,4,320,1000,672.0,dell_r6725,3125,0.01,1,320,711,135.0,88.952766,44433034932,Srasearch
98,4,3,38377.57,47,146,4,344,1000,688.0,lenovo_sr850,3125,0.01,1,344,1578,450.0,85.195474,42538642003,Srasearch
97,4,3,41076.33,46,140,4,344,1000,688.0,lenovo_sr850,3125,0.01,1,344,1578,450.0,91.196697,45538558682,Srasearch
98,4,3,44257.1,47,142,4,344,1000,688.0,lenovo_sr850,3125,0.01,1,344,1578,450.0,98.227553,49063946032,Srasearch
98,4,3,45481.19,47,142,4,344,1000,688.0,lenovo_sr850,3125,0.01,1,344,1578,450.0,100.996951,50440844217,Srasearch
98,4,3,45943.87,47,142,4,344,1000,688.0,lenovo_sr850,3125,0.01,1,344,1578,450.0,102.001212,50895727182,Srasearch
97,4,3,42126.1,46,140,4,344,1000,688.0,lenovo_sr850,3125,0.01,1,344,1578,450.0,93.525823,46716574678,Srasearch
98,4,3,38624.91,47,142,4,344,1000,688.0,lenovo_sr850,3125,0.01,1,344,1578,450.0,85.742996,42815670182,Srasearch
98,4,3,39069.22,47,142,4,344,1000,688.0,lenovo_sr850,3125,0.01,1,344,1578,450.0,86.72359,43319755916,Srasearch
98,4,3,48004.0,47,142,4,344,1000,688.0,lenovo_sr850,3125,0.01,1,344,1578,450.0,106.580852,53241003789,Srasearch
98,4,3,37234.97,47,142,4,344,1000,688.0,lenovo_sr850,3125,0.01,1,344,1578,450.0,82.654059,41237697092,Srasearch
147,4,3,9408.68,71,218,4,160,1000,336.0,dell_r6715,3125,0.01,1,160,374,72.8,128.271043,64038974320,Srasearch
147,4,3,10150.51,71,215,4,160,1000,336.0,dell_r6715,3125,0.01,1,160,374,72.8,138.304529,69054545732,Srasearch
148,4,3,10192.38,70,225,4,160,1000,336.0,dell_r6715,3125,0.01,1,160,374,72.8,139.054102,69371547708,Srasearch
147,4,3,9133.33,71,217,4,160,1000,336.0,dell_r6715,3125,0.01,1,160,374,72.8,124.488665,62163207308,Srasearch
148,4,3,10815.76,72,219,4,160,1000,336.0,dell_r6715,3125,0.01,1,160,374,72.8,147.48529,73646303413,Srasearch
147,4,3,10248.46,71,216,4,160,1000,336.0,dell_r6715,3125,0.01,1,160,374,72.8,139.889861,69852353098,Srasearch
147,4,3,10491.67,71,217,4,160,1000,336.0,dell_r6715,3125,0.01,1,160,374,72.8,143.063889,71437590850,Srasearch
147,4,3,10784.54,71,215,4,160,1000,336.0,dell_r6715,3125,0.01,1,160,374,72.8,147.20756,73508213782,Srasearch
148,4,3,9556.05,72,219,4,160,1000,336.0,dell_r6715,3125,0.01,1,160,374,72.8,130.350584,65036226425,Srasearch
147,4,3,9520.75,71,216,4,160,1000,336.0,dell_r6715,3125,0.01,1,160,374,72.8,129.86657,64843858737,Srasearch
147,4,3,17668.97,71,220,4,320,1000,672.0,dell_r6725,3125,0.01,1,320,711,135.0,130.587728,65239458042,Srasearch
147,4,3,19890.44,71,217,4,320,1000,672.0,dell_r6725,3125,0.01,1,320,711,135.0,147.077861,73480104303,Srasearch
148,4,3,18019.91,70,215,4,320,1000,672.0,dell_r6725,3125,0.01,1,320,711,135.0,133.269445,66571070077,Srasearch
148,4,3,18988.21,70,215,4,320,1000,672.0,dell_r6725,3125,0.01,1,320,711,135.0,140.394524,70116948248,Srasearch
147,4,3,19838.0,71,216,4,320,1000,672.0,dell_r6725,3125,0.01,1,320,711,135.0,146.690063,73297141447,Srasearch
147,4,3,20381.59,71,215,4,320,1000,672.0,dell_r6725,3125,0.01,1,320,711,135.0,150.700228,75246092099,Srasearch
148,4,3,17064.38,71,216,4,320,1000,672.0,dell_r6725,3125,0.01,1,320,711,135.0,126.174144,63010519600,Srasearch
147,4,3,18636.44,71,216,4,320,1000,672.0,dell_r6725,3125,0.01,1,320,711,135.0,137.711969,68802860273,Srasearch
147,4,3,18354.21,71,217,4,320,1000,672.0,dell_r6725,3125,0.01,1,320,711,135.0,135.711866,67762497225,Srasearch
147,4,3,19332.65,71,216,4,320,1000,672.0,dell_r6725,3125,0.01,1,320,711,135.0,142.921344,71374463670,Srasearch
148,4,3,63011.01,72,219,4,344,1000,688.0,lenovo_sr850,3125,0.01,1,344,1578,450.0,139.87408,69888389587,Srasearch
147,4,3,65831.51,71,216,4,344,1000,688.0,lenovo_sr850,3125,0.01,1,344,1578,450.0,146.168163,73033536193,Srasearch
148,4,3,62252.02,70,222,4,344,1000,688.0,lenovo_sr850,3125,0.01,1,344,1578,450.0,138.197707,69049366550,Srasearch
147,4,3,57792.26,71,218,4,344,1000,688.0,lenovo_sr850,3125,0.01,1,344,1578,450.0,128.303034,64060685349,Srasearch
148,4,3,72226.1,72,218,4,344,1000,688.0,lenovo_sr850,3125,0.01,1,344,1578,450.0,160.376676,80139045275,Srasearch
147,4,3,63441.9,71,217,4,344,1000,688.0,lenovo_sr850,3125,0.01,1,344,1578,450.0,140.858577,70308167239,Srasearch
147,4,3,59567.06,71,217,4,344,1000,688.0,lenovo_sr850,3125,0.01,1,344,1578,450.0,132.211767,66049760023,Srasearch
147,4,3,62935.8,71,216,4,344,1000,688.0,lenovo_sr850,3125,0.01,1,344,1578,450.0,139.722281,69812487777,Srasearch
147,4,3,59455.78,71,220,4,344,1000,688.0,lenovo_sr850,3125,0.01,1,344,1578,450.0,132.003058,65949496025,Srasearch
147,4,3,64553.93,71,216,4,344,1000,688.0,lenovo_sr850,3125,0.01,1,344,1578,450.0,143.317887,71574494330,Srasearch
198,4,3,13745.99,96,293,4,160,1000,336.0,dell_r6715,3125,0.01,1,160,374,72.8,187.511198,93596833169,Srasearch
198,4,3,11791.28,96,293,4,160,1000,336.0,dell_r6715,3125,0.01,1,160,374,72.8,160.639275,80219888403,Srasearch
197,4,3,13271.97,96,297,4,160,1000,336.0,dell_r6715,3125,0.01,1,160,374,72.8,180.864433,90280744961,Srasearch
198,4,3,13484.22,96,294,4,160,1000,336.0,dell_r6715,3125,0.01,1,160,374,72.8,183.843608,91827718544,Srasearch
198,4,3,13395.49,96,296,4,160,1000,336.0,dell_r6715,3125,0.01,1,160,374,72.8,182.761614,91288734726,Srasearch
198,4,3,14697.33,96,294,4,160,1000,336.0,dell_r6715,3125,0.01,1,160,374,72.8,200.456305,100136558321,Srasearch
197,4,3,13273.16,94,291,4,160,1000,336.0,dell_r6715,3125,0.01,1,160,374,72.8,181.015295,90405482499,Srasearch
198,4,3,13995.75,96,297,4,160,1000,336.0,dell_r6715,3125,0.01,1,160,374,72.8,190.799546,95259688413,Srasearch
198,4,3,13963.05,96,295,4,160,1000,336.0,dell_r6715,3125,0.01,1,160,374,72.8,190.371144,95084920225,Srasearch
197,4,3,12514.8,96,293,4,160,1000,336.0,dell_r6715,3125,0.01,1,160,374,72.8,170.692407,85256285569,Srasearch
198,4,3,23320.11,96,295,4,320,1000,672.0,dell_r6725,3125,0.01,1,320,711,135.0,172.406358,86150001280,Srasearch
197,4,3,24388.29,94,291,4,320,1000,672.0,dell_r6725,3125,0.01,1,320,711,135.0,180.330214,90112381424,Srasearch
198,4,3,24641.74,94,290,4,320,1000,672.0,dell_r6725,3125,0.01,1,320,711,135.0,182.161633,90987558068,Srasearch
198,4,3,24540.41,96,294,4,320,1000,672.0,dell_r6725,3125,0.01,1,320,711,135.0,181.445098,90664095245,Srasearch
197,4,3,28649.34,96,300,4,320,1000,672.0,dell_r6725,3125,0.01,1,320,711,135.0,211.827155,105860212150,Srasearch
198,4,3,25768.44,96,293,4,320,1000,672.0,dell_r6725,3125,0.01,1,320,711,135.0,190.535308,95214498285,Srasearch
197,4,3,23246.48,94,294,4,320,1000,672.0,dell_r6725,3125,0.01,1,320,711,135.0,171.806386,85850342990,Srasearch
198,4,3,26328.15,96,293,4,320,1000,672.0,dell_r6725,3125,0.01,1,320,711,135.0,194.686505,97265517671,Srasearch
198,4,3,25982.96,96,296,4,320,1000,672.0,dell_r6725,3125,0.01,1,320,711,135.0,192.137034,96010308824,Srasearch
197,4,3,23044.45,96,290,4,320,1000,672.0,dell_r6725,3125,0.01,1,320,711,135.0,170.341985,85115029103,Srasearch
197,4,3,81393.74,94,298,4,344,1000,688.0,lenovo_sr850,3125,0.01,1,344,1578,450.0,180.705615,90298293381,Srasearch
197,4,3,86727.42,96,292,4,344,1000,688.0,lenovo_sr850,3125,0.01,1,344,1578,450.0,192.549836,96167464066,Srasearch
198,4,3,80815.06,96,297,4,344,1000,688.0,lenovo_sr850,3125,0.01,1,344,1578,450.0,179.410882,89645140967,Srasearch
198,4,3,84840.12,96,292,4,344,1000,688.0,lenovo_sr850,3125,0.01,1,344,1578,450.0,188.373283,94134242354,Srasearch
197,4,3,83863.39,96,294,4,344,1000,688.0,lenovo_sr850,3125,0.01,1,344,1578,450.0,186.187223,93033296608,Srasearch
198,4,3,75555.22,95,300,4,344,1000,688.0,lenovo_sr850,3125,0.01,1,344,1578,450.0,167.733289,83772342171,Srasearch
197,4,3,84342.72,94,303,4,344,1000,688.0,lenovo_sr850,3125,0.01,1,344,1578,450.0,187.236927,93565830350,Srasearch
197,4,3,89368.69,94,301,4,344,1000,688.0,lenovo_sr850,3125,0.01,1,344,1578,450.0,198.43625,99115465780,Srasearch
198,4,3,91722.64,96,291,4,344,1000,688.0,lenovo_sr850,3125,0.01,1,344,1578,450.0,203.650943,101767288247,Srasearch
198,4,3,88010.99,96,292,4,344,1000,688.0,lenovo_sr850,3125,0.01,1,344,1578,450.0,195.359643,97619813064,Srasearch
248,4,3,17886.35,119,375,4,160,1000,336.0,dell_r6715,3125,0.01,1,160,374,72.8,244.025118,121917253300,Srasearch
247,4,3,16422.06,119,365,4,160,1000,336.0,dell_r6715,3125,0.01,1,160,374,72.8,224.030753,111901211492,Srasearch
247,4,3,19288.85,120,364,4,160,1000,336.0,dell_r6715,3125,0.01,1,160,374,72.8,263.477691,131537385183,Srasearch
248,4,3,17644.79,119,364,4,160,1000,336.0,dell_r6715,3125,0.01,1,160,374,72.8,240.687678,120179778213,Srasearch
248,4,3,16562.15,119,377,4,160,1000,336.0,dell_r6715,3125,0.01,1,160,374,72.8,226.007937,112857696457,Srasearch
248,4,3,17911.58,120,377,4,160,1000,336.0,dell_r6715,3125,0.01,1,160,374,72.8,244.2815,122001197432,Srasearch
248,4,3,17663.33,119,369,4,160,1000,336.0,dell_r6715,3125,0.01,1,160,374,72.8,240.991314,120317508775,Srasearch
247,4,3,17530.23,120,367,4,160,1000,336.0,dell_r6715,3125,0.01,1,160,374,72.8,239.203023,119510066457,Srasearch
247,4,3,17381.58,120,368,4,160,1000,336.0,dell_r6715,3125,0.01,1,160,374,72.8,237.15504,118486034140,Srasearch
248,4,3,17868.78,120,383,4,160,1000,336.0,dell_r6715,3125,0.01,1,160,374,72.8,243.797771,121776980318,Srasearch
247,4,3,29949.35,119,370,4,320,1000,672.0,dell_r6725,3125,0.01,1,320,711,135.0,221.431975,110651708498,Srasearch
248,4,3,30668.01,121,374,4,320,1000,672.0,dell_r6725,3125,0.01,1,320,711,135.0,226.711426,113297258656,Srasearch
247,4,3,29854.33,119,364,4,320,1000,672.0,dell_r6725,3125,0.01,1,320,711,135.0,220.701921,110287988600,Srasearch
247,4,3,31920.59,120,367,4,320,1000,672.0,dell_r6725,3125,0.01,1,320,711,135.0,235.934835,117823737257,Srasearch
247,4,3,33977.31,120,364,4,320,1000,672.0,dell_r6725,3125,0.01,1,320,711,135.0,251.296332,125589918936,Srasearch
248,4,3,33024.06,121,386,4,320,1000,672.0,dell_r6725,3125,0.01,1,320,711,135.0,244.19967,121945886501,Srasearch
247,4,3,30557.64,119,377,4,320,1000,672.0,dell_r6725,3125,0.01,1,320,711,135.0,225.927683,112899011897,Srasearch
248,4,3,33869.33,121,372,4,320,1000,672.0,dell_r6725,3125,0.01,1,320,711,135.0,250.395979,125139545428,Srasearch
247,4,3,31083.48,119,372,4,320,1000,672.0,dell_r6725,3125,0.01,1,320,711,135.0,229.842536,114863235795,Srasearch
248,4,3,28554.33,119,365,4,320,1000,672.0,dell_r6725,3125,0.01,1,320,711,135.0,211.093535,105486383205,Srasearch
247,4,3,102364.0,119,374,4,344,1000,688.0,lenovo_sr850,3125,0.01,1,344,1578,450.0,227.243109,113521743037,Srasearch
248,4,3,104680.94,120,389,4,344,1000,688.0,lenovo_sr850,3125,0.01,1,344,1578,450.0,232.396424,116140741873,Srasearch
247,4,3,110516.44,120,365,4,344,1000,688.0,lenovo_sr850,3125,0.01,1,344,1578,450.0,245.350607,122579451194,Srasearch
247,4,3,107051.24,120,370,4,344,1000,688.0,lenovo_sr850,3125,0.01,1,344,1578,450.0,237.648367,118703297482,Srasearch
248,4,3,104383.28,121,372,4,344,1000,688.0,lenovo_sr850,3125,0.01,1,344,1578,450.0,231.738288,115774945451,Srasearch
247,4,3,100567.75,120,369,4,344,1000,688.0,lenovo_sr850,3125,0.01,1,344,1578,450.0,223.269898,111478614595,Srasearch
247,4,3,109658.91,120,371,4,344,1000,688.0,lenovo_sr850,3125,0.01,1,344,1578,450.0,243.433987,121623845294,Srasearch
247,4,3,107160.17,119,372,4,344,1000,688.0,lenovo_sr850,3125,0.01,1,344,1578,450.0,237.917879,118810571220,Srasearch
247,4,3,111436.43,120,366,4,344,1000,688.0,lenovo_sr850,3125,0.01,1,344,1578,450.0,247.405721,123638188889,Srasearch
248,4,3,106563.36,119,376,4,344,1000,688.0,lenovo_sr850,3125,0.01,1,344,1578,450.0,236.592434,118130152172,Srasearch
297,4,3,21555.81,145,446,4,160,1000,336.0,dell_r6715,3125,0.01,1,160,374,72.8,294.188523,146997523089,Srasearch
297,4,3,20401.12,144,464,4,160,1000,336.0,dell_r6715,3125,0.01,1,160,374,72.8,278.283657,139029076718,Srasearch
297,4,3,21503.09,144,460,4,160,1000,336.0,dell_r6715,3125,0.01,1,160,374,72.8,293.383683,146595319337,Srasearch
297,4,3,20951.61,143,451,4,160,1000,336.0,dell_r6715,3125,0.01,1,160,374,72.8,285.805425,142734991594,Srasearch
297,4,3,21272.1,143,449,4,160,1000,336.0,dell_r6715,3125,0.01,1,160,374,72.8,289.994133,144765781009,Srasearch
298,4,3,20809.71,144,446,4,160,1000,336.0,dell_r6715,3125,0.01,1,160,374,72.8,283.802103,141804494503,Srasearch
297,4,3,20649.11,143,448,4,160,1000,336.0,dell_r6715,3125,0.01,1,160,374,72.8,281.476489,140561056519,Srasearch
298,4,3,22320.57,145,442,4,160,1000,336.0,dell_r6715,3125,0.01,1,160,374,72.8,304.51329,152117086361,Srasearch
297,4,3,19983.55,143,441,4,160,1000,336.0,dell_r6715,3125,0.01,1,160,374,72.8,272.605062,136194472570,Srasearch
297,4,3,18625.56,145,445,4,160,1000,336.0,dell_r6715,3125,0.01,1,160,374,72.8,253.793854,126791618662,Srasearch
298,4,3,37331.78,144,456,4,320,1000,672.0,dell_r6725,3125,0.01,1,320,711,135.0,276.007739,137938721925,Srasearch
298,4,3,38409.23,140,437,4,320,1000,672.0,dell_r6725,3125,0.01,1,320,711,135.0,284.015718,141940505877,Srasearch
298,4,3,41101.64,145,447,4,320,1000,672.0,dell_r6725,3125,0.01,1,320,711,135.0,303.897944,151885427084,Srasearch
298,4,3,37953.26,145,448,4,320,1000,672.0,dell_r6725,3125,0.01,1,320,711,135.0,280.619788,140223886482,Srasearch
298,4,3,38011.04,144,451,4,320,1000,672.0,dell_r6725,3125,0.01,1,320,711,135.0,281.050096,140304188365,Srasearch
298,4,3,37442.93,144,460,4,320,1000,672.0,dell_r6725,3125,0.01,1,320,711,135.0,276.889343,138374104245,Srasearch
298,4,3,39811.35,145,445,4,320,1000,672.0,dell_r6725,3125,0.01,1,320,711,135.0,294.294283,147080623751,Srasearch
297,4,3,37342.01,143,445,4,320,1000,672.0,dell_r6725,3125,0.01,1,320,711,135.0,276.067502,137970670471,Srasearch
298,4,3,40402.47,143,440,4,320,1000,672.0,dell_r6725,3125,0.01,1,320,711,135.0,298.753984,149090253255,Srasearch
298,4,3,37525.18,144,447,4,320,1000,672.0,dell_r6725,3125,0.01,1,320,711,135.0,277.428469,138646271449,Srasearch
297,4,3,127925.6,143,447,4,344,1000,688.0,lenovo_sr850,3125,0.01,1,344,1578,450.0,284.022418,141941038101,Srasearch
298,4,3,128724.45,144,461,4,344,1000,688.0,lenovo_sr850,3125,0.01,1,344,1578,450.0,285.779348,142823335122,Srasearch
298,4,3,119648.67,143,469,4,344,1000,688.0,lenovo_sr850,3125,0.01,1,344,1578,450.0,265.624813,132750096334,Srasearch
298,4,3,134155.24,144,451,4,344,1000,688.0,lenovo_sr850,3125,0.01,1,344,1578,450.0,297.855445,148833982699,Srasearch
298,4,3,123647.33,143,455,4,344,1000,688.0,lenovo_sr850,3125,0.01,1,344,1578,450.0,274.483205,137094216643,Srasearch
297,4,3,125123.11,145,452,4,344,1000,688.0,lenovo_sr850,3125,0.01,1,344,1578,450.0,277.73356,138717102296,Srasearch
297,4,3,125469.77,143,455,4,344,1000,688.0,lenovo_sr850,3125,0.01,1,344,1578,450.0,278.542601,139169896338,Srasearch
298,4,3,132586.36,145,443,4,344,1000,688.0,lenovo_sr850,3125,0.01,1,344,1578,450.0,294.340168,147106238860,Srasearch
298,4,3,121346.9,143,470,4,344,1000,688.0,lenovo_sr850,3125,0.01,1,344,1578,450.0,269.392302,134633817643,Srasearch
297,4,3,135750.44,144,471,4,344,1000,688.0,lenovo_sr850,3125,0.01,1,344,1578,450.0,301.373455,150623509643,Srasearch
397,4,3,26717.05,192,641,4,160,1000,336.0,dell_r6715,3125,0.01,1,160,374,72.8,364.337567,182062119822,Srasearch
398,4,3,28778.59,192,631,4,160,1000,336.0,dell_r6715,3125,0.01,1,160,374,72.8,392.597935,196150981083,Srasearch
398,4,3,29599.23,193,598,4,160,1000,336.0,dell_r6715,3125,0.01,1,160,374,72.8,403.716787,201560131501,Srasearch
397,4,3,28852.08,192,599,4,160,1000,336.0,dell_r6715,3125,0.01,1,160,374,72.8,393.924898,196702272135,Srasearch
398,4,3,27907.77,193,616,4,160,1000,336.0,dell_r6715,3125,0.01,1,160,374,72.8,380.60084,190136822198,Srasearch
398,4,3,28512.4,191,620,4,160,1000,336.0,dell_r6715,3125,0.01,1,160,374,72.8,389.012359,194371041555,Srasearch
397,4,3,29578.6,194,598,4,160,1000,336.0,dell_r6715,3125,0.01,1,160,374,72.8,403.6427,201645975802,Srasearch
398,4,3,27117.28,193,613,4,160,1000,336.0,dell_r6715,3125,0.01,1,160,374,72.8,369.653524,184714485104,Srasearch
398,4,3,27712.13,193,615,4,160,1000,336.0,dell_r6715,3125,0.01,1,160,374,72.8,378.060216,188836761827,Srasearch
397,4,3,28194.4,193,637,4,160,1000,336.0,dell_r6715,3125,0.01,1,160,374,72.8,384.697167,192009695446,Srasearch
397,4,3,51838.62,189,612,4,320,1000,672.0,dell_r6725,3125,0.01,1,320,711,135.0,383.266317,191498412184,Srasearch
398,4,3,55771.97,193,607,4,320,1000,672.0,dell_r6725,3125,0.01,1,320,711,135.0,412.469972,206082091100,Srasearch
397,4,3,52537.48,192,605,4,320,1000,672.0,dell_r6725,3125,0.01,1,320,711,135.0,388.462472,194149730124,Srasearch
398,4,3,51059.45,189,608,4,320,1000,672.0,dell_r6725,3125,0.01,1,320,711,135.0,377.568697,188704370683,Srasearch
397,4,3,53572.52,193,620,4,320,1000,672.0,dell_r6725,3125,0.01,1,320,711,135.0,396.101541,197835985665,Srasearch
398,4,3,50927.35,193,600,4,320,1000,672.0,dell_r6725,3125,0.01,1,320,711,135.0,376.5181,188080260702,Srasearch
398,4,3,53133.48,194,594,4,320,1000,672.0,dell_r6725,3125,0.01,1,320,711,135.0,392.829544,196193075863,Srasearch
398,4,3,49469.37,192,630,4,320,1000,672.0,dell_r6725,3125,0.01,1,320,711,135.0,365.699347,182559666475,Srasearch
398,4,3,50960.99,193,609,4,320,1000,672.0,dell_r6725,3125,0.01,1,320,711,135.0,376.774528,188288514837,Srasearch
397,4,3,50410.46,193,612,4,320,1000,672.0,dell_r6725,3125,0.01,1,320,711,135.0,372.707498,186189012699,Srasearch
398,4,3,173555.08,192,612,4,344,1000,688.0,lenovo_sr850,3125,0.01,1,344,1578,450.0,385.273498,192561478041,Srasearch
398,4,3,178857.72,193,606,4,344,1000,688.0,lenovo_sr850,3125,0.01,1,344,1578,450.0,397.08324,198460899759,Srasearch
398,4,3,174458.13,194,600,4,344,1000,688.0,lenovo_sr850,3125,0.01,1,344,1578,450.0,387.349649,193514438540,Srasearch
398,4,3,172453.19,193,611,4,344,1000,688.0,lenovo_sr850,3125,0.01,1,344,1578,450.0,382.852377,191349023363,Srasearch
398,4,3,169916.05,193,602,4,344,1000,688.0,lenovo_sr850,3125,0.01,1,344,1578,450.0,377.221945,188538098946,Srasearch
397,4,3,173194.21,193,614,4,344,1000,688.0,lenovo_sr850,3125,0.01,1,344,1578,450.0,384.453756,192068894955,Srasearch
397,4,3,154373.75,192,596,4,344,1000,688.0,lenovo_sr850,3125,0.01,1,344,1578,450.0,342.690216,171229810206,Srasearch
398,4,3,173341.09,193,616,4,344,1000,688.0,lenovo_sr850,3125,0.01,1,344,1578,450.0,384.810125,192326181765,Srasearch
397,4,3,170278.56,191,608,4,344,1000,688.0,lenovo_sr850,3125,0.01,1,344,1578,450.0,378.020486,188930016907,Srasearch
398,4,3,161980.26,193,607,4,344,1000,688.0,lenovo_sr850,3125,0.01,1,344,1578,450.0,359.538259,179446539953,Srasearch
497,4,3,32667.18,240,782,4,160,1000,336.0,dell_r6715,3125,0.01,1,160,374,72.8,445.462741,222467082238,Srasearch
497,4,3,33773.94,242,772,4,160,1000,336.0,dell_r6715,3125,0.01,1,160,374,72.8,460.514757,230003675502,Srasearch
497,4,3,33923.46,242,796,4,160,1000,336.0,dell_r6715,3125,0.01,1,160,374,72.8,462.349705,230798529298,Srasearch
498,4,3,35233.51,241,750,4,160,1000,336.0,dell_r6715,3125,0.01,1,160,374,72.8,480.479465,240120234378,Srasearch
497,4,3,36423.63,241,805,4,160,1000,336.0,dell_r6715,3125,0.01,1,160,374,72.8,496.580311,248173124761,Srasearch
498,4,3,35543.02,241,797,4,160,1000,336.0,dell_r6715,3125,0.01,1,160,374,72.8,484.656321,242172197961,Srasearch
497,4,3,36120.66,239,771,4,160,1000,336.0,dell_r6715,3125,0.01,1,160,374,72.8,492.724245,246133324207,Srasearch
498,4,3,33908.82,242,771,4,160,1000,336.0,dell_r6715,3125,0.01,1,160,374,72.8,462.442272,231073906560,Srasearch
498,4,3,34532.96,241,774,4,160,1000,336.0,dell_r6715,3125,0.01,1,160,374,72.8,470.874251,235291156808,Srasearch
498,4,3,34064.83,241,794,4,160,1000,336.0,dell_r6715,3125,0.01,1,160,374,72.8,464.20269,231976549424,Srasearch
497,4,3,65559.18,239,821,4,320,1000,672.0,dell_r6725,3125,0.01,1,320,711,135.0,484.800092,242316646056,Srasearch
497,4,3,62434.85,238,772,4,320,1000,672.0,dell_r6725,3125,0.01,1,320,711,135.0,461.568384,230612961826,Srasearch
497,4,3,67017.49,242,779,4,320,1000,672.0,dell_r6725,3125,0.01,1,320,711,135.0,495.519528,247673730458,Srasearch
498,4,3,65234.6,241,784,4,320,1000,672.0,dell_r6725,3125,0.01,1,320,711,135.0,482.377661,241097030159,Srasearch
498,4,3,68758.64,240,771,4,320,1000,672.0,dell_r6725,3125,0.01,1,320,711,135.0,508.450127,253991396805,Srasearch
498,4,3,68486.53,240,829,4,320,1000,672.0,dell_r6725,3125,0.01,1,320,711,135.0,506.482389,253156310773,Srasearch
498,4,3,64183.89,241,764,4,320,1000,672.0,dell_r6725,3125,0.01,1,320,711,135.0,474.59786,237156678338,Srasearch
497,4,3,64200.41,239,813,4,320,1000,672.0,dell_r6725,3125,0.01,1,320,711,135.0,474.687308,237259101336,Srasearch
498,4,3,65112.24,242,771,4,320,1000,672.0,dell_r6725,3125,0.01,1,320,711,135.0,481.481338,240583616840,Srasearch
497,4,3,62486.18,242,769,4,320,1000,672.0,dell_r6725,3125,0.01,1,320,711,135.0,461.995969,230906497972,Srasearch
498,4,3,213760.83,240,763,4,344,1000,688.0,lenovo_sr850,3125,0.01,1,344,1578,450.0,474.551582,237023094103,Srasearch
498,4,3,205280.12,237,751,4,344,1000,688.0,lenovo_sr850,3125,0.01,1,344,1578,450.0,455.689956,227754916276,Srasearch
498,4,3,218607.87,241,804,4,344,1000,688.0,lenovo_sr850,3125,0.01,1,344,1578,450.0,485.3183,242346712015,Srasearch
498,4,3,203265.17,242,764,4,344,1000,688.0,lenovo_sr850,3125,0.01,1,344,1578,450.0,451.230804,225356565025,Srasearch
498,4,3,215887.83,242,786,4,344,1000,688.0,lenovo_sr850,3125,0.01,1,344,1578,450.0,479.322341,239381422741,Srasearch
498,4,3,209306.58,240,838,4,344,1000,688.0,lenovo_sr850,3125,0.01,1,344,1578,450.0,464.651894,232233017454,Srasearch
497,4,3,194148.86,242,789,4,344,1000,688.0,lenovo_sr850,3125,0.01,1,344,1578,450.0,430.999946,215290031113,Srasearch
498,4,3,226480.16,241,831,4,344,1000,688.0,lenovo_sr850,3125,0.01,1,344,1578,450.0,502.82785,251330885625,Srasearch
498,4,3,214141.87,242,769,4,344,1000,688.0,lenovo_sr850,3125,0.01,1,344,1578,450.0,475.376811,237597534556,Srasearch
498,4,3,219269.19,242,760,4,344,1000,688.0,lenovo_sr850,3125,0.01,1,344,1578,450.0,486.76737,243265343047,Srasearch
697,4,3,50249.18,337,1162,4,160,1000,336.0,dell_r6715,3125,0.01,1,160,374,72.8,685.738542,342715741041,Srasearch
697,4,3,48032.97,337,1149,4,160,1000,336.0,dell_r6715,3125,0.01,1,160,374,72.8,654.655461,327187398100,Srasearch
698,4,3,47355.55,337,1101,4,160,1000,336.0,dell_r6715,3125,0.01,1,160,374,72.8,645.66921,322465182909,Srasearch
698,4,3,48007.91,338,1122,4,160,1000,336.0,dell_r6715,3125,0.01,1,160,374,72.8,654.632177,326900982674,Srasearch
697,4,3,47480.78,337,1111,4,160,1000,336.0,dell_r6715,3125,0.01,1,160,374,72.8,647.188368,323441129675,Srasearch
697,4,3,48001.19,337,1113,4,160,1000,336.0,dell_r6715,3125,0.01,1,160,374,72.8,654.49635,327110820828,Srasearch
697,4,3,49204.31,338,1168,4,160,1000,336.0,dell_r6715,3125,0.01,1,160,374,72.8,670.922819,335201083460,Srasearch
698,4,3,48281.29,339,1086,4,160,1000,336.0,dell_r6715,3125,0.01,1,160,374,72.8,658.552592,329129703368,Srasearch
698,4,3,49147.85,338,1212,4,160,1000,336.0,dell_r6715,3125,0.01,1,160,374,72.8,669.748234,334586773889,Srasearch
697,4,3,44936.79,337,1123,4,160,1000,336.0,dell_r6715,3125,0.01,1,160,374,72.8,612.478846,305826018145,Srasearch
698,4,3,89059.92,339,1110,4,320,1000,672.0,dell_r6725,3125,0.01,1,320,711,135.0,658.456267,329112531954,Srasearch
698,4,3,89788.42,339,1111,4,320,1000,672.0,dell_r6725,3125,0.01,1,320,711,135.0,663.796723,331788176323,Srasearch
698,4,3,94301.01,338,1147,4,320,1000,672.0,dell_r6725,3125,0.01,1,320,711,135.0,697.2798,348490671335,Srasearch
698,4,3,91630.02,339,1095,4,320,1000,672.0,dell_r6725,3125,0.01,1,320,711,135.0,677.471906,338604206894,Srasearch
698,4,3,89614.37,339,1117,4,320,1000,672.0,dell_r6725,3125,0.01,1,320,711,135.0,662.592368,331190024051,Srasearch
697,4,3,86863.67,338,1083,4,320,1000,672.0,dell_r6725,3125,0.01,1,320,711,135.0,642.228344,321002230154,Srasearch
698,4,3,90163.98,339,1120,4,320,1000,672.0,dell_r6725,3125,0.01,1,320,711,135.0,666.645631,333212044920,Srasearch
698,4,3,87739.05,336,1101,4,320,1000,672.0,dell_r6725,3125,0.01,1,320,711,135.0,648.713708,324252915695,Srasearch
697,4,3,95322.14,334,1152,4,320,1000,672.0,dell_r6725,3125,0.01,1,320,711,135.0,704.942788,351825496923,Srasearch
697,4,3,95281.55,337,1115,4,320,1000,672.0,dell_r6725,3125,0.01,1,320,711,135.0,704.579399,352177617182,Srasearch
697,4,3,294799.9,338,1074,4,344,1000,688.0,lenovo_sr850,3125,0.01,1,344,1578,450.0,654.465916,327122831672,Srasearch
698,4,3,305193.75,335,1196,4,344,1000,688.0,lenovo_sr850,3125,0.01,1,344,1578,450.0,677.54042,338515711888,Srasearch
698,4,3,291128.12,337,1101,4,344,1000,688.0,lenovo_sr850,3125,0.01,1,344,1578,450.0,646.318653,323020998023,Srasearch
697,4,3,313032.91,338,1107,4,344,1000,688.0,lenovo_sr850,3125,0.01,1,344,1578,450.0,694.989575,347388957130,Srasearch
698,4,3,283307.97,338,1148,4,344,1000,688.0,lenovo_sr850,3125,0.01,1,344,1578,450.0,628.951446,314366861161,Srasearch
698,4,3,296085.88,337,1103,4,344,1000,688.0,lenovo_sr850,3125,0.01,1,344,1578,450.0,657.310387,328551664284,Srasearch
697,4,3,291615.04,338,1093,4,344,1000,688.0,lenovo_sr850,3125,0.01,1,344,1578,450.0,647.372226,323582568355,Srasearch
698,4,3,296210.23,339,1087,4,344,1000,688.0,lenovo_sr850,3125,0.01,1,344,1578,450.0,657.594364,328656292517,Srasearch
697,4,3,287981.64,337,1116,4,344,1000,688.0,lenovo_sr850,3125,0.01,1,344,1578,450.0,639.300344,319215479314,Srasearch
697,4,3,293430.42,336,1181,4,344,1000,688.0,lenovo_sr850,3125,0.01,1,344,1578,450.0,651.390705,325427168038,Srasearch
998,4,3,71442.65,483,1575,4,160,1000,336.0,dell_r6715,3125,0.01,1,160,374,72.8,974.368376,487004986846,Srasearch
998,4,3,71013.03,484,1699,4,160,1000,336.0,dell_r6715,3125,0.01,1,160,374,72.8,968.678061,484156131357,Srasearch
997,4,3,70472.69,482,1738,4,160,1000,336.0,dell_r6715,3125,0.01,1,160,374,72.8,960.869876,480259802769,Srasearch
997,4,3,70176.62,483,1647,4,160,1000,336.0,dell_r6715,3125,0.01,1,160,374,72.8,956.787053,478209329184,Srasearch
997,4,3,70409.91,482,1626,4,160,1000,336.0,dell_r6715,3125,0.01,1,160,374,72.8,960.344144,479992226151,Srasearch
997,4,3,67489.57,480,1713,4,160,1000,336.0,dell_r6715,3125,0.01,1,160,374,72.8,920.350044,459994177571,Srasearch
998,4,3,70365.82,485,1723,4,160,1000,336.0,dell_r6715,3125,0.01,1,160,374,72.8,959.915999,479542624879,Srasearch
998,4,3,69235.73,486,1588,4,160,1000,336.0,dell_r6715,3125,0.01,1,160,374,72.8,944.402117,471730534859,Srasearch
997,4,3,72722.83,484,1640,4,160,1000,336.0,dell_r6715,3125,0.01,1,160,374,72.8,991.307413,495482123026,Srasearch
997,4,3,72446.43,484,1612,4,160,1000,336.0,dell_r6715,3125,0.01,1,160,374,72.8,988.6541,494158702644,Srasearch
997,4,3,134494.73,482,1650,4,320,1000,672.0,dell_r6725,3125,0.01,1,320,711,135.0,994.625645,496724774985,Srasearch
997,4,3,127735.25,482,1677,4,320,1000,672.0,dell_r6725,3125,0.01,1,320,711,135.0,944.300215,472008674697,Srasearch
997,4,3,133819.27,483,1668,4,320,1000,672.0,dell_r6725,3125,0.01,1,320,711,135.0,989.474386,494133454776,Srasearch
998,4,3,127439.92,482,1658,4,320,1000,672.0,dell_r6725,3125,0.01,1,320,711,135.0,942.266174,470998345468,Srasearch
997,4,3,124914.95,483,1699,4,320,1000,672.0,dell_r6725,3125,0.01,1,320,711,135.0,923.453915,461035525565,Srasearch
997,4,3,138084.44,480,1850,4,320,1000,672.0,dell_r6725,3125,0.01,1,320,711,135.0,1021.102829,510295050236,Srasearch
997,4,3,130674.56,486,1638,4,320,1000,672.0,dell_r6725,3125,0.01,1,320,711,135.0,966.052512,482890691757,Srasearch
997,4,3,127355.91,486,1613,4,320,1000,672.0,dell_r6725,3125,0.01,1,320,711,135.0,941.755845,470723973403,Srasearch
998,4,3,131519.15,485,1643,4,320,1000,672.0,dell_r6725,3125,0.01,1,320,711,135.0,972.374901,485653433921,Srasearch
997,4,3,130064.72,482,1690,4,320,1000,672.0,dell_r6725,3125,0.01,1,320,711,135.0,961.711227,480720862139,Srasearch
998,4,3,439072.1,484,1730,4,344,1000,688.0,lenovo_sr850,3125,0.01,1,344,1578,450.0,974.813149,487268147445,Srasearch
998,4,3,418487.93,481,1752,4,344,1000,688.0,lenovo_sr850,3125,0.01,1,344,1578,450.0,929.077788,463960916265,Srasearch
997,4,3,430588.04,484,1753,4,344,1000,688.0,lenovo_sr850,3125,0.01,1,344,1578,450.0,955.935297,477833248549,Srasearch
998,4,3,440519.04,484,1670,4,344,1000,688.0,lenovo_sr850,3125,0.01,1,344,1578,450.0,978.032163,488880755044,Srasearch
998,4,3,452967.07,482,1670,4,344,1000,688.0,lenovo_sr850,3125,0.01,1,344,1578,450.0,1005.674259,502701217638,Srasearch
998,4,3,430127.53,484,1659,4,344,1000,688.0,lenovo_sr850,3125,0.01,1,344,1578,450.0,954.914858,476929183765,Srasearch
998,4,3,437911.42,485,1648,4,344,1000,688.0,lenovo_sr850,3125,0.01,1,344,1578,450.0,972.17668,485758726004,Srasearch
998,4,3,427296.56,485,1631,4,344,1000,688.0,lenovo_sr850,3125,0.01,1,344,1578,450.0,948.644321,473499462120,Srasearch
997,4,3,424112.65,484,1675,4,344,1000,688.0,lenovo_sr850,3125,0.01,1,344,1578,450.0,941.545106,470581754537,Srasearch
998,4,3,423140.99,482,1772,4,344,1000,688.0,lenovo_sr850,3125,0.01,1,344,1578,450.0,939.374766,469090269665,Srasearch
63,1,0,0.16,63,0,1,160,1000,336.0,dell_r6715,3125,0.01,1,160,374,72.8,0.001925,0,Rnaseq
63,1,0,0.16,63,0,1,160,1000,336.0,dell_r6715,3125,0.01,1,160,374,72.8,0.001925,0,Rnaseq
63,1,0,0.16,63,0,1,160,1000,336.0,dell_r6715,3125,0.01,1,160,374,72.8,0.001925,0,Rnaseq
63,1,0,0.16,63,0,1,160,1000,336.0,dell_r6715,3125,0.01,1,160,374,72.8,0.001925,0,Rnaseq
63,1,0,0.16,63,0,1,160,1000,336.0,dell_r6715,3125,0.01,1,160,374,72.8,0.001925,0,Rnaseq
63,1,0,0.16,63,0,1,160,1000,336.0,dell_r6715,3125,0.01,1,160,374,72.8,0.001925,0,Rnaseq
63,1,0,0.16,63,0,1,160,1000,336.0,dell_r6715,3125,0.01,1,160,374,72.8,0.001925,0,Rnaseq
63,1,0,0.16,63,0,1,160,1000,336.0,dell_r6715,3125,0.01,1,160,374,72.8,0.001925,0,Rnaseq
63,1,0,0.16,63,0,1,160,1000,336.0,dell_r6715,3125,0.01,1,160,374,72.8,0.001925,0,Rnaseq
63,1,0,0.16,63,0,1,160,1000,336.0,dell_r6715,3125,0.01,1,160,374,72.8,0.001925,0,Rnaseq
63,1,0,0.14,63,0,1,320,1000,672.0,dell_r6725,3125,0.01,1,320,711,135.0,0.000963,0,Rnaseq
63,1,0,0.14,63,0,1,320,1000,672.0,dell_r6725,3125,0.01,1,320,711,135.0,0.000963,0,Rnaseq
63,1,0,0.14,63,0,1,320,1000,672.0,dell_r6725,3125,0.01,1,320,711,135.0,0.000963,0,Rnaseq
63,1,0,0.14,63,0,1,320,1000,672.0,dell_r6725,3125,0.01,1,320,711,135.0,0.000963,0,Rnaseq
63,1,0,0.14,63,0,1,320,1000,672.0,dell_r6725,3125,0.01,1,320,711,135.0,0.000963,0,Rnaseq
63,1,0,0.14,63,0,1,320,1000,672.0,dell_r6725,3125,0.01,1,320,711,135.0,0.000963,0,Rnaseq
63,1,0,0.14,63,0,1,320,1000,672.0,dell_r6725,3125,0.01,1,320,711,135.0,0.000963,0,Rnaseq
63,1,0,0.14,63,0,1,320,1000,672.0,dell_r6725,3125,0.01,1,320,711,135.0,0.000963,0,Rnaseq
63,1,0,0.14,63,0,1,320,1000,672.0,dell_r6725,3125,0.01,1,320,711,135.0,0.000963,0,Rnaseq
63,1,0,0.14,63,0,1,320,1000,672.0,dell_r6725,3125,0.01,1,320,711,135.0,0.000963,0,Rnaseq
63,1,0,0.44,63,0,1,344,1000,688.0,lenovo_sr850,3125,0.01,1,344,1578,450.0,0.00094,0,Rnaseq
63,1,0,0.44,63,0,1,344,1000,688.0,lenovo_sr850,3125,0.01,1,344,1578,450.0,0.00094,0,Rnaseq
63,1,0,0.44,63,0,1,344,1000,688.0,lenovo_sr850,3125,0.01,1,344,1578,450.0,0.00094,0,Rnaseq
63,1,0,0.44,63,0,1,344,1000,688.0,lenovo_sr850,3125,0.01,1,344,1578,450.0,0.00094,0,Rnaseq
63,1,0,0.44,63,0,1,344,1000,688.0,lenovo_sr850,3125,0.01,1,344,1578,450.0,0.00094,0,Rnaseq
63,1,0,0.44,63,0,1,344,1000,688.0,lenovo_sr850,3125,0.01,1,344,1578,450.0,0.00094,0,Rnaseq
63,1,0,0.44,63,0,1,344,1000,688.0,lenovo_sr850,3125,0.01,1,344,1578,450.0,0.00094,0,Rnaseq
63,1,0,0.44,63,0,1,344,1000,688.0,lenovo_sr850,3125,0.01,1,344,1578,450.0,0.00094,0,Rnaseq
63,1,0,0.44,63,0,1,344,1000,688.0,lenovo_sr850,3125,0.01,1,344,1578,450.0,0.00094,0,Rnaseq
63,1,0,0.44,63,0,1,344,1000,688.0,lenovo_sr850,3125,0.01,1,344,1578,450.0,0.00094,0,Rnaseq
126,1,0,0.17,126,0,1,160,1000,336.0,dell_r6715,3125,0.01,1,160,374,72.8,0.001925,0,Rnaseq
126,1,0,0.17,126,0,1,160,1000,336.0,dell_r6715,3125,0.01,1,160,374,72.8,0.001925,0,Rnaseq
126,1,0,0.17,126,0,1,160,1000,336.0,dell_r6715,3125,0.01,1,160,374,72.8,0.001925,0,Rnaseq
126,1,0,0.17,126,0,1,160,1000,336.0,dell_r6715,3125,0.01,1,160,374,72.8,0.001925,0,Rnaseq
126,1,0,0.17,126,0,1,160,1000,336.0,dell_r6715,3125,0.01,1,160,374,72.8,0.001925,0,Rnaseq
126,1,0,0.17,126,0,1,160,1000,336.0,dell_r6715,3125,0.01,1,160,374,72.8,0.001925,0,Rnaseq
126,1,0,0.17,126,0,1,160,1000,336.0,dell_r6715,3125,0.01,1,160,374,72.8,0.001925,0,Rnaseq
126,1,0,0.17,126,0,1,160,1000,336.0,dell_r6715,3125,0.01,1,160,374,72.8,0.001925,0,Rnaseq
126,1,0,0.17,126,0,1,160,1000,336.0,dell_r6715,3125,0.01,1,160,374,72.8,0.001925,0,Rnaseq
126,1,0,0.17,126,0,1,160,1000,336.0,dell_r6715,3125,0.01,1,160,374,72.8,0.001925,0,Rnaseq
126,1,0,0.15,126,0,1,320,1000,672.0,dell_r6725,3125,0.01,1,320,711,135.0,0.000963,0,Rnaseq
126,1,0,0.15,126,0,1,320,1000,672.0,dell_r6725,3125,0.01,1,320,711,135.0,0.000963,0,Rnaseq
126,1,0,0.15,126,0,1,320,1000,672.0,dell_r6725,3125,0.01,1,320,711,135.0,0.000963,0,Rnaseq
126,1,0,0.15,126,0,1,320,1000,672.0,dell_r6725,3125,0.01,1,320,711,135.0,0.000963,0,Rnaseq
126,1,0,0.15,126,0,1,320,1000,672.0,dell_r6725,3125,0.01,1,320,711,135.0,0.000963,0,Rnaseq
126,1,0,0.15,126,0,1,320,1000,672.0,dell_r6725,3125,0.01,1,320,711,135.0,0.000963,0,Rnaseq
126,1,0,0.15,126,0,1,320,1000,672.0,dell_r6725,3125,0.01,1,320,711,135.0,0.000963,0,Rnaseq
126,1,0,0.15,126,0,1,320,1000,672.0,dell_r6725,3125,0.01,1,320,711,135.0,0.000963,0,Rnaseq
126,1,0,0.15,126,0,1,320,1000,672.0,dell_r6725,3125,0.01,1,320,711,135.0,0.000963,0,Rnaseq
126,1,0,0.15,126,0,1,320,1000,672.0,dell_r6725,3125,0.01,1,320,711,135.0,0.000963,0,Rnaseq
126,1,0,0.45,126,0,1,344,1000,688.0,lenovo_sr850,3125,0.01,1,344,1578,450.0,0.00094,0,Rnaseq
126,1,0,0.45,126,0,1,344,1000,688.0,lenovo_sr850,3125,0.01,1,344,1578,450.0,0.00094,0,Rnaseq
126,1,0,0.45,126,0,1,344,1000,688.0,lenovo_sr850,3125,0.01,1,344,1578,450.0,0.00094,0,Rnaseq
126,1,0,0.45,126,0,1,344,1000,688.0,lenovo_sr850,3125,0.01,1,344,1578,450.0,0.00094,0,Rnaseq
126,1,0,0.45,126,0,1,344,1000,688.0,lenovo_sr850,3125,0.01,1,344,1578,450.0,0.00094,0,Rnaseq
126,1,0,0.45,126,0,1,344,1000,688.0,lenovo_sr850,3125,0.01,1,344,1578,450.0,0.00094,0,Rnaseq
126,1,0,0.45,126,0,1,344,1000,688.0,lenovo_sr850,3125,0.01,1,344,1578,450.0,0.00094,0,Rnaseq
126,1,0,0.45,126,0,1,344,1000,688.0,lenovo_sr850,3125,0.01,1,344,1578,450.0,0.00094,0,Rnaseq
126,1,0,0.45,126,0,1,344,1000,688.0,lenovo_sr850,3125,0.01,1,344,1578,450.0,0.00094,0,Rnaseq
126,1,0,0.45,126,0,1,344,1000,688.0,lenovo_sr850,3125,0.01,1,344,1578,450.0,0.00094,0,Rnaseq
189,1,0,0.19,189,0,1,160,1000,336.0,dell_r6715,3125,0.01,1,160,374,72.8,0.001925,0,Rnaseq
189,1,0,0.19,189,0,1,160,1000,336.0,dell_r6715,3125,0.01,1,160,374,72.8,0.001925,0,Rnaseq
189,1,0,0.19,189,0,1,160,1000,336.0,dell_r6715,3125,0.01,1,160,374,72.8,0.001925,0,Rnaseq
189,1,0,0.19,189,0,1,160,1000,336.0,dell_r6715,3125,0.01,1,160,374,72.8,0.001925,0,Rnaseq
189,1,0,0.19,189,0,1,160,1000,336.0,dell_r6715,3125,0.01,1,160,374,72.8,0.001925,0,Rnaseq
189,1,0,0.19,189,0,1,160,1000,336.0,dell_r6715,3125,0.01,1,160,374,72.8,0.001925,0,Rnaseq
189,1,0,0.19,189,0,1,160,1000,336.0,dell_r6715,3125,0.01,1,160,374,72.8,0.001925,0,Rnaseq
189,1,0,0.19,189,0,1,160,1000,336.0,dell_r6715,3125,0.01,1,160,374,72.8,0.001925,0,Rnaseq
189,1,0,0.19,189,0,1,160,1000,336.0,dell_r6715,3125,0.01,1,160,374,72.8,0.001925,0,Rnaseq
189,1,0,0.19,189,0,1,160,1000,336.0,dell_r6715,3125,0.01,1,160,374,72.8,0.001925,0,Rnaseq
189,1,0,0.15,189,0,1,320,1000,672.0,dell_r6725,3125,0.01,1,320,711,135.0,0.000963,0,Rnaseq
189,1,0,0.15,189,0,1,320,1000,672.0,dell_r6725,3125,0.01,1,320,711,135.0,0.000963,0,Rnaseq
189,1,0,0.15,189,0,1,320,1000,672.0,dell_r6725,3125,0.01,1,320,711,135.0,0.000963,0,Rnaseq
189,1,0,0.15,189,0,1,320,1000,672.0,dell_r6725,3125,0.01,1,320,711,135.0,0.000963,0,Rnaseq
189,1,0,0.15,189,0,1,320,1000,672.0,dell_r6725,3125,0.01,1,320,711,135.0,0.000963,0,Rnaseq
189,1,0,0.15,189,0,1,320,1000,672.0,dell_r6725,3125,0.01,1,320,711,135.0,0.000963,0,Rnaseq
189,1,0,0.15,189,0,1,320,1000,672.0,dell_r6725,3125,0.01,1,320,711,135.0,0.000963,0,Rnaseq
189,1,0,0.15,189,0,1,320,1000,672.0,dell_r6725,3125,0.01,1,320,711,135.0,0.000963,0,Rnaseq
189,1,0,0.15,189,0,1,320,1000,672.0,dell_r6725,3125,0.01,1,320,711,135.0,0.000963,0,Rnaseq
189,1,0,0.15,189,0,1,320,1000,672.0,dell_r6725,3125,0.01,1,320,711,135.0,0.000963,0,Rnaseq
189,1,0,0.46,189,0,1,344,1000,688.0,lenovo_sr850,3125,0.01,1,344,1578,450.0,0.00094,0,Rnaseq
189,1,0,0.46,189,0,1,344,1000,688.0,lenovo_sr850,3125,0.01,1,344,1578,450.0,0.00094,0,Rnaseq
189,1,0,0.46,189,0,1,344,1000,688.0,lenovo_sr850,3125,0.01,1,344,1578,450.0,0.00094,0,Rnaseq
189,1,0,0.46,189,0,1,344,1000,688.0,lenovo_sr850,3125,0.01,1,344,1578,450.0,0.00094,0,Rnaseq
189,1,0,0.46,189,0,1,344,1000,688.0,lenovo_sr850,3125,0.01,1,344,1578,450.0,0.00094,0,Rnaseq
189,1,0,0.46,189,0,1,344,1000,688.0,lenovo_sr850,3125,0.01,1,344,1578,450.0,0.00094,0,Rnaseq
189,1,0,0.46,189,0,1,344,1000,688.0,lenovo_sr850,3125,0.01,1,344,1578,450.0,0.00094,0,Rnaseq
189,1,0,0.46,189,0,1,344,1000,688.0,lenovo_sr850,3125,0.01,1,344,1578,450.0,0.00094,0,Rnaseq
189,1,0,0.46,189,0,1,344,1000,688.0,lenovo_sr850,3125,0.01,1,344,1578,450.0,0.00094,0,Rnaseq
189,1,0,0.46,189,0,1,344,1000,688.0,lenovo_sr850,3125,0.01,1,344,1578,450.0,0.00094,0,Rnaseq
189,1,0,0.19,189,0,1,160,1000,336.0,dell_r6715,3125,0.01,1,160,374,72.8,0.001925,0,Rnaseq
189,1,0,0.19,189,0,1,160,1000,336.0,dell_r6715,3125,0.01,1,160,374,72.8,0.001925,0,Rnaseq
189,1,0,0.19,189,0,1,160,1000,336.0,dell_r6715,3125,0.01,1,160,374,72.8,0.001925,0,Rnaseq
189,1,0,0.19,189,0,1,160,1000,336.0,dell_r6715,3125,0.01,1,160,374,72.8,0.001925,0,Rnaseq
189,1,0,0.19,189,0,1,160,1000,336.0,dell_r6715,3125,0.01,1,160,374,72.8,0.001925,0,Rnaseq
189,1,0,0.19,189,0,1,160,1000,336.0,dell_r6715,3125,0.01,1,160,374,72.8,0.001925,0,Rnaseq
189,1,0,0.19,189,0,1,160,1000,336.0,dell_r6715,3125,0.01,1,160,374,72.8,0.001925,0,Rnaseq
189,1,0,0.19,189,0,1,160,1000,336.0,dell_r6715,3125,0.01,1,160,374,72.8,0.001925,0,Rnaseq
189,1,0,0.19,189,0,1,160,1000,336.0,dell_r6715,3125,0.01,1,160,374,72.8,0.001925,0,Rnaseq
189,1,0,0.19,189,0,1,160,1000,336.0,dell_r6715,3125,0.01,1,160,374,72.8,0.001925,0,Rnaseq
189,1,0,0.15,189,0,1,320,1000,672.0,dell_r6725,3125,0.01,1,320,711,135.0,0.000963,0,Rnaseq
189,1,0,0.15,189,0,1,320,1000,672.0,dell_r6725,3125,0.01,1,320,711,135.0,0.000963,0,Rnaseq
189,1,0,0.15,189,0,1,320,1000,672.0,dell_r6725,3125,0.01,1,320,711,135.0,0.000963,0,Rnaseq
189,1,0,0.15,189,0,1,320,1000,672.0,dell_r6725,3125,0.01,1,320,711,135.0,0.000963,0,Rnaseq
189,1,0,0.15,189,0,1,320,1000,672.0,dell_r6725,3125,0.01,1,320,711,135.0,0.000963,0,Rnaseq
189,1,0,0.15,189,0,1,320,1000,672.0,dell_r6725,3125,0.01,1,320,711,135.0,0.000963,0,Rnaseq
189,1,0,0.15,189,0,1,320,1000,672.0,dell_r6725,3125,0.01,1,320,711,135.0,0.000963,0,Rnaseq
189,1,0,0.15,189,0,1,320,1000,672.0,dell_r6725,3125,0.01,1,320,711,135.0,0.000963,0,Rnaseq
189,1,0,0.15,189,0,1,320,1000,672.0,dell_r6725,3125,0.01,1,320,711,135.0,0.000963,0,Rnaseq
189,1,0,0.15,189,0,1,320,1000,672.0,dell_r6725,3125,0.01,1,320,711,135.0,0.000963,0,Rnaseq
189,1,0,0.46,189,0,1,344,1000,688.0,lenovo_sr850,3125,0.01,1,344,1578,450.0,0.00094,0,Rnaseq
189,1,0,0.46,189,0,1,344,1000,688.0,lenovo_sr850,3125,0.01,1,344,1578,450.0,0.00094,0,Rnaseq
189,1,0,0.46,189,0,1,344,1000,688.0,lenovo_sr850,3125,0.01,1,344,1578,450.0,0.00094,0,Rnaseq
189,1,0,0.46,189,0,1,344,1000,688.0,lenovo_sr850,3125,0.01,1,344,1578,450.0,0.00094,0,Rnaseq
189,1,0,0.46,189,0,1,344,1000,688.0,lenovo_sr850,3125,0.01,1,344,1578,450.0,0.00094,0,Rnaseq
189,1,0,0.46,189,0,1,344,1000,688.0,lenovo_sr850,3125,0.01,1,344,1578,450.0,0.00094,0,Rnaseq
189,1,0,0.46,189,0,1,344,1000,688.0,lenovo_sr850,3125,0.01,1,344,1578,450.0,0.00094,0,Rnaseq
189,1,0,0.46,189,0,1,344,1000,688.0,lenovo_sr850,3125,0.01,1,344,1578,450.0,0.00094,0,Rnaseq
189,1,0,0.46,189,0,1,344,1000,688.0,lenovo_sr850,3125,0.01,1,344,1578,450.0,0.00094,0,Rnaseq
189,1,0,0.46,189,0,1,344,1000,688.0,lenovo_sr850,3125,0.01,1,344,1578,450.0,0.00094,0,Rnaseq
252,1,0,0.21,252,0,1,160,1000,336.0,dell_r6715,3125,0.01,1,160,374,72.8,0.001935,0,Rnaseq
252,1,0,0.21,252,0,1,160,1000,336.0,dell_r6715,3125,0.01,1,160,374,72.8,0.001935,0,Rnaseq
252,1,0,0.21,252,0,1,160,1000,336.0,dell_r6715,3125,0.01,1,160,374,72.8,0.001935,0,Rnaseq
252,1,0,0.21,252,0,1,160,1000,336.0,dell_r6715,3125,0.01,1,160,374,72.8,0.001935,0,Rnaseq
252,1,0,0.21,252,0,1,160,1000,336.0,dell_r6715,3125,0.01,1,160,374,72.8,0.001935,0,Rnaseq
252,1,0,0.21,252,0,1,160,1000,336.0,dell_r6715,3125,0.01,1,160,374,72.8,0.001935,0,Rnaseq
252,1,0,0.21,252,0,1,160,1000,336.0,dell_r6715,3125,0.01,1,160,374,72.8,0.001935,0,Rnaseq
252,1,0,0.21,252,0,1,160,1000,336.0,dell_r6715,3125,0.01,1,160,374,72.8,0.001935,0,Rnaseq
252,1,0,0.21,252,0,1,160,1000,336.0,dell_r6715,3125,0.01,1,160,374,72.8,0.001935,0,Rnaseq
252,1,0,0.21,252,0,1,160,1000,336.0,dell_r6715,3125,0.01,1,160,374,72.8,0.001935,0,Rnaseq
252,1,0,0.16,252,0,1,320,1000,672.0,dell_r6725,3125,0.01,1,320,711,135.0,0.000963,0,Rnaseq
252,1,0,0.16,252,0,1,320,1000,672.0,dell_r6725,3125,0.01,1,320,711,135.0,0.000963,0,Rnaseq
252,1,0,0.16,252,0,1,320,1000,672.0,dell_r6725,3125,0.01,1,320,711,135.0,0.000963,0,Rnaseq
252,1,0,0.16,252,0,1,320,1000,672.0,dell_r6725,3125,0.01,1,320,711,135.0,0.000963,0,Rnaseq
252,1,0,0.16,252,0,1,320,1000,672.0,dell_r6725,3125,0.01,1,320,711,135.0,0.000963,0,Rnaseq
252,1,0,0.16,252,0,1,320,1000,672.0,dell_r6725,3125,0.01,1,320,711,135.0,0.000963,0,Rnaseq
252,1,0,0.16,252,0,1,320,1000,672.0,dell_r6725,3125,0.01,1,320,711,135.0,0.000963,0,Rnaseq
252,1,0,0.16,252,0,1,320,1000,672.0,dell_r6725,3125,0.01,1,320,711,135.0,0.000963,0,Rnaseq
252,1,0,0.16,252,0,1,320,1000,672.0,dell_r6725,3125,0.01,1,320,711,135.0,0.000963,0,Rnaseq
252,1,0,0.16,252,0,1,320,1000,672.0,dell_r6725,3125,0.01,1,320,711,135.0,0.000963,0,Rnaseq
252,1,0,0.48,252,0,1,344,1000,688.0,lenovo_sr850,3125,0.01,1,344,1578,450.0,0.00094,0,Rnaseq
252,1,0,0.48,252,0,1,344,1000,688.0,lenovo_sr850,3125,0.01,1,344,1578,450.0,0.00094,0,Rnaseq
252,1,0,0.48,252,0,1,344,1000,688.0,lenovo_sr850,3125,0.01,1,344,1578,450.0,0.00094,0,Rnaseq
252,1,0,0.48,252,0,1,344,1000,688.0,lenovo_sr850,3125,0.01,1,344,1578,450.0,0.00094,0,Rnaseq
252,1,0,0.48,252,0,1,344,1000,688.0,lenovo_sr850,3125,0.01,1,344,1578,450.0,0.00094,0,Rnaseq
252,1,0,0.48,252,0,1,344,1000,688.0,lenovo_sr850,3125,0.01,1,344,1578,450.0,0.00094,0,Rnaseq
252,1,0,0.48,252,0,1,344,1000,688.0,lenovo_sr850,3125,0.01,1,344,1578,450.0,0.00094,0,Rnaseq
252,1,0,0.48,252,0,1,344,1000,688.0,lenovo_sr850,3125,0.01,1,344,1578,450.0,0.00094,0,Rnaseq
252,1,0,0.48,252,0,1,344,1000,688.0,lenovo_sr850,3125,0.01,1,344,1578,450.0,0.00094,0,Rnaseq
252,1,0,0.48,252,0,1,344,1000,688.0,lenovo_sr850,3125,0.01,1,344,1578,450.0,0.00094,0,Rnaseq
378,1,0,0.24,378,0,1,160,1000,336.0,dell_r6715,3125,0.01,1,160,374,72.8,0.001996,0,Rnaseq
378,1,0,0.24,378,0,1,160,1000,336.0,dell_r6715,3125,0.01,1,160,374,72.8,0.001996,0,Rnaseq
378,1,0,0.24,378,0,1,160,1000,336.0,dell_r6715,3125,0.01,1,160,374,72.8,0.001996,0,Rnaseq
378,1,0,0.24,378,0,1,160,1000,336.0,dell_r6715,3125,0.01,1,160,374,72.8,0.001996,0,Rnaseq
378,1,0,0.24,378,0,1,160,1000,336.0,dell_r6715,3125,0.01,1,160,374,72.8,0.001996,0,Rnaseq
378,1,0,0.24,378,0,1,160,1000,336.0,dell_r6715,3125,0.01,1,160,374,72.8,0.001996,0,Rnaseq
378,1,0,0.24,378,0,1,160,1000,336.0,dell_r6715,3125,0.01,1,160,374,72.8,0.001996,0,Rnaseq
378,1,0,0.24,378,0,1,160,1000,336.0,dell_r6715,3125,0.01,1,160,374,72.8,0.001996,0,Rnaseq
378,1,0,0.24,378,0,1,160,1000,336.0,dell_r6715,3125,0.01,1,160,374,72.8,0.001996,0,Rnaseq
378,1,0,0.24,378,0,1,160,1000,336.0,dell_r6715,3125,0.01,1,160,374,72.8,0.001996,0,Rnaseq
378,1,0,0.18,378,0,1,320,1000,672.0,dell_r6725,3125,0.01,1,320,711,135.0,0.000963,0,Rnaseq
378,1,0,0.18,378,0,1,320,1000,672.0,dell_r6725,3125,0.01,1,320,711,135.0,0.000963,0,Rnaseq
378,1,0,0.18,378,0,1,320,1000,672.0,dell_r6725,3125,0.01,1,320,711,135.0,0.000963,0,Rnaseq
378,1,0,0.18,378,0,1,320,1000,672.0,dell_r6725,3125,0.01,1,320,711,135.0,0.000963,0,Rnaseq
378,1,0,0.18,378,0,1,320,1000,672.0,dell_r6725,3125,0.01,1,320,711,135.0,0.000963,0,Rnaseq
378,1,0,0.18,378,0,1,320,1000,672.0,dell_r6725,3125,0.01,1,320,711,135.0,0.000963,0,Rnaseq
378,1,0,0.18,378,0,1,320,1000,672.0,dell_r6725,3125,0.01,1,320,711,135.0,0.000963,0,Rnaseq
378,1,0,0.18,378,0,1,320,1000,672.0,dell_r6725,3125,0.01,1,320,711,135.0,0.000963,0,Rnaseq
378,1,0,0.18,378,0,1,320,1000,672.0,dell_r6725,3125,0.01,1,320,711,135.0,0.000963,0,Rnaseq
378,1,0,0.18,378,0,1,320,1000,672.0,dell_r6725,3125,0.01,1,320,711,135.0,0.000963,0,Rnaseq
378,1,0,0.51,378,0,1,344,1000,688.0,lenovo_sr850,3125,0.01,1,344,1578,450.0,0.00094,0,Rnaseq
378,1,0,0.51,378,0,1,344,1000,688.0,lenovo_sr850,3125,0.01,1,344,1578,450.0,0.00094,0,Rnaseq
378,1,0,0.51,378,0,1,344,1000,688.0,lenovo_sr850,3125,0.01,1,344,1578,450.0,0.00094,0,Rnaseq
378,1,0,0.51,378,0,1,344,1000,688.0,lenovo_sr850,3125,0.01,1,344,1578,450.0,0.00094,0,Rnaseq
378,1,0,0.51,378,0,1,344,1000,688.0,lenovo_sr850,3125,0.01,1,344,1578,450.0,0.00094,0,Rnaseq
378,1,0,0.51,378,0,1,344,1000,688.0,lenovo_sr850,3125,0.01,1,344,1578,450.0,0.00094,0,Rnaseq
378,1,0,0.51,378,0,1,344,1000,688.0,lenovo_sr850,3125,0.01,1,344,1578,450.0,0.00094,0,Rnaseq
378,1,0,0.51,378,0,1,344,1000,688.0,lenovo_sr850,3125,0.01,1,344,1578,450.0,0.00094,0,Rnaseq
378,1,0,0.51,378,0,1,344,1000,688.0,lenovo_sr850,3125,0.01,1,344,1578,450.0,0.00094,0,Rnaseq
378,1,0,0.51,378,0,1,344,1000,688.0,lenovo_sr850,3125,0.01,1,344,1578,450.0,0.00094,0,Rnaseq
441,1,0,0.26,441,0,1,160,1000,336.0,dell_r6715,3125,0.01,1,160,374,72.8,0.002044,0,Rnaseq
441,1,0,0.26,441,0,1,160,1000,336.0,dell_r6715,3125,0.01,1,160,374,72.8,0.002044,0,Rnaseq
441,1,0,0.26,441,0,1,160,1000,336.0,dell_r6715,3125,0.01,1,160,374,72.8,0.002044,0,Rnaseq
441,1,0,0.26,441,0,1,160,1000,336.0,dell_r6715,3125,0.01,1,160,374,72.8,0.002044,0,Rnaseq
441,1,0,0.26,441,0,1,160,1000,336.0,dell_r6715,3125,0.01,1,160,374,72.8,0.002044,0,Rnaseq
441,1,0,0.26,441,0,1,160,1000,336.0,dell_r6715,3125,0.01,1,160,374,72.8,0.002044,0,Rnaseq
441,1,0,0.26,441,0,1,160,1000,336.0,dell_r6715,3125,0.01,1,160,374,72.8,0.002044,0,Rnaseq
441,1,0,0.26,441,0,1,160,1000,336.0,dell_r6715,3125,0.01,1,160,374,72.8,0.002044,0,Rnaseq
441,1,0,0.26,441,0,1,160,1000,336.0,dell_r6715,3125,0.01,1,160,374,72.8,0.002044,0,Rnaseq
441,1,0,0.26,441,0,1,160,1000,336.0,dell_r6715,3125,0.01,1,160,374,72.8,0.002044,0,Rnaseq
441,1,0,0.18,441,0,1,320,1000,672.0,dell_r6725,3125,0.01,1,320,711,135.0,0.000963,0,Rnaseq
441,1,0,0.18,441,0,1,320,1000,672.0,dell_r6725,3125,0.01,1,320,711,135.0,0.000963,0,Rnaseq
441,1,0,0.18,441,0,1,320,1000,672.0,dell_r6725,3125,0.01,1,320,711,135.0,0.000963,0,Rnaseq
441,1,0,0.18,441,0,1,320,1000,672.0,dell_r6725,3125,0.01,1,320,711,135.0,0.000963,0,Rnaseq
441,1,0,0.18,441,0,1,320,1000,672.0,dell_r6725,3125,0.01,1,320,711,135.0,0.000963,0,Rnaseq
441,1,0,0.18,441,0,1,320,1000,672.0,dell_r6725,3125,0.01,1,320,711,135.0,0.000963,0,Rnaseq
441,1,0,0.18,441,0,1,320,1000,672.0,dell_r6725,3125,0.01,1,320,711,135.0,0.000963,0,Rnaseq
441,1,0,0.18,441,0,1,320,1000,672.0,dell_r6725,3125,0.01,1,320,711,135.0,0.000963,0,Rnaseq
441,1,0,0.18,441,0,1,320,1000,672.0,dell_r6725,3125,0.01,1,320,711,135.0,0.000963,0,Rnaseq
441,1,0,0.18,441,0,1,320,1000,672.0,dell_r6725,3125,0.01,1,320,711,135.0,0.000963,0,Rnaseq
441,1,0,0.52,441,0,1,344,1000,688.0,lenovo_sr850,3125,0.01,1,344,1578,450.0,0.00094,0,Rnaseq
441,1,0,0.52,441,0,1,344,1000,688.0,lenovo_sr850,3125,0.01,1,344,1578,450.0,0.00094,0,Rnaseq
441,1,0,0.52,441,0,1,344,1000,688.0,lenovo_sr850,3125,0.01,1,344,1578,450.0,0.00094,0,Rnaseq
441,1,0,0.52,441,0,1,344,1000,688.0,lenovo_sr850,3125,0.01,1,344,1578,450.0,0.00094,0,Rnaseq
441,1,0,0.52,441,0,1,344,1000,688.0,lenovo_sr850,3125,0.01,1,344,1578,450.0,0.00094,0,Rnaseq
441,1,0,0.52,441,0,1,344,1000,688.0,lenovo_sr850,3125,0.01,1,344,1578,450.0,0.00094,0,Rnaseq
441,1,0,0.52,441,0,1,344,1000,688.0,lenovo_sr850,3125,0.01,1,344,1578,450.0,0.00094,0,Rnaseq
441,1,0,0.52,441,0,1,344,1000,688.0,lenovo_sr850,3125,0.01,1,344,1578,450.0,0.00094,0,Rnaseq
441,1,0,0.52,441,0,1,344,1000,688.0,lenovo_sr850,3125,0.01,1,344,1578,450.0,0.00094,0,Rnaseq
441,1,0,0.52,441,0,1,344,1000,688.0,lenovo_sr850,3125,0.01,1,344,1578,450.0,0.00094,0,Rnaseq
693,1,0,0.34,693,0,1,160,1000,336.0,dell_r6715,3125,0.01,1,160,374,72.8,0.002193,0,Rnaseq
693,1,0,0.34,693,0,1,160,1000,336.0,dell_r6715,3125,0.01,1,160,374,72.8,0.002193,0,Rnaseq
693,1,0,0.34,693,0,1,160,1000,336.0,dell_r6715,3125,0.01,1,160,374,72.8,0.002193,0,Rnaseq
693,1,0,0.34,693,0,1,160,1000,336.0,dell_r6715,3125,0.01,1,160,374,72.8,0.002193,0,Rnaseq
693,1,0,0.34,693,0,1,160,1000,336.0,dell_r6715,3125,0.01,1,160,374,72.8,0.002193,0,Rnaseq
693,1,0,0.34,693,0,1,160,1000,336.0,dell_r6715,3125,0.01,1,160,374,72.8,0.002193,0,Rnaseq
693,1,0,0.34,693,0,1,160,1000,336.0,dell_r6715,3125,0.01,1,160,374,72.8,0.002193,0,Rnaseq
693,1,0,0.34,693,0,1,160,1000,336.0,dell_r6715,3125,0.01,1,160,374,72.8,0.002193,0,Rnaseq
693,1,0,0.34,693,0,1,160,1000,336.0,dell_r6715,3125,0.01,1,160,374,72.8,0.002193,0,Rnaseq
693,1,0,0.34,693,0,1,160,1000,336.0,dell_r6715,3125,0.01,1,160,374,72.8,0.002193,0,Rnaseq
693,1,0,0.22,693,0,1,320,1000,672.0,dell_r6725,3125,0.01,1,320,711,135.0,0.000993,0,Rnaseq
693,1,0,0.22,693,0,1,320,1000,672.0,dell_r6725,3125,0.01,1,320,711,135.0,0.000993,0,Rnaseq
693,1,0,0.22,693,0,1,320,1000,672.0,dell_r6725,3125,0.01,1,320,711,135.0,0.000993,0,Rnaseq
693,1,0,0.22,693,0,1,320,1000,672.0,dell_r6725,3125,0.01,1,320,711,135.0,0.000993,0,Rnaseq
693,1,0,0.22,693,0,1,320,1000,672.0,dell_r6725,3125,0.01,1,320,711,135.0,0.000993,0,Rnaseq
693,1,0,0.22,693,0,1,320,1000,672.0,dell_r6725,3125,0.01,1,320,711,135.0,0.000993,0,Rnaseq
693,1,0,0.22,693,0,1,320,1000,672.0,dell_r6725,3125,0.01,1,320,711,135.0,0.000993,0,Rnaseq
693,1,0,0.22,693,0,1,320,1000,672.0,dell_r6725,3125,0.01,1,320,711,135.0,0.000993,0,Rnaseq
693,1,0,0.22,693,0,1,320,1000,672.0,dell_r6725,3125,0.01,1,320,711,135.0,0.000993,0,Rnaseq
693,1,0,0.22,693,0,1,320,1000,672.0,dell_r6725,3125,0.01,1,320,711,135.0,0.000993,0,Rnaseq
693,1,0,0.59,693,0,1,344,1000,688.0,lenovo_sr850,3125,0.01,1,344,1578,450.0,0.000969,0,Rnaseq
693,1,0,0.59,693,0,1,344,1000,688.0,lenovo_sr850,3125,0.01,1,344,1578,450.0,0.000969,0,Rnaseq
693,1,0,0.59,693,0,1,344,1000,688.0,lenovo_sr850,3125,0.01,1,344,1578,450.0,0.000969,0,Rnaseq
693,1,0,0.59,693,0,1,344,1000,688.0,lenovo_sr850,3125,0.01,1,344,1578,450.0,0.000969,0,Rnaseq
693,1,0,0.59,693,0,1,344,1000,688.0,lenovo_sr850,3125,0.01,1,344,1578,450.0,0.000969,0,Rnaseq
693,1,0,0.59,693,0,1,344,1000,688.0,lenovo_sr850,3125,0.01,1,344,1578,450.0,0.000969,0,Rnaseq
693,1,0,0.59,693,0,1,344,1000,688.0,lenovo_sr850,3125,0.01,1,344,1578,450.0,0.000969,0,Rnaseq
693,1,0,0.59,693,0,1,344,1000,688.0,lenovo_sr850,3125,0.01,1,344,1578,450.0,0.000969,0,Rnaseq
693,1,0,0.59,693,0,1,344,1000,688.0,lenovo_sr850,3125,0.01,1,344,1578,450.0,0.000969,0,Rnaseq
693,1,0,0.59,693,0,1,344,1000,688.0,lenovo_sr850,3125,0.01,1,344,1578,450.0,0.000969,0,Rnaseq
945,1,0,0.42,945,0,1,160,1000,336.0,dell_r6715,3125,0.01,1,160,374,72.8,0.002372,0,Rnaseq
945,1,0,0.42,945,0,1,160,1000,336.0,dell_r6715,3125,0.01,1,160,374,72.8,0.002372,0,Rnaseq
945,1,0,0.42,945,0,1,160,1000,336.0,dell_r6715,3125,0.01,1,160,374,72.8,0.002372,0,Rnaseq
945,1,0,0.42,945,0,1,160,1000,336.0,dell_r6715,3125,0.01,1,160,374,72.8,0.002372,0,Rnaseq
945,1,0,0.42,945,0,1,160,1000,336.0,dell_r6715,3125,0.01,1,160,374,72.8,0.002372,0,Rnaseq
945,1,0,0.42,945,0,1,160,1000,336.0,dell_r6715,3125,0.01,1,160,374,72.8,0.002372,0,Rnaseq
945,1,0,0.42,945,0,1,160,1000,336.0,dell_r6715,3125,0.01,1,160,374,72.8,0.002372,0,Rnaseq
945,1,0,0.42,945,0,1,160,1000,336.0,dell_r6715,3125,0.01,1,160,374,72.8,0.002372,0,Rnaseq
945,1,0,0.42,945,0,1,160,1000,336.0,dell_r6715,3125,0.01,1,160,374,72.8,0.002372,0,Rnaseq
945,1,0,0.42,945,0,1,160,1000,336.0,dell_r6715,3125,0.01,1,160,374,72.8,0.002372,0,Rnaseq
945,1,0,0.26,945,0,1,320,1000,672.0,dell_r6725,3125,0.01,1,320,711,135.0,0.001037,0,Rnaseq
945,1,0,0.26,945,0,1,320,1000,672.0,dell_r6725,3125,0.01,1,320,711,135.0,0.001037,0,Rnaseq
945,1,0,0.26,945,0,1,320,1000,672.0,dell_r6725,3125,0.01,1,320,711,135.0,0.001037,0,Rnaseq
945,1,0,0.26,945,0,1,320,1000,672.0,dell_r6725,3125,0.01,1,320,711,135.0,0.001037,0,Rnaseq
945,1,0,0.26,945,0,1,320,1000,672.0,dell_r6725,3125,0.01,1,320,711,135.0,0.001037,0,Rnaseq
945,1,0,0.26,945,0,1,320,1000,672.0,dell_r6725,3125,0.01,1,320,711,135.0,0.001037,0,Rnaseq
945,1,0,0.26,945,0,1,320,1000,672.0,dell_r6725,3125,0.01,1,320,711,135.0,0.001037,0,Rnaseq
945,1,0,0.26,945,0,1,320,1000,672.0,dell_r6725,3125,0.01,1,320,711,135.0,0.001037,0,Rnaseq
945,1,0,0.26,945,0,1,320,1000,672.0,dell_r6725,3125,0.01,1,320,711,135.0,0.001037,0,Rnaseq
945,1,0,0.26,945,0,1,320,1000,672.0,dell_r6725,3125,0.01,1,320,711,135.0,0.001037,0,Rnaseq
945,1,0,0.66,945,0,1,344,1000,688.0,lenovo_sr850,3125,0.01,1,344,1578,450.0,0.000999,0,Rnaseq
945,1,0,0.66,945,0,1,344,1000,688.0,lenovo_sr850,3125,0.01,1,344,1578,450.0,0.000999,0,Rnaseq
945,1,0,0.66,945,0,1,344,1000,688.0,lenovo_sr850,3125,0.01,1,344,1578,450.0,0.000999,0,Rnaseq
945,1,0,0.66,945,0,1,344,1000,688.0,lenovo_sr850,3125,0.01,1,344,1578,450.0,0.000999,0,Rnaseq
945,1,0,0.66,945,0,1,344,1000,688.0,lenovo_sr850,3125,0.01,1,344,1578,450.0,0.000999,0,Rnaseq
945,1,0,0.66,945,0,1,344,1000,688.0,lenovo_sr850,3125,0.01,1,344,1578,450.0,0.000999,0,Rnaseq
945,1,0,0.66,945,0,1,344,1000,688.0,lenovo_sr850,3125,0.01,1,344,1578,450.0,0.000999,0,Rnaseq
945,1,0,0.66,945,0,1,344,1000,688.0,lenovo_sr850,3125,0.01,1,344,1578,450.0,0.000999,0,Rnaseq
945,1,0,0.66,945,0,1,344,1000,688.0,lenovo_sr850,3125,0.01,1,344,1578,450.0,0.000999,0,Rnaseq
945,1,0,0.66,945,0,1,344,1000,688.0,lenovo_sr850,3125,0.01,1,344,1578,450.0,0.000999,0,Rnaseq
148,2,2,7.33,147,147,2,12,1000,40.8,lenovo_st45,3125,0.01,1,12,105,21.5,0.080189,2704600,Seismology
148,2,2,7.07,147,147,2,12,1000,40.8,lenovo_st45,3125,0.01,1,12,105,21.5,0.075813,2810929,Seismology
148,2,2,7.28,147,147,2,12,1000,40.8,lenovo_st45,3125,0.01,1,12,105,21.5,0.078418,2825086,Seismology
148,2,2,7.05,147,147,2,12,1000,40.8,lenovo_st45,3125,0.01,1,12,105,21.5,0.075783,2689050,Seismology
148,2,2,6.7,147,147,2,12,1000,40.8,lenovo_st45,3125,0.01,1,12,105,21.5,0.07136,2730174,Seismology
148,2,2,6.62,147,147,2,12,1000,40.8,lenovo_st45,3125,0.01,1,12,105,21.5,0.07154,2721176,Seismology
148,2,2,7.93,147,147,2,12,1000,40.8,lenovo_st45,3125,0.01,1,12,105,21.5,0.084586,2698353,Seismology
148,2,2,6.69,147,147,2,12,1000,40.8,lenovo_st45,3125,0.01,1,12,105,21.5,0.071863,2702972,Seismology
148,2,2,6.85,147,147,2,12,1000,40.8,lenovo_st45,3125,0.01,1,12,105,21.5,0.072577,2733299,Seismology
148,2,2,7.21,147,147,2,12,1000,40.8,lenovo_st45,3125,0.01,1,12,105,21.5,0.077093,2882208,Seismology
198,2,2,9.56,197,197,2,12,1000,40.8,lenovo_st45,3125,0.01,1,12,105,21.5,0.101463,3739891,Seismology
198,2,2,9.41,197,197,2,12,1000,40.8,lenovo_st45,3125,0.01,1,12,105,21.5,0.101201,3691045,Seismology
198,2,2,9.41,197,197,2,12,1000,40.8,lenovo_st45,3125,0.01,1,12,105,21.5,0.10081,3533146,Seismology
198,2,2,9.7,197,197,2,12,1000,40.8,lenovo_st45,3125,0.01,1,12,105,21.5,0.104708,3758302,Seismology
198,2,2,8.74,197,197,2,12,1000,40.8,lenovo_st45,3125,0.01,1,12,105,21.5,0.094585,3657232,Seismology
198,2,2,9.3,197,197,2,12,1000,40.8,lenovo_st45,3125,0.01,1,12,105,21.5,0.096918,3557445,Seismology
198,2,2,9.46,197,197,2,12,1000,40.8,lenovo_st45,3125,0.01,1,12,105,21.5,0.098745,3777747,Seismology
198,2,2,9.67,197,197,2,12,1000,40.8,lenovo_st45,3125,0.01,1,12,105,21.5,0.104671,3569370,Seismology
198,2,2,9.97,197,197,2,12,1000,40.8,lenovo_st45,3125,0.01,1,12,105,21.5,0.106197,3697824,Seismology
198,2,2,9.7,197,197,2,12,1000,40.8,lenovo_st45,3125,0.01,1,12,105,21.5,0.101309,3627383,Seismology
248,2,2,12.19,247,247,2,12,1000,40.8,lenovo_st45,3125,0.01,1,12,105,21.5,0.128926,4629065,Seismology
248,2,2,12.09,247,247,2,12,1000,40.8,lenovo_st45,3125,0.01,1,12,105,21.5,0.126656,4523041,Seismology
248,2,2,11.23,247,247,2,12,1000,40.8,lenovo_st45,3125,0.01,1,12,105,21.5,0.119006,4558292,Seismology
248,2,2,10.45,247,247,2,12,1000,40.8,lenovo_st45,3125,0.01,1,12,105,21.5,0.110745,4597496,Seismology
248,2,2,12.27,247,247,2,12,1000,40.8,lenovo_st45,3125,0.01,1,12,105,21.5,0.128373,4612278,Seismology
248,2,2,11.93,247,247,2,12,1000,40.8,lenovo_st45,3125,0.01,1,12,105,21.5,0.125912,4509512,Seismology
248,2,2,12.49,247,247,2,12,1000,40.8,lenovo_st45,3125,0.01,1,12,105,21.5,0.131309,4482088,Seismology
248,2,2,12.85,247,247,2,12,1000,40.8,lenovo_st45,3125,0.01,1,12,105,21.5,0.135657,4371513,Seismology
248,2,2,11.06,247,247,2,12,1000,40.8,lenovo_st45,3125,0.01,1,12,105,21.5,0.119423,4484480,Seismology
248,2,2,11.16,247,247,2,12,1000,40.8,lenovo_st45,3125,0.01,1,12,105,21.5,0.116988,4542957,Seismology
298,2,2,14.82,297,297,2,12,1000,40.8,lenovo_st45,3125,0.01,1,12,105,21.5,0.155386,5233872,Seismology
298,2,2,13.61,297,297,2,12,1000,40.8,lenovo_st45,3125,0.01,1,12,105,21.5,0.142647,5396000,Seismology
298,2,2,13.56,297,297,2,12,1000,40.8,lenovo_st45,3125,0.01,1,12,105,21.5,0.140039,5399940,Seismology
298,2,2,14.12,297,297,2,12,1000,40.8,lenovo_st45,3125,0.01,1,12,105,21.5,0.146482,5264147,Seismology
298,2,2,13.37,297,297,2,12,1000,40.8,lenovo_st45,3125,0.01,1,12,105,21.5,0.142531,5456183,Seismology
298,2,2,13.3,297,297,2,12,1000,40.8,lenovo_st45,3125,0.01,1,12,105,21.5,0.140787,5454509,Seismology
298,2,2,14.33,297,297,2,12,1000,40.8,lenovo_st45,3125,0.01,1,12,105,21.5,0.148829,5672804,Seismology
298,2,2,13.93,297,297,2,12,1000,40.8,lenovo_st45,3125,0.01,1,12,105,21.5,0.147488,5334206,Seismology
298,2,2,13.09,297,297,2,12,1000,40.8,lenovo_st45,3125,0.01,1,12,105,21.5,0.137367,5246729,Seismology
298,2,2,15.15,297,297,2,12,1000,40.8,lenovo_st45,3125,0.01,1,12,105,21.5,0.156037,5735996,Seismology
398,2,2,19.37,397,397,2,12,1000,40.8,lenovo_st45,3125,0.01,1,12,105,21.5,0.199849,7129604,Seismology
398,2,2,19.86,397,397,2,12,1000,40.8,lenovo_st45,3125,0.01,1,12,105,21.5,0.206499,7139752,Seismology
398,2,2,18.98,397,397,2,12,1000,40.8,lenovo_st45,3125,0.01,1,12,105,21.5,0.196061,7197991,Seismology
398,2,2,19.52,397,397,2,12,1000,40.8,lenovo_st45,3125,0.01,1,12,105,21.5,0.201614,7312590,Seismology
398,2,2,18.91,397,397,2,12,1000,40.8,lenovo_st45,3125,0.01,1,12,105,21.5,0.197586,7233566,Seismology
398,2,2,17.7,397,397,2,12,1000,40.8,lenovo_st45,3125,0.01,1,12,105,21.5,0.183915,7293368,Seismology
398,2,2,18.76,397,397,2,12,1000,40.8,lenovo_st45,3125,0.01,1,12,105,21.5,0.195308,7013962,Seismology
398,2,2,18.5,397,397,2,12,1000,40.8,lenovo_st45,3125,0.01,1,12,105,21.5,0.192742,7397838,Seismology
398,2,2,19.56,397,397,2,12,1000,40.8,lenovo_st45,3125,0.01,1,12,105,21.5,0.201184,7225713,Seismology
398,2,2,18.82,397,397,2,12,1000,40.8,lenovo_st45,3125,0.01,1,12,105,21.5,0.195159,7309422,Seismology
498,2,2,23.13,497,497,2,12,1000,40.8,lenovo_st45,3125,0.01,1,12,105,21.5,0.238913,8974679,Seismology
498,2,2,24.02,497,497,2,12,1000,40.8,lenovo_st45,3125,0.01,1,12,105,21.5,0.246992,8875044,Seismology
498,2,2,22.97,497,497,2,12,1000,40.8,lenovo_st45,3125,0.01,1,12,105,21.5,0.236585,8950282,Seismology
498,2,2,23.14,497,497,2,12,1000,40.8,lenovo_st45,3125,0.01,1,12,105,21.5,0.240531,9164429,Seismology
498,2,2,23.28,497,497,2,12,1000,40.8,lenovo_st45,3125,0.01,1,12,105,21.5,0.238981,9271515,Seismology
498,2,2,22.21,497,497,2,12,1000,40.8,lenovo_st45,3125,0.01,1,12,105,21.5,0.228269,9121406,Seismology
498,2,2,24.79,497,497,2,12,1000,40.8,lenovo_st45,3125,0.01,1,12,105,21.5,0.255495,8888450,Seismology
498,2,2,21.81,497,497,2,12,1000,40.8,lenovo_st45,3125,0.01,1,12,105,21.5,0.227712,9032648,Seismology
498,2,2,24.24,497,497,2,12,1000,40.8,lenovo_st45,3125,0.01,1,12,105,21.5,0.250868,9002315,Seismology
498,2,2,23.53,497,497,2,12,1000,40.8,lenovo_st45,3125,0.01,1,12,105,21.5,0.242618,9009250,Seismology
698,2,2,32.41,697,697,2,12,1000,40.8,lenovo_st45,3125,0.01,1,12,105,21.5,0.334232,12759648,Seismology
698,2,2,33.87,697,697,2,12,1000,40.8,lenovo_st45,3125,0.01,1,12,105,21.5,0.346339,12706486,Seismology
698,2,2,34.41,697,697,2,12,1000,40.8,lenovo_st45,3125,0.01,1,12,105,21.5,0.350873,12705342,Seismology
698,2,2,31.81,697,697,2,12,1000,40.8,lenovo_st45,3125,0.01,1,12,105,21.5,0.325704,12801783,Seismology
698,2,2,32.36,697,697,2,12,1000,40.8,lenovo_st45,3125,0.01,1,12,105,21.5,0.33045,12618363,Seismology
698,2,2,31.83,697,697,2,12,1000,40.8,lenovo_st45,3125,0.01,1,12,105,21.5,0.328414,12802942,Seismology
698,2,2,31.93,697,697,2,12,1000,40.8,lenovo_st45,3125,0.01,1,12,105,21.5,0.327376,12782407,Seismology
698,2,2,32.39,697,697,2,12,1000,40.8,lenovo_st45,3125,0.01,1,12,105,21.5,0.334746,13097207,Seismology
698,2,2,31.45,697,697,2,12,1000,40.8,lenovo_st45,3125,0.01,1,12,105,21.5,0.322776,12574453,Seismology
698,2,2,33.63,697,697,2,12,1000,40.8,lenovo_st45,3125,0.01,1,12,105,21.5,0.343339,12426414,Seismology
998,2,2,48.47,997,997,2,12,1000,40.8,lenovo_st45,3125,0.01,1,12,105,21.5,0.49812,17970754,Seismology
998,2,2,44.93,997,997,2,12,1000,40.8,lenovo_st45,3125,0.01,1,12,105,21.5,0.461618,17868727,Seismology
998,2,2,48.1,997,997,2,12,1000,40.8,lenovo_st45,3125,0.01,1,12,105,21.5,0.491849,18054168,Seismology
998,2,2,45.94,997,997,2,12,1000,40.8,lenovo_st45,3125,0.01,1,12,105,21.5,0.471122,17924159,Seismology
998,2,2,46.43,997,997,2,12,1000,40.8,lenovo_st45,3125,0.01,1,12,105,21.5,0.473506,18444900,Seismology
998,2,2,45.2,997,997,2,12,1000,40.8,lenovo_st45,3125,0.01,1,12,105,21.5,0.464563,18076024,Seismology
998,2,2,47.88,997,997,2,12,1000,40.8,lenovo_st45,3125,0.01,1,12,105,21.5,0.489239,18133342,Seismology
998,2,2,48.48,997,997,2,12,1000,40.8,lenovo_st45,3125,0.01,1,12,105,21.5,0.49486,18161429,Seismology
998,2,2,45.97,997,997,2,12,1000,40.8,lenovo_st45,3125,0.01,1,12,105,21.5,0.470244,18054956,Seismology
998,2,2,45.99,997,997,2,12,1000,40.8,lenovo_st45,3125,0.01,1,12,105,21.5,0.470618,18471769,Seismology
97,8,8,999.08,34,210,8,12,1000,40.8,lenovo_st45,3125,0.01,1,12,105,21.5,19.822663,3857410768,Montage
97,8,8,1035.28,34,211,8,12,1000,40.8,lenovo_st45,3125,0.01,1,12,105,21.5,21.125743,3922835526,Montage
97,8,8,921.85,34,209,8,12,1000,40.8,lenovo_st45,3125,0.01,1,12,105,21.5,18.318709,3796379825,Montage
97,8,8,926.93,34,209,8,12,1000,40.8,lenovo_st45,3125,0.01,1,12,105,21.5,18.589177,3784254624,Montage
97,8,8,933.55,34,209,8,12,1000,40.8,lenovo_st45,3125,0.01,1,12,105,21.5,18.583067,4031091304,Montage
97,8,8,976.76,34,210,8,12,1000,40.8,lenovo_st45,3125,0.01,1,12,105,21.5,18.262805,3835873441,Montage
96,8,8,871.97,30,190,8,12,1000,40.8,lenovo_st45,3125,0.01,1,12,105,21.5,17.143827,4307035746,Montage
97,8,8,923.78,34,210,8,12,1000,40.8,lenovo_st45,3125,0.01,1,12,105,21.5,17.749466,3947269230,Montage
97,8,8,1219.82,34,213,8,12,1000,40.8,lenovo_st45,3125,0.01,1,12,105,21.5,27.085027,4148468798,Montage
97,8,8,920.61,34,209,8,12,1000,40.8,lenovo_st45,3125,0.01,1,12,105,21.5,18.23004,3892316173,Montage
146,8,8,1254.96,65,333,8,12,1000,40.8,lenovo_st45,3125,0.01,1,12,105,21.5,22.854068,4721242771,Montage
146,8,8,1234.67,65,331,8,12,1000,40.8,lenovo_st45,3125,0.01,1,12,105,21.5,21.906292,4864181385,Montage
147,8,8,1943.31,66,336,8,12,1000,40.8,lenovo_st45,3125,0.01,1,12,105,21.5,46.189637,4704162167,Montage
145,8,8,1226.5,71,350,8,12,1000,40.8,lenovo_st45,3125,0.01,1,12,105,21.5,22.47693,4548318581,Montage
146,8,8,1240.87,70,347,8,12,1000,40.8,lenovo_st45,3125,0.01,1,12,105,21.5,21.893365,4304916676,Montage
146,8,8,1275.53,65,341,8,12,1000,40.8,lenovo_st45,3125,0.01,1,12,105,21.5,23.756288,4951429993,Montage
148,8,8,1340.98,72,355,8,12,1000,40.8,lenovo_st45,3125,0.01,1,12,105,21.5,23.865286,4363966273,Montage
146,8,8,1257.51,65,331,8,12,1000,40.8,lenovo_st45,3125,0.01,1,12,105,21.5,22.369913,4979722683,Montage
147,8,8,1226.07,66,336,8,12,1000,40.8,lenovo_st45,3125,0.01,1,12,105,21.5,21.45511,4690375371,Montage
147,8,8,1276.11,71,351,8,12,1000,40.8,lenovo_st45,3125,0.01,1,12,105,21.5,23.694515,4356829101,Montage
198,8,8,1714.56,90,465,8,12,1000,40.8,lenovo_st45,3125,0.01,1,12,105,21.5,30.162524,6801128354,Montage
196,8,8,2105.08,95,470,8,12,1000,40.8,lenovo_st45,3125,0.01,1,12,105,21.5,43.390887,5891500452,Montage
198,8,8,2757.19,92,487,8,12,1000,40.8,lenovo_st45,3125,0.01,1,12,105,21.5,64.087836,6330480879,Montage
198,8,8,2478.84,90,480,8,12,1000,40.8,lenovo_st45,3125,0.01,1,12,105,21.5,55.329517,7108154787,Montage
197,8,8,1674.41,91,459,8,12,1000,40.8,lenovo_st45,3125,0.01,1,12,105,21.5,29.807309,6109231723,Montage
198,8,8,1637.12,92,476,8,12,1000,40.8,lenovo_st45,3125,0.01,1,12,105,21.5,28.619315,6119485004,Montage
197,8,8,1713.69,91,459,8,12,1000,40.8,lenovo_st45,3125,0.01,1,12,105,21.5,31.785359,6580464340,Montage
198,8,8,1636.52,92,461,8,12,1000,40.8,lenovo_st45,3125,0.01,1,12,105,21.5,28.196705,6030645517,Montage
196,8,8,2723.36,90,457,8,12,1000,40.8,lenovo_st45,3125,0.01,1,12,105,21.5,62.938928,6233461928,Montage
196,8,8,1685.99,90,463,8,12,1000,40.8,lenovo_st45,3125,0.01,1,12,105,21.5,30.187915,6299758743,Montage
246,8,8,1692.94,151,618,8,12,1000,40.8,lenovo_st45,3125,0.01,1,12,105,21.5,32.358031,6362887387,Montage
246,8,8,1693.2,151,618,8,12,1000,40.8,lenovo_st45,3125,0.01,1,12,105,21.5,31.559119,5617451487,Montage
246,8,8,1966.77,151,618,8,12,1000,40.8,lenovo_st45,3125,0.01,1,12,105,21.5,40.190509,5830055092,Montage
246,8,8,1601.04,151,618,8,12,1000,40.8,lenovo_st45,3125,0.01,1,12,105,21.5,27.947757,5347928776,Montage
246,8,8,1684.8,151,636,8,12,1000,40.8,lenovo_st45,3125,0.01,1,12,105,21.5,31.953841,5680762923,Montage
246,8,8,1663.71,151,618,8,12,1000,40.8,lenovo_st45,3125,0.01,1,12,105,21.5,31.04305,5417303147,Montage
246,8,8,2766.47,151,618,8,12,1000,40.8,lenovo_st45,3125,0.01,1,12,105,21.5,64.913147,5454094151,Montage
246,8,8,1705.97,151,636,8,12,1000,40.8,lenovo_st45,3125,0.01,1,12,105,21.5,32.841244,5860364024,Montage
246,8,8,1628.06,151,618,8,12,1000,40.8,lenovo_st45,3125,0.01,1,12,105,21.5,29.262942,5387094832,Montage
246,8,8,1640.73,151,618,8,12,1000,40.8,lenovo_st45,3125,0.01,1,12,105,21.5,29.971709,5666631758,Montage
291,8,8,1975.0,186,752,8,12,1000,40.8,lenovo_st45,3125,0.01,1,12,105,21.5,38.182629,6003133192,Montage
291,8,8,2018.65,186,752,8,12,1000,40.8,lenovo_st45,3125,0.01,1,12,105,21.5,39.286164,6096766816,Montage
291,8,8,1943.23,186,752,8,12,1000,40.8,lenovo_st45,3125,0.01,1,12,105,21.5,36.766914,6631897747,Montage
291,8,8,1973.55,186,769,8,12,1000,40.8,lenovo_st45,3125,0.01,1,12,105,21.5,38.187693,5875420970,Montage
291,8,8,1963.55,186,770,8,12,1000,40.8,lenovo_st45,3125,0.01,1,12,105,21.5,38.201638,6014399410,Montage
291,8,8,1981.99,186,794,8,12,1000,40.8,lenovo_st45,3125,0.01,1,12,105,21.5,38.866478,6134154411,Montage
296,8,8,2462.13,180,740,8,12,1000,40.8,lenovo_st45,3125,0.01,1,12,105,21.5,51.617772,7116629032,Montage
291,8,8,129182.06,186,769,8,12,1000,40.8,lenovo_st45,3125,0.01,1,12,105,21.5,4498.660264,6271498089,Montage
296,8,8,1951.49,180,740,8,12,1000,40.8,lenovo_st45,3125,0.01,1,12,105,21.5,34.558743,6904067770,Montage
291,8,8,11586.98,186,772,8,12,1000,40.8,lenovo_st45,3125,0.01,1,12,105,21.5,368.728222,6007932384,Montage
391,8,8,2633.04,244,995,8,12,1000,40.8,lenovo_st45,3125,0.01,1,12,105,21.5,49.608379,9495411868,Montage
391,8,8,2649.0,244,1011,8,12,1000,40.8,lenovo_st45,3125,0.01,1,12,105,21.5,50.277738,8492179177,Montage
391,8,8,2876.78,244,1048,8,12,1000,40.8,lenovo_st45,3125,0.01,1,12,105,21.5,51.422243,8483156754,Montage
395,8,8,2609.46,257,1123,8,12,1000,40.8,lenovo_st45,3125,0.01,1,12,105,21.5,50.251479,7945124686,Montage
391,8,8,10628.99,244,995,8,12,1000,40.8,lenovo_st45,3125,0.01,1,12,105,21.5,329.409936,8756787993,Montage
391,8,8,2692.71,244,1028,8,12,1000,40.8,lenovo_st45,3125,0.01,1,12,105,21.5,52.319346,8687525196,Montage
391,8,8,12515.05,244,993,8,12,1000,40.8,lenovo_st45,3125,0.01,1,12,105,21.5,391.851975,8832331744,Montage
391,8,8,2691.82,244,1011,8,12,1000,40.8,lenovo_st45,3125,0.01,1,12,105,21.5,51.351627,8855972925,Montage
391,8,8,2679.74,244,1066,8,12,1000,40.8,lenovo_st45,3125,0.01,1,12,105,21.5,50.319482,8525846711,Montage
391,8,8,2648.45,244,1029,8,12,1000,40.8,lenovo_st45,3125,0.01,1,12,105,21.5,49.913253,8469358998,Montage
495,8,8,3399.46,315,1352,8,12,1000,40.8,lenovo_st45,3125,0.01,1,12,105,21.5,67.249735,10308894755,Montage
495,8,8,3246.57,315,1301,8,12,1000,40.8,lenovo_st45,3125,0.01,1,12,105,21.5,60.05021,10408740943,Montage
495,8,8,3360.22,315,1335,8,12,1000,40.8,lenovo_st45,3125,0.01,1,12,105,21.5,63.095206,10333519380,Montage
495,8,8,5125.08,315,1354,8,12,1000,40.8,lenovo_st45,3125,0.01,1,12,105,21.5,113.263715,10758312741,Montage
495,8,8,3383.55,315,1342,8,12,1000,40.8,lenovo_st45,3125,0.01,1,12,105,21.5,63.880286,10208541458,Montage
491,8,8,3901.1,302,1255,8,12,1000,40.8,lenovo_st45,3125,0.01,1,12,105,21.5,78.947725,11353081988,Montage
495,8,8,3375.73,315,1333,8,12,1000,40.8,lenovo_st45,3125,0.01,1,12,105,21.5,65.765861,10414197289,Montage
495,8,8,3428.78,315,1300,8,12,1000,40.8,lenovo_st45,3125,0.01,1,12,105,21.5,66.473153,10641980869,Montage
495,8,8,3452.55,315,1354,8,12,1000,40.8,lenovo_st45,3125,0.01,1,12,105,21.5,67.215511,10820491752,Montage
491,8,8,3506.9,302,1272,8,12,1000,40.8,lenovo_st45,3125,0.01,1,12,105,21.5,70.364878,11749880294,Montage
696,8,8,4751.8,453,1895,8,12,1000,40.8,lenovo_st45,3125,0.01,1,12,105,21.5,87.815648,13931397006,Montage
695,8,8,4717.5,452,1814,8,12,1000,40.8,lenovo_st45,3125,0.01,1,12,105,21.5,85.331647,13298298162,Montage
696,8,8,4818.67,451,1950,8,12,1000,40.8,lenovo_st45,3125,0.01,1,12,105,21.5,87.185545,13021040058,Montage
697,8,8,4708.24,468,1968,8,12,1000,40.8,lenovo_st45,3125,0.01,1,12,105,21.5,87.282912,12355811881,Montage
698,8,8,4727.63,453,1818,8,12,1000,40.8,lenovo_st45,3125,0.01,1,12,105,21.5,83.927077,13835835462,Montage
693,8,8,198520.16,459,1857,8,12,1000,40.8,lenovo_st45,3125,0.01,1,12,105,21.5,6891.683375,12864843533,Montage
694,8,8,4637.0,451,1809,8,12,1000,40.8,lenovo_st45,3125,0.01,1,12,105,21.5,82.495457,13638212403,Montage
694,8,8,4696.84,458,1979,8,12,1000,40.8,lenovo_st45,3125,0.01,1,12,105,21.5,86.3523,12687446567,Montage
694,8,8,4774.15,458,1905,8,12,1000,40.8,lenovo_st45,3125,0.01,1,12,105,21.5,90.02089,12931645097,Montage
696,8,8,4745.42,451,1978,8,12,1000,40.8,lenovo_st45,3125,0.01,1,12,105,21.5,86.493156,13159999182,Montage
994,8,8,5466.5,782,2841,8,12,1000,40.8,lenovo_st45,3125,0.01,1,12,105,21.5,113.398991,11905299194,Montage
991,8,8,5153.84,762,2710,8,12,1000,40.8,lenovo_st45,3125,0.01,1,12,105,21.5,102.939288,12789020935,Montage
991,8,8,5261.44,762,2773,8,12,1000,40.8,lenovo_st45,3125,0.01,1,12,105,21.5,107.817821,13017055209,Montage
991,8,8,5212.43,762,2774,8,12,1000,40.8,lenovo_st45,3125,0.01,1,12,105,21.5,105.605084,12548571955,Montage
994,8,8,5222.28,782,2838,8,12,1000,40.8,lenovo_st45,3125,0.01,1,12,105,21.5,110.8997,11783324737,Montage
994,8,8,5127.86,782,2837,8,12,1000,40.8,lenovo_st45,3125,0.01,1,12,105,21.5,107.481224,11365686316,Montage
991,8,8,5171.67,762,2742,8,12,1000,40.8,lenovo_st45,3125,0.01,1,12,105,21.5,103.094132,12562317877,Montage
991,8,8,5175.66,762,2710,8,12,1000,40.8,lenovo_st45,3125,0.01,1,12,105,21.5,103.872007,12520618346,Montage
991,8,8,5166.03,762,2710,8,12,1000,40.8,lenovo_st45,3125,0.01,1,12,105,21.5,101.345208,12749611642,Montage
994,8,8,5313.8,782,2809,8,12,1000,40.8,lenovo_st45,3125,0.01,1,12,105,21.5,114.511761,11991749580,Montage
98,3,3,1806.5,53,147,4,12,1000,40.8,lenovo_st45,3125,0.01,1,12,105,21.5,79.183687,77974012611,Genome
98,3,3,1627.26,54,150,4,12,1000,40.8,lenovo_st45,3125,0.01,1,12,105,21.5,70.892948,69677366836,Genome
98,3,3,1673.01,56,148,4,12,1000,40.8,lenovo_st45,3125,0.01,1,12,105,21.5,72.876441,71518930870,Genome
98,3,3,1782.78,54,157,4,12,1000,40.8,lenovo_st45,3125,0.01,1,12,105,21.5,78.405166,77347250667,Genome
98,3,3,1565.87,58,150,4,12,1000,40.8,lenovo_st45,3125,0.01,1,12,105,21.5,68.029038,66869288801,Genome
98,3,3,1643.19,52,149,4,12,1000,40.8,lenovo_st45,3125,0.01,1,12,105,21.5,71.885743,71018042258,Genome
98,3,3,1470.89,57,151,4,12,1000,40.8,lenovo_st45,3125,0.01,1,12,105,21.5,63.872331,62894239835,Genome
98,3,3,1664.08,55,155,4,12,1000,40.8,lenovo_st45,3125,0.01,1,12,105,21.5,72.804562,71468509952,Genome
98,3,3,1843.35,53,145,4,12,1000,40.8,lenovo_st45,3125,0.01,1,12,105,21.5,80.577585,79777389571,Genome
98,3,3,1590.6,54,147,4,12,1000,40.8,lenovo_st45,3125,0.01,1,12,105,21.5,69.271743,68652578469,Genome
148,3,3,2468.7,81,221,4,12,1000,40.8,lenovo_st45,3125,0.01,1,12,105,21.5,107.636463,106572068911,Genome
148,3,3,2419.91,82,220,4,12,1000,40.8,lenovo_st45,3125,0.01,1,12,105,21.5,105.011259,103844294249,Genome
148,3,3,2296.72,83,221,4,12,1000,40.8,lenovo_st45,3125,0.01,1,12,105,21.5,100.410864,99446598354,Genome
148,3,3,2410.99,82,223,4,12,1000,40.8,lenovo_st45,3125,0.01,1,12,105,21.5,104.770186,103840883208,Genome
148,3,3,2535.63,83,225,4,12,1000,40.8,lenovo_st45,3125,0.01,1,12,105,21.5,110.940825,109699855857,Genome
148,3,3,2364.62,82,224,4,12,1000,40.8,lenovo_st45,3125,0.01,1,12,105,21.5,102.573092,101842654464,Genome
148,3,3,2440.1,82,222,4,12,1000,40.8,lenovo_st45,3125,0.01,1,12,105,21.5,106.670332,105942745909,Genome
148,3,3,2316.04,83,221,4,12,1000,40.8,lenovo_st45,3125,0.01,1,12,105,21.5,100.508578,99573996492,Genome
148,3,3,2492.76,84,224,4,12,1000,40.8,lenovo_st45,3125,0.01,1,12,105,21.5,109.180846,108207339463,Genome
148,3,3,2520.52,79,217,4,12,1000,40.8,lenovo_st45,3125,0.01,1,12,105,21.5,109.998587,108997155347,Genome
198,3,3,3058.03,109,298,4,12,1000,40.8,lenovo_st45,3125,0.01,1,12,105,21.5,133.05993,132358113200,Genome
198,3,3,3033.18,111,306,4,12,1000,40.8,lenovo_st45,3125,0.01,1,12,105,21.5,132.213974,131296236793,Genome
198,3,3,3333.05,108,294,4,12,1000,40.8,lenovo_st45,3125,0.01,1,12,105,21.5,145.172512,144126913037,Genome
198,3,3,3579.62,104,295,4,12,1000,40.8,lenovo_st45,3125,0.01,1,12,105,21.5,156.815673,155965054036,Genome
198,3,3,3596.47,104,302,4,12,1000,40.8,lenovo_st45,3125,0.01,1,12,105,21.5,158.212556,157613732818,Genome
198,3,3,3204.15,110,300,4,12,1000,40.8,lenovo_st45,3125,0.01,1,12,105,21.5,139.888402,138895380588,Genome
198,3,3,3361.02,108,292,4,12,1000,40.8,lenovo_st45,3125,0.01,1,12,105,21.5,146.345535,145249504613,Genome
198,3,3,3601.79,111,297,4,12,1000,40.8,lenovo_st45,3125,0.01,1,12,105,21.5,158.633499,158030663078,Genome
198,3,3,3521.17,106,295,4,12,1000,40.8,lenovo_st45,3125,0.01,1,12,105,21.5,154.764773,153910348389,Genome
198,3,3,2990.26,112,298,4,12,1000,40.8,lenovo_st45,3125,0.01,1,12,105,21.5,129.147424,127919633108,Genome
248,3,3,6484.32,157,322,4,12,1000,40.8,lenovo_st45,3125,0.01,1,12,105,21.5,288.735697,287505660775,Genome
248,3,3,5766.53,144,337,4,12,1000,40.8,lenovo_st45,3125,0.01,1,12,105,21.5,255.694643,254994921003,Genome
248,3,3,5540.19,144,339,4,12,1000,40.8,lenovo_st45,3125,0.01,1,12,105,21.5,245.885969,245081947691,Genome
248,3,3,5867.95,143,338,4,12,1000,40.8,lenovo_st45,3125,0.01,1,12,105,21.5,260.648303,260136198809,Genome
248,3,3,5603.92,143,339,4,12,1000,40.8,lenovo_st45,3125,0.01,1,12,105,21.5,247.185772,245974758009,Genome
248,3,3,6304.12,156,322,4,12,1000,40.8,lenovo_st45,3125,0.01,1,12,105,21.5,278.822116,278074848739,Genome
248,3,3,5836.6,148,335,4,12,1000,40.8,lenovo_st45,3125,0.01,1,12,105,21.5,258.721791,258013236505,Genome
248,3,3,5434.81,140,345,4,12,1000,40.8,lenovo_st45,3125,0.01,1,12,105,21.5,238.725914,237205070386,Genome
248,3,3,5396.5,140,349,4,12,1000,40.8,lenovo_st45,3125,0.01,1,12,105,21.5,238.048423,237123704224,Genome
248,3,3,6275.45,157,321,4,12,1000,40.8,lenovo_st45,3125,0.01,1,12,105,21.5,279.534044,278691978806,Genome
298,3,3,5048.65,164,444,4,12,1000,40.8,lenovo_st45,3125,0.01,1,12,105,21.5,220.963525,219609064849,Genome
298,3,3,4647.98,163,439,4,12,1000,40.8,lenovo_st45,3125,0.01,1,12,105,21.5,201.406343,200327617380,Genome
298,3,3,5054.72,159,435,4,12,1000,40.8,lenovo_st45,3125,0.01,1,12,105,21.5,220.613653,219669999466,Genome
298,3,3,4866.98,162,438,4,12,1000,40.8,lenovo_st45,3125,0.01,1,12,105,21.5,212.118215,211312490054,Genome
298,3,3,4978.51,159,439,4,12,1000,40.8,lenovo_st45,3125,0.01,1,12,105,21.5,217.531932,216649889925,Genome
298,3,3,4805.92,164,443,4,12,1000,40.8,lenovo_st45,3125,0.01,1,12,105,21.5,209.426261,208433542191,Genome
298,3,3,4880.73,167,447,4,12,1000,40.8,lenovo_st45,3125,0.01,1,12,105,21.5,213.240618,212088956392,Genome
298,3,3,4876.51,163,442,4,12,1000,40.8,lenovo_st45,3125,0.01,1,12,105,21.5,212.446389,211597870202,Genome
298,3,3,4937.4,162,440,4,12,1000,40.8,lenovo_st45,3125,0.01,1,12,105,21.5,214.479677,213832542811,Genome
298,3,3,4990.65,162,438,4,12,1000,40.8,lenovo_st45,3125,0.01,1,12,105,21.5,218.267745,217313894728,Genome
398,3,3,9562.42,245,524,4,12,1000,40.8,lenovo_st45,3125,0.01,1,12,105,21.5,424.038255,422927160269,Genome
398,3,3,9450.62,240,531,4,12,1000,40.8,lenovo_st45,3125,0.01,1,12,105,21.5,418.857086,418024680998,Genome
398,3,3,10207.25,245,525,4,12,1000,40.8,lenovo_st45,3125,0.01,1,12,105,21.5,453.627178,452255060854,Genome
398,3,3,9785.67,244,525,4,12,1000,40.8,lenovo_st45,3125,0.01,1,12,105,21.5,433.606135,432248995420,Genome
398,3,3,9440.34,244,525,4,12,1000,40.8,lenovo_st45,3125,0.01,1,12,105,21.5,419.106551,417788127612,Genome
398,3,3,9447.83,242,527,4,12,1000,40.8,lenovo_st45,3125,0.01,1,12,105,21.5,418.026563,416907818655,Genome
398,3,3,9672.08,246,523,4,12,1000,40.8,lenovo_st45,3125,0.01,1,12,105,21.5,429.520253,428502709939,Genome
398,3,3,9595.26,242,527,4,12,1000,40.8,lenovo_st45,3125,0.01,1,12,105,21.5,425.503457,424392570550,Genome
398,3,3,9438.67,241,529,4,12,1000,40.8,lenovo_st45,3125,0.01,1,12,105,21.5,419.118128,418166231764,Genome
398,3,3,9667.36,237,534,4,12,1000,40.8,lenovo_st45,3125,0.01,1,12,105,21.5,428.863488,427666049956,Genome
498,3,3,12192.4,314,652,4,12,1000,40.8,lenovo_st45,3125,0.01,1,12,105,21.5,543.632761,542438110761,Genome
498,3,3,11519.84,303,662,4,12,1000,40.8,lenovo_st45,3125,0.01,1,12,105,21.5,509.445302,508764643292,Genome
498,3,3,12161.99,317,647,4,12,1000,40.8,lenovo_st45,3125,0.01,1,12,105,21.5,539.404253,538288375470,Genome
498,3,3,11768.59,305,658,4,12,1000,40.8,lenovo_st45,3125,0.01,1,12,105,21.5,521.460982,520330375334,Genome
498,3,3,11924.8,299,669,4,12,1000,40.8,lenovo_st45,3125,0.01,1,12,105,21.5,529.126886,528231539786,Genome
498,3,3,12243.24,306,659,4,12,1000,40.8,lenovo_st45,3125,0.01,1,12,105,21.5,543.621677,542571856026,Genome
498,3,3,11923.14,303,661,4,12,1000,40.8,lenovo_st45,3125,0.01,1,12,105,21.5,528.578603,527523340000,Genome
498,3,3,11849.39,304,661,4,12,1000,40.8,lenovo_st45,3125,0.01,1,12,105,21.5,525.490091,524593849997,Genome
498,3,3,12763.05,312,650,4,12,1000,40.8,lenovo_st45,3125,0.01,1,12,105,21.5,567.642895,566503001262,Genome
498,3,3,11796.2,301,662,4,12,1000,40.8,lenovo_st45,3125,0.01,1,12,105,21.5,522.500368,521600138527,Genome
698,3,3,17031.06,430,920,4,12,1000,40.8,lenovo_st45,3125,0.01,1,12,105,21.5,756.856111,756024130669,Genome
698,3,3,17113.74,429,919,4,12,1000,40.8,lenovo_st45,3125,0.01,1,12,105,21.5,757.793886,756528219727,Genome
698,3,3,16928.32,427,921,4,12,1000,40.8,lenovo_st45,3125,0.01,1,12,105,21.5,750.95773,749747151323,Genome
698,3,3,17539.97,433,915,4,12,1000,40.8,lenovo_st45,3125,0.01,1,12,105,21.5,779.69727,778033212602,Genome
698,3,3,16892.93,429,922,4,12,1000,40.8,lenovo_st45,3125,0.01,1,12,105,21.5,749.344577,748302701304,Genome
698,3,3,17010.03,429,919,4,12,1000,40.8,lenovo_st45,3125,0.01,1,12,105,21.5,754.829568,753927375195,Genome
698,3,3,17386.28,436,915,4,12,1000,40.8,lenovo_st45,3125,0.01,1,12,105,21.5,774.342114,773331878067,Genome
698,3,3,17498.2,431,919,4,12,1000,40.8,lenovo_st45,3125,0.01,1,12,105,21.5,776.410597,775372589097,Genome
698,3,3,16768.76,424,926,4,12,1000,40.8,lenovo_st45,3125,0.01,1,12,105,21.5,744.264203,743310141752,Genome
698,3,3,17126.41,433,915,4,12,1000,40.8,lenovo_st45,3125,0.01,1,12,105,21.5,759.271138,757971511513,Genome
998,3,3,24140.61,619,1316,4,12,1000,40.8,lenovo_st45,3125,0.01,1,12,105,21.5,1070.902707,1069885760038,Genome
998,3,3,24599.9,626,1301,4,12,1000,40.8,lenovo_st45,3125,0.01,1,12,105,21.5,1090.485271,1089607267001,Genome
998,3,3,24722.65,618,1311,4,12,1000,40.8,lenovo_st45,3125,0.01,1,12,105,21.5,1097.268054,1096024910520,Genome
998,3,3,24633.18,629,1296,4,12,1000,40.8,lenovo_st45,3125,0.01,1,12,105,21.5,1092.531038,1091351473601,Genome
998,3,3,24740.74,627,1306,4,12,1000,40.8,lenovo_st45,3125,0.01,1,12,105,21.5,1097.682135,1096778321697,Genome
998,3,3,24621.37,612,1328,4,12,1000,40.8,lenovo_st45,3125,0.01,1,12,105,21.5,1091.602566,1090637845579,Genome
998,3,3,24099.74,619,1313,4,12,1000,40.8,lenovo_st45,3125,0.01,1,12,105,21.5,1069.446338,1068305952019,Genome
998,3,3,24109.27,613,1324,4,12,1000,40.8,lenovo_st45,3125,0.01,1,12,105,21.5,1070.148611,1068862507151,Genome
998,3,3,24381.88,620,1313,4,12,1000,40.8,lenovo_st45,3125,0.01,1,12,105,21.5,1081.554488,1080810733641,Genome
998,3,3,25783.44,618,1314,4,12,1000,40.8,lenovo_st45,3125,0.01,1,12,105,21.5,1146.446743,1145204237688,Genome
48,3,3,4678.11,45,135,3,12,1000,40.8,lenovo_st45,3125,0.01,1,12,105,21.5,175.219688,171508312097,Blast
48,3,3,4371.88,45,135,3,12,1000,40.8,lenovo_st45,3125,0.01,1,12,105,21.5,155.792929,151751101868,Blast
48,3,3,4179.94,45,135,3,12,1000,40.8,lenovo_st45,3125,0.01,1,12,105,21.5,152.818724,148013273664,Blast
48,3,3,4360.32,45,135,3,12,1000,40.8,lenovo_st45,3125,0.01,1,12,105,21.5,159.575645,155100467585,Blast
48,3,3,4381.86,45,135,3,12,1000,40.8,lenovo_st45,3125,0.01,1,12,105,21.5,158.997653,157511340237,Blast
48,3,3,4374.39,45,135,3,12,1000,40.8,lenovo_st45,3125,0.01,1,12,105,21.5,157.788171,153545023526,Blast
48,3,3,4720.78,45,135,3,12,1000,40.8,lenovo_st45,3125,0.01,1,12,105,21.5,174.239657,170383957737,Blast
48,3,3,4729.94,45,135,3,12,1000,40.8,lenovo_st45,3125,0.01,1,12,105,21.5,175.426151,171652207800,Blast
48,3,3,4428.34,45,135,3,12,1000,40.8,lenovo_st45,3125,0.01,1,12,105,21.5,159.652933,157358144551,Blast
48,3,3,4587.3,45,135,3,12,1000,40.8,lenovo_st45,3125,0.01,1,12,105,21.5,165.66124,162162632140,Blast
98,3,3,9955.79,95,285,3,12,1000,40.8,lenovo_st45,3125,0.01,1,12,105,21.5,369.96863,366591766082,Blast
98,3,3,9466.7,95,285,3,12,1000,40.8,lenovo_st45,3125,0.01,1,12,105,21.5,344.10171,340647992216,Blast
98,3,3,9524.75,95,285,3,12,1000,40.8,lenovo_st45,3125,0.01,1,12,105,21.5,346.210153,342895022548,Blast
98,3,3,9493.38,95,285,3,12,1000,40.8,lenovo_st45,3125,0.01,1,12,105,21.5,352.677261,348922905306,Blast
98,3,3,9547.75,95,285,3,12,1000,40.8,lenovo_st45,3125,0.01,1,12,105,21.5,342.499483,338881100141,Blast
98,3,3,9923.52,95,285,3,12,1000,40.8,lenovo_st45,3125,0.01,1,12,105,21.5,366.144524,363313696687,Blast
98,3,3,9686.72,95,285,3,12,1000,40.8,lenovo_st45,3125,0.01,1,12,105,21.5,359.731844,355582267496,Blast
98,3,3,9488.09,95,285,3,12,1000,40.8,lenovo_st45,3125,0.01,1,12,105,21.5,346.554747,343267898203,Blast
98,3,3,9371.72,95,285,3,12,1000,40.8,lenovo_st45,3125,0.01,1,12,105,21.5,346.868783,343941454992,Blast
98,3,3,8775.7,95,285,3,12,1000,40.8,lenovo_st45,3125,0.01,1,12,105,21.5,316.699299,313479411221,Blast
148,3,3,14486.64,145,435,3,12,1000,40.8,lenovo_st45,3125,0.01,1,12,105,21.5,527.076476,523893299615,Blast
148,3,3,13827.67,145,435,3,12,1000,40.8,lenovo_st45,3125,0.01,1,12,105,21.5,496.232483,492578583730,Blast
148,3,3,14556.19,145,435,3,12,1000,40.8,lenovo_st45,3125,0.01,1,12,105,21.5,535.785157,532119516527,Blast
148,3,3,14730.21,145,435,3,12,1000,40.8,lenovo_st45,3125,0.01,1,12,105,21.5,542.824729,539692983355,Blast
148,3,3,14017.34,145,435,3,12,1000,40.8,lenovo_st45,3125,0.01,1,12,105,21.5,506.603441,503059909685,Blast
148,3,3,15015.63,145,435,3,12,1000,40.8,lenovo_st45,3125,0.01,1,12,105,21.5,558.771308,555207001812,Blast
148,3,3,13980.0,145,435,3,12,1000,40.8,lenovo_st45,3125,0.01,1,12,105,21.5,506.756339,502226927527,Blast
148,3,3,14133.06,145,435,3,12,1000,40.8,lenovo_st45,3125,0.01,1,12,105,21.5,504.185575,499379651729,Blast
148,3,3,14448.08,145,435,3,12,1000,40.8,lenovo_st45,3125,0.01,1,12,105,21.5,530.423695,526609957057,Blast
148,3,3,14701.27,145,435,3,12,1000,40.8,lenovo_st45,3125,0.01,1,12,105,21.5,542.446799,537935560508,Blast
198,3,3,19765.24,195,585,3,12,1000,40.8,lenovo_st45,3125,0.01,1,12,105,21.5,722.201975,719230326624,Blast
198,3,3,19603.97,195,585,3,12,1000,40.8,lenovo_st45,3125,0.01,1,12,105,21.5,709.522656,705970919734,Blast
198,3,3,19296.93,195,585,3,12,1000,40.8,lenovo_st45,3125,0.01,1,12,105,21.5,698.832606,695747392996,Blast
198,3,3,18735.71,195,585,3,12,1000,40.8,lenovo_st45,3125,0.01,1,12,105,21.5,669.501235,665932076012,Blast
198,3,3,19012.3,195,585,3,12,1000,40.8,lenovo_st45,3125,0.01,1,12,105,21.5,690.918922,687747586213,Blast
198,3,3,18950.31,195,585,3,12,1000,40.8,lenovo_st45,3125,0.01,1,12,105,21.5,691.633848,687730259001,Blast
198,3,3,19010.29,195,585,3,12,1000,40.8,lenovo_st45,3125,0.01,1,12,105,21.5,690.225454,687036685689,Blast
198,3,3,18513.43,195,585,3,12,1000,40.8,lenovo_st45,3125,0.01,1,12,105,21.5,670.176758,667002858963,Blast
198,3,3,19093.75,195,585,3,12,1000,40.8,lenovo_st45,3125,0.01,1,12,105,21.5,693.124461,689480302529,Blast
198,3,3,18920.45,195,585,3,12,1000,40.8,lenovo_st45,3125,0.01,1,12,105,21.5,688.452478,684796208086,Blast
248,3,3,24127.95,245,735,3,12,1000,40.8,lenovo_st45,3125,0.01,1,12,105,21.5,872.045912,867985325512,Blast
248,3,3,25068.73,245,735,3,12,1000,40.8,lenovo_st45,3125,0.01,1,12,105,21.5,915.119416,910702678546,Blast
248,3,3,23773.43,245,735,3,12,1000,40.8,lenovo_st45,3125,0.01,1,12,105,21.5,878.1231,873341896433,Blast
248,3,3,23954.84,245,735,3,12,1000,40.8,lenovo_st45,3125,0.01,1,12,105,21.5,875.287948,870956300478,Blast
248,3,3,23999.14,245,735,3,12,1000,40.8,lenovo_st45,3125,0.01,1,12,105,21.5,883.478237,880083262663,Blast
248,3,3,24019.32,245,735,3,12,1000,40.8,lenovo_st45,3125,0.01,1,12,105,21.5,877.725514,875094737384,Blast
248,3,3,24114.11,245,735,3,12,1000,40.8,lenovo_st45,3125,0.01,1,12,105,21.5,885.171719,881739010569,Blast
248,3,3,25149.55,245,735,3,12,1000,40.8,lenovo_st45,3125,0.01,1,12,105,21.5,928.741724,924276762630,Blast
248,3,3,24728.33,245,735,3,12,1000,40.8,lenovo_st45,3125,0.01,1,12,105,21.5,906.825603,902894841109,Blast
248,3,3,24251.61,245,735,3,12,1000,40.8,lenovo_st45,3125,0.01,1,12,105,21.5,880.869224,876544716752,Blast
298,3,3,29067.3,295,885,3,12,1000,40.8,lenovo_st45,3125,0.01,1,12,105,21.5,1066.832246,1063380644332,Blast
298,3,3,28975.38,295,885,3,12,1000,40.8,lenovo_st45,3125,0.01,1,12,105,21.5,1052.757415,1048587555843,Blast
298,3,3,28867.94,295,885,3,12,1000,40.8,lenovo_st45,3125,0.01,1,12,105,21.5,1054.558382,1050229261021,Blast
298,3,3,29622.92,295,885,3,12,1000,40.8,lenovo_st45,3125,0.01,1,12,105,21.5,1069.230839,1065064985444,Blast
298,3,3,28412.35,295,885,3,12,1000,40.8,lenovo_st45,3125,0.01,1,12,105,21.5,1019.413095,1015492749540,Blast
298,3,3,29435.37,295,885,3,12,1000,40.8,lenovo_st45,3125,0.01,1,12,105,21.5,1070.245098,1065992556579,Blast
298,3,3,28739.56,295,885,3,12,1000,40.8,lenovo_st45,3125,0.01,1,12,105,21.5,1036.165642,1032966577594,Blast
298,3,3,29167.29,295,885,3,12,1000,40.8,lenovo_st45,3125,0.01,1,12,105,21.5,1062.120907,1057933896878,Blast
298,3,3,28909.87,295,885,3,12,1000,40.8,lenovo_st45,3125,0.01,1,12,105,21.5,1053.894731,1050002824881,Blast
298,3,3,29519.34,295,885,3,12,1000,40.8,lenovo_st45,3125,0.01,1,12,105,21.5,1081.561105,1078219606083,Blast
148,3,3,122.46,144,576,3,12,1000,40.8,lenovo_st45,3125,0.01,1,12,105,21.5,3.211535,8076370,Bwa
148,3,3,132.78,144,576,3,12,1000,40.8,lenovo_st45,3125,0.01,1,12,105,21.5,3.695919,8692381,Bwa
148,3,3,56.0,144,576,3,12,1000,40.8,lenovo_st45,3125,0.01,1,12,105,21.5,0.899441,7871039,Bwa
148,3,3,89.41,144,576,3,12,1000,40.8,lenovo_st45,3125,0.01,1,12,105,21.5,2.009044,6416370,Bwa
148,3,3,92.09,144,576,3,12,1000,40.8,lenovo_st45,3125,0.01,1,12,105,21.5,2.230378,6565965,Bwa
148,3,3,83.07,144,576,3,12,1000,40.8,lenovo_st45,3125,0.01,1,12,105,21.5,1.893572,6474907,Bwa
148,3,3,83.91,144,576,3,12,1000,40.8,lenovo_st45,3125,0.01,1,12,105,21.5,1.917174,8001341,Bwa
148,3,3,56.91,144,576,3,12,1000,40.8,lenovo_st45,3125,0.01,1,12,105,21.5,0.89294,7890503,Bwa
148,3,3,61.73,144,576,3,12,1000,40.8,lenovo_st45,3125,0.01,1,12,105,21.5,0.953326,6971223,Bwa
148,3,3,119.61,144,576,3,12,1000,40.8,lenovo_st45,3125,0.01,1,12,105,21.5,3.179922,6587586,Bwa
198,3,3,132.1,194,776,3,12,1000,40.8,lenovo_st45,3125,0.01,1,12,105,21.5,3.267793,11054183,Bwa
198,3,3,129.79,194,776,3,12,1000,40.8,lenovo_st45,3125,0.01,1,12,105,21.5,3.204334,9696345,Bwa
198,3,3,146.39,194,776,3,12,1000,40.8,lenovo_st45,3125,0.01,1,12,105,21.5,3.595838,8009385,Bwa
198,3,3,74.23,194,776,3,12,1000,40.8,lenovo_st45,3125,0.01,1,12,105,21.5,1.24178,8616963,Bwa
198,3,3,140.77,194,776,3,12,1000,40.8,lenovo_st45,3125,0.01,1,12,105,21.5,3.509058,8776912,Bwa
198,3,3,93.69,194,776,3,12,1000,40.8,lenovo_st45,3125,0.01,1,12,105,21.5,1.749909,8188198,Bwa
198,3,3,84.69,194,776,3,12,1000,40.8,lenovo_st45,3125,0.01,1,12,105,21.5,1.50769,10312975,Bwa
198,3,3,101.01,194,776,3,12,1000,40.8,lenovo_st45,3125,0.01,1,12,105,21.5,2.113817,10182011,Bwa
198,3,3,75.27,194,776,3,12,1000,40.8,lenovo_st45,3125,0.01,1,12,105,21.5,1.089125,8252049,Bwa
198,3,3,109.98,194,776,3,12,1000,40.8,lenovo_st45,3125,0.01,1,12,105,21.5,2.244226,10083916,Bwa
248,3,3,100.58,244,976,3,12,1000,40.8,lenovo_st45,3125,0.01,1,12,105,21.5,1.881916,11260810,Bwa
248,3,3,121.28,244,976,3,12,1000,40.8,lenovo_st45,3125,0.01,1,12,105,21.5,2.348153,10175993,Bwa
248,3,3,176.29,244,976,3,12,1000,40.8,lenovo_st45,3125,0.01,1,12,105,21.5,4.363025,11462998,Bwa
248,3,3,86.66,244,976,3,12,1000,40.8,lenovo_st45,3125,0.01,1,12,105,21.5,1.201845,9957125,Bwa
248,3,3,95.69,244,976,3,12,1000,40.8,lenovo_st45,3125,0.01,1,12,105,21.5,1.571351,12993685,Bwa
248,3,3,137.79,244,976,3,12,1000,40.8,lenovo_st45,3125,0.01,1,12,105,21.5,2.962687,11515140,Bwa
248,3,3,146.54,244,976,3,12,1000,40.8,lenovo_st45,3125,0.01,1,12,105,21.5,3.373686,10628760,Bwa
248,3,3,143.56,244,976,3,12,1000,40.8,lenovo_st45,3125,0.01,1,12,105,21.5,3.265785,12367063,Bwa
248,3,3,156.97,244,976,3,12,1000,40.8,lenovo_st45,3125,0.01,1,12,105,21.5,3.679741,11162868,Bwa
248,3,3,103.75,244,976,3,12,1000,40.8,lenovo_st45,3125,0.01,1,12,105,21.5,1.686661,12260217,Bwa
298,3,3,139.2,294,1176,3,12,1000,40.8,lenovo_st45,3125,0.01,1,12,105,21.5,2.773062,13858047,Bwa
298,3,3,159.85,294,1176,3,12,1000,40.8,lenovo_st45,3125,0.01,1,12,105,21.5,3.498287,14507410,Bwa
298,3,3,130.83,294,1176,3,12,1000,40.8,lenovo_st45,3125,0.01,1,12,105,21.5,2.386532,14058400,Bwa
298,3,3,168.41,294,1176,3,12,1000,40.8,lenovo_st45,3125,0.01,1,12,105,21.5,3.80492,12597783,Bwa
298,3,3,136.45,294,1176,3,12,1000,40.8,lenovo_st45,3125,0.01,1,12,105,21.5,2.489807,12372389,Bwa
298,3,3,184.91,294,1176,3,12,1000,40.8,lenovo_st45,3125,0.01,1,12,105,21.5,4.395434,11361771,Bwa
298,3,3,168.56,294,1176,3,12,1000,40.8,lenovo_st45,3125,0.01,1,12,105,21.5,3.882596,12460635,Bwa
298,3,3,195.11,294,1176,3,12,1000,40.8,lenovo_st45,3125,0.01,1,12,105,21.5,4.73361,12611382,Bwa
298,3,3,194.44,294,1176,3,12,1000,40.8,lenovo_st45,3125,0.01,1,12,105,21.5,4.611815,12613188,Bwa
298,3,3,169.56,294,1176,3,12,1000,40.8,lenovo_st45,3125,0.01,1,12,105,21.5,3.718636,13831560,Bwa
95,4,4,109.84,46,139,3,12,1000,40.8,lenovo_st45,3125,0.01,1,12,105,21.5,2.498893,336666558,Cycles
95,4,4,78.72,46,139,3,12,1000,40.8,lenovo_st45,3125,0.01,1,12,105,21.5,1.095803,318085065,Cycles
95,4,4,74.09,46,139,3,12,1000,40.8,lenovo_st45,3125,0.01,1,12,105,21.5,1.30486,344367519,Cycles
95,4,4,63.9,46,139,3,12,1000,40.8,lenovo_st45,3125,0.01,1,12,105,21.5,1.068722,310123894,Cycles
95,4,4,71.95,46,139,3,12,1000,40.8,lenovo_st45,3125,0.01,1,12,105,21.5,1.138527,315646011,Cycles
95,4,4,80.47,46,139,3,12,1000,40.8,lenovo_st45,3125,0.01,1,12,105,21.5,1.612528,294850140,Cycles
95,4,4,97.69,46,139,3,12,1000,40.8,lenovo_st45,3125,0.01,1,12,105,21.5,1.992906,324867145,Cycles
95,4,4,74.11,46,139,3,12,1000,40.8,lenovo_st45,3125,0.01,1,12,105,21.5,1.19058,323122673,Cycles
95,4,4,80.4,46,139,3,12,1000,40.8,lenovo_st45,3125,0.01,1,12,105,21.5,1.143877,328488908,Cycles
95,4,4,73.73,46,139,3,12,1000,40.8,lenovo_st45,3125,0.01,1,12,105,21.5,1.218591,328660998,Cycles
145,4,4,91.85,70,212,3,12,1000,40.8,lenovo_st45,3125,0.01,1,12,105,21.5,1.364955,483236484,Cycles
145,4,4,109.99,70,212,3,12,1000,40.8,lenovo_st45,3125,0.01,1,12,105,21.5,1.62629,496150101,Cycles
145,4,4,91.05,70,212,3,12,1000,40.8,lenovo_st45,3125,0.01,1,12,105,21.5,1.383534,458271627,Cycles
145,4,4,139.94,70,212,3,12,1000,40.8,lenovo_st45,3125,0.01,1,12,105,21.5,2.701346,484671019,Cycles
145,4,4,106.98,70,212,3,12,1000,40.8,lenovo_st45,3125,0.01,1,12,105,21.5,1.515167,469522800,Cycles
145,4,4,115.71,70,212,3,12,1000,40.8,lenovo_st45,3125,0.01,1,12,105,21.5,1.779433,484783354,Cycles
145,4,4,107.73,70,212,3,12,1000,40.8,lenovo_st45,3125,0.01,1,12,105,21.5,1.723175,476460461,Cycles
145,4,4,99.5,70,212,3,12,1000,40.8,lenovo_st45,3125,0.01,1,12,105,21.5,1.469069,481898459,Cycles
145,4,4,141.94,70,212,3,12,1000,40.8,lenovo_st45,3125,0.01,1,12,105,21.5,2.784376,464395358,Cycles
145,4,4,109.44,70,212,3,12,1000,40.8,lenovo_st45,3125,0.01,1,12,105,21.5,1.648513,480116773,Cycles
198,4,4,150.33,96,290,3,12,1000,40.8,lenovo_st45,3125,0.01,1,12,105,21.5,1.99776,657440011,Cycles
198,4,4,181.02,96,290,3,12,1000,40.8,lenovo_st45,3125,0.01,1,12,105,21.5,3.11352,648621809,Cycles
198,4,4,133.62,96,290,3,12,1000,40.8,lenovo_st45,3125,0.01,1,12,105,21.5,1.851002,665971919,Cycles
198,4,4,155.26,96,290,3,12,1000,40.8,lenovo_st45,3125,0.01,1,12,105,21.5,2.282459,668110979,Cycles
198,4,4,176.4,96,290,3,12,1000,40.8,lenovo_st45,3125,0.01,1,12,105,21.5,2.861068,654886128,Cycles
198,4,4,175.11,96,290,3,12,1000,40.8,lenovo_st45,3125,0.01,1,12,105,21.5,3.088028,691534113,Cycles
198,4,4,156.45,96,290,3,12,1000,40.8,lenovo_st45,3125,0.01,1,12,105,21.5,2.46622,656445065,Cycles
198,4,4,138.11,96,290,3,12,1000,40.8,lenovo_st45,3125,0.01,1,12,105,21.5,2.120061,664012781,Cycles
198,4,4,155.13,96,290,3,12,1000,40.8,lenovo_st45,3125,0.01,1,12,105,21.5,2.671937,700879715,Cycles
198,4,4,167.72,96,290,3,12,1000,40.8,lenovo_st45,3125,0.01,1,12,105,21.5,2.719719,663273522,Cycles
247,4,4,202.11,120,367,3,12,1000,40.8,lenovo_st45,3125,0.01,1,12,105,21.5,3.473803,832138228,Cycles
247,4,4,187.24,120,365,3,12,1000,40.8,lenovo_st45,3125,0.01,1,12,105,21.5,2.648804,848410589,Cycles
247,4,4,209.71,120,363,3,12,1000,40.8,lenovo_st45,3125,0.01,1,12,105,21.5,3.407282,829429896,Cycles
247,4,4,172.1,120,363,3,12,1000,40.8,lenovo_st45,3125,0.01,1,12,105,21.5,2.420377,840934587,Cycles
247,4,4,181.23,120,363,3,12,1000,40.8,lenovo_st45,3125,0.01,1,12,105,21.5,2.411024,835888196,Cycles
247,4,4,204.52,120,365,3,12,1000,40.8,lenovo_st45,3125,0.01,1,12,105,21.5,3.439707,840981249,Cycles
247,4,4,185.01,120,363,3,12,1000,40.8,lenovo_st45,3125,0.01,1,12,105,21.5,2.49577,829428552,Cycles
247,4,4,168.2,120,363,3,12,1000,40.8,lenovo_st45,3125,0.01,1,12,105,21.5,2.377531,836089606,Cycles
247,4,4,192.6,120,367,3,12,1000,40.8,lenovo_st45,3125,0.01,1,12,105,21.5,3.332821,848679085,Cycles
247,4,4,186.79,120,363,3,12,1000,40.8,lenovo_st45,3125,0.01,1,12,105,21.5,2.561791,830571434,Cycles
297,4,4,201.62,144,440,3,12,1000,40.8,lenovo_st45,3125,0.01,1,12,105,21.5,2.7037,984244896,Cycles
297,4,4,209.66,144,436,3,12,1000,40.8,lenovo_st45,3125,0.01,1,12,105,21.5,2.790018,1014476776,Cycles
297,4,4,210.22,144,436,3,12,1000,40.8,lenovo_st45,3125,0.01,1,12,105,21.5,2.878095,1010134666,Cycles
297,4,4,211.19,144,438,3,12,1000,40.8,lenovo_st45,3125,0.01,1,12,105,21.5,3.067263,1000015220,Cycles
297,4,4,213.74,144,438,3,12,1000,40.8,lenovo_st45,3125,0.01,1,12,105,21.5,2.788015,999932133,Cycles
297,4,4,206.71,144,442,3,12,1000,40.8,lenovo_st45,3125,0.01,1,12,105,21.5,2.899975,994884782,Cycles
297,4,4,209.13,144,438,3,12,1000,40.8,lenovo_st45,3125,0.01,1,12,105,21.5,2.795872,968643056,Cycles
297,4,4,202.33,144,436,3,12,1000,40.8,lenovo_st45,3125,0.01,1,12,105,21.5,2.739403,998888910,Cycles
297,4,4,203.39,144,440,3,12,1000,40.8,lenovo_st45,3125,0.01,1,12,105,21.5,2.776999,992029129,Cycles
297,4,4,230.2,144,440,3,12,1000,40.8,lenovo_st45,3125,0.01,1,12,105,21.5,3.836175,1011079238,Cycles
395,4,4,312.97,190,575,3,12,1000,40.8,lenovo_st45,3125,0.01,1,12,105,21.5,4.587751,1339364006,Cycles
395,4,4,294.4,190,575,3,12,1000,40.8,lenovo_st45,3125,0.01,1,12,105,21.5,3.831243,1330590336,Cycles
395,4,4,298.37,190,577,3,12,1000,40.8,lenovo_st45,3125,0.01,1,12,105,21.5,4.165631,1353128056,Cycles
395,4,4,285.19,190,577,3,12,1000,40.8,lenovo_st45,3125,0.01,1,12,105,21.5,3.849158,1327506965,Cycles
395,4,4,294.27,190,577,3,12,1000,40.8,lenovo_st45,3125,0.01,1,12,105,21.5,3.663884,1339454042,Cycles
395,4,4,294.71,190,577,3,12,1000,40.8,lenovo_st45,3125,0.01,1,12,105,21.5,3.789863,1348504505,Cycles
395,4,4,315.34,190,575,3,12,1000,40.8,lenovo_st45,3125,0.01,1,12,105,21.5,4.832534,1305464794,Cycles
395,4,4,294.81,190,575,3,12,1000,40.8,lenovo_st45,3125,0.01,1,12,105,21.5,4.135528,1310667428,Cycles
395,4,4,295.8,190,577,3,12,1000,40.8,lenovo_st45,3125,0.01,1,12,105,21.5,4.189569,1304071716,Cycles
395,4,4,326.88,190,575,3,12,1000,40.8,lenovo_st45,3125,0.01,1,12,105,21.5,4.777537,1309967914,Cycles
497,4,4,365.08,238,741,3,12,1000,40.8,lenovo_st45,3125,0.01,1,12,105,21.5,5.35639,1644284426,Cycles
498,4,4,354.07,240,766,3,12,1000,40.8,lenovo_st45,3125,0.01,1,12,105,21.5,4.798985,1706661725,Cycles
497,4,4,397.76,238,741,3,12,1000,40.8,lenovo_st45,3125,0.01,1,12,105,21.5,5.595067,1675653150,Cycles
498,4,4,373.34,240,750,3,12,1000,40.8,lenovo_st45,3125,0.01,1,12,105,21.5,5.536934,1693527215,Cycles
498,4,4,345.87,240,740,3,12,1000,40.8,lenovo_st45,3125,0.01,1,12,105,21.5,4.753341,1666588586,Cycles
497,4,4,370.23,238,733,3,12,1000,40.8,lenovo_st45,3125,0.01,1,12,105,21.5,4.85183,1688454543,Cycles
498,4,4,333.51,240,740,3,12,1000,40.8,lenovo_st45,3125,0.01,1,12,105,21.5,4.461425,1651465013,Cycles
497,4,4,357.19,238,731,3,12,1000,40.8,lenovo_st45,3125,0.01,1,12,105,21.5,4.758309,1688235042,Cycles
497,4,4,369.83,238,735,3,12,1000,40.8,lenovo_st45,3125,0.01,1,12,105,21.5,4.806538,1657442392,Cycles
497,4,4,388.49,238,739,3,12,1000,40.8,lenovo_st45,3125,0.01,1,12,105,21.5,5.222307,1653765137,Cycles
697,4,4,476.65,338,1024,3,12,1000,40.8,lenovo_st45,3125,0.01,1,12,105,21.5,6.231791,2371246853,Cycles
697,4,4,488.94,338,1024,3,12,1000,40.8,lenovo_st45,3125,0.01,1,12,105,21.5,6.770573,2392424333,Cycles
697,4,4,492.32,338,1024,3,12,1000,40.8,lenovo_st45,3125,0.01,1,12,105,21.5,6.413795,2325683562,Cycles
697,4,4,460.56,338,1024,3,12,1000,40.8,lenovo_st45,3125,0.01,1,12,105,21.5,6.128728,2349696799,Cycles
697,4,4,462.29,338,1024,3,12,1000,40.8,lenovo_st45,3125,0.01,1,12,105,21.5,6.181309,2330976426,Cycles
697,4,4,520.95,338,1024,3,12,1000,40.8,lenovo_st45,3125,0.01,1,12,105,21.5,6.829371,2318151088,Cycles
697,4,4,498.59,338,1024,3,12,1000,40.8,lenovo_st45,3125,0.01,1,12,105,21.5,7.224213,2285086874,Cycles
697,4,4,492.01,338,1024,3,12,1000,40.8,lenovo_st45,3125,0.01,1,12,105,21.5,7.185779,2315825606,Cycles
697,4,4,463.57,338,1024,3,12,1000,40.8,lenovo_st45,3125,0.01,1,12,105,21.5,6.123898,2274254480,Cycles
697,4,4,510.22,338,1024,3,12,1000,40.8,lenovo_st45,3125,0.01,1,12,105,21.5,6.494098,2343242674,Cycles
997,4,4,732.52,482,1463,3,12,1000,40.8,lenovo_st45,3125,0.01,1,12,105,21.5,10.103606,3407415421,Cycles
997,4,4,657.79,482,1461,3,12,1000,40.8,lenovo_st45,3125,0.01,1,12,105,21.5,8.806204,3381542959,Cycles
997,4,4,705.21,482,1461,3,12,1000,40.8,lenovo_st45,3125,0.01,1,12,105,21.5,9.930146,3333269783,Cycles
998,4,4,718.63,484,1468,3,12,1000,40.8,lenovo_st45,3125,0.01,1,12,105,21.5,10.12163,3393662452,Cycles
998,4,4,688.18,484,1474,3,12,1000,40.8,lenovo_st45,3125,0.01,1,12,105,21.5,8.91771,3352207190,Cycles
997,4,4,674.17,482,1463,3,12,1000,40.8,lenovo_st45,3125,0.01,1,12,105,21.5,8.950062,3366611578,Cycles
997,4,4,705.73,482,1461,3,12,1000,40.8,lenovo_st45,3125,0.01,1,12,105,21.5,8.907091,3281549647,Cycles
998,4,4,711.23,484,1468,3,12,1000,40.8,lenovo_st45,3125,0.01,1,12,105,21.5,9.505254,3369427219,Cycles
997,4,4,689.91,482,1461,3,12,1000,40.8,lenovo_st45,3125,0.01,1,12,105,21.5,9.455941,3423304585,Cycles
998,4,4,691.28,484,1470,3,12,1000,40.8,lenovo_st45,3125,0.01,1,12,105,21.5,8.839641,3297672819,Cycles
45,9,9,137.13,10,53,8,12,1000,40.8,lenovo_st45,3125,0.01,1,12,105,21.5,5.123018,1727045210,Epigenomics
45,9,9,135.2,10,53,8,12,1000,40.8,lenovo_st45,3125,0.01,1,12,105,21.5,4.989829,1677412701,Epigenomics
45,9,9,140.55,10,53,8,12,1000,40.8,lenovo_st45,3125,0.01,1,12,105,21.5,5.305719,1800501330,Epigenomics
45,9,9,130.37,10,53,8,12,1000,40.8,lenovo_st45,3125,0.01,1,12,105,21.5,4.754258,1337959163,Epigenomics
45,9,9,136.62,10,53,8,12,1000,40.8,lenovo_st45,3125,0.01,1,12,105,21.5,5.047804,1679993814,Epigenomics
45,9,9,133.32,10,53,8,12,1000,40.8,lenovo_st45,3125,0.01,1,12,105,21.5,4.862528,1611654322,Epigenomics
45,9,9,145.04,10,53,8,12,1000,40.8,lenovo_st45,3125,0.01,1,12,105,21.5,5.354069,1601064578,Epigenomics
45,9,9,145.58,10,53,8,12,1000,40.8,lenovo_st45,3125,0.01,1,12,105,21.5,5.24916,1542563065,Epigenomics
45,9,9,138.06,10,53,8,12,1000,40.8,lenovo_st45,3125,0.01,1,12,105,21.5,4.982811,1448438130,Epigenomics
45,9,9,132.34,10,53,8,12,1000,40.8,lenovo_st45,3125,0.01,1,12,105,21.5,4.824776,1552422788,Epigenomics
97,9,9,191.54,23,118,8,12,1000,40.8,lenovo_st45,3125,0.01,1,12,105,21.5,6.811019,2710060091,Epigenomics
97,9,9,180.09,23,118,8,12,1000,40.8,lenovo_st45,3125,0.01,1,12,105,21.5,6.567499,2574458669,Epigenomics
97,9,9,154.51,23,118,8,12,1000,40.8,lenovo_st45,3125,0.01,1,12,105,21.5,5.424324,2091597281,Epigenomics
97,9,9,163.96,23,118,8,12,1000,40.8,lenovo_st45,3125,0.01,1,12,105,21.5,5.740882,2385358895,Epigenomics
97,9,9,173.09,23,118,8,12,1000,40.8,lenovo_st45,3125,0.01,1,12,105,21.5,5.959103,2451673834,Epigenomics
97,9,9,181.99,23,118,8,12,1000,40.8,lenovo_st45,3125,0.01,1,12,105,21.5,6.364125,2298815957,Epigenomics
97,9,9,172.66,23,118,8,12,1000,40.8,lenovo_st45,3125,0.01,1,12,105,21.5,5.934828,2234091665,Epigenomics
97,9,9,156.57,23,118,8,12,1000,40.8,lenovo_st45,3125,0.01,1,12,105,21.5,5.532823,2126889977,Epigenomics
97,9,9,174.1,23,118,8,12,1000,40.8,lenovo_st45,3125,0.01,1,12,105,21.5,6.001704,2090842582,Epigenomics
97,9,9,185.92,23,118,8,12,1000,40.8,lenovo_st45,3125,0.01,1,12,105,21.5,6.605794,2560109828,Epigenomics
145,9,9,196.45,35,178,8,12,1000,40.8,lenovo_st45,3125,0.01,1,12,105,21.5,6.46875,2792440467,Epigenomics
145,9,9,224.1,35,178,8,12,1000,40.8,lenovo_st45,3125,0.01,1,12,105,21.5,7.666125,3311470774,Epigenomics
145,9,9,202.96,35,178,8,12,1000,40.8,lenovo_st45,3125,0.01,1,12,105,21.5,6.875337,2951618431,Epigenomics
145,9,9,203.51,35,178,8,12,1000,40.8,lenovo_st45,3125,0.01,1,12,105,21.5,7.14444,3244960726,Epigenomics
145,9,9,203.58,35,178,8,12,1000,40.8,lenovo_st45,3125,0.01,1,12,105,21.5,6.860255,2970769879,Epigenomics
145,9,9,197.71,35,178,8,12,1000,40.8,lenovo_st45,3125,0.01,1,12,105,21.5,6.695044,2759877556,Epigenomics
145,9,9,194.12,35,178,8,12,1000,40.8,lenovo_st45,3125,0.01,1,12,105,21.5,6.586553,2778259066,Epigenomics
145,9,9,206.96,35,178,8,12,1000,40.8,lenovo_st45,3125,0.01,1,12,105,21.5,7.130177,3168292424,Epigenomics
145,9,9,217.78,35,178,8,12,1000,40.8,lenovo_st45,3125,0.01,1,12,105,21.5,7.513724,3142564300,Epigenomics
145,9,9,220.8,35,178,8,12,1000,40.8,lenovo_st45,3125,0.01,1,12,105,21.5,7.687529,3516744112,Epigenomics
197,9,9,286.52,47,242,8,12,1000,40.8,lenovo_st45,3125,0.01,1,12,105,21.5,8.742103,5014907922,Epigenomics
197,9,9,283.28,47,240,8,12,1000,40.8,lenovo_st45,3125,0.01,1,12,105,21.5,8.60272,5007478106,Epigenomics
197,9,9,277.19,47,240,8,12,1000,40.8,lenovo_st45,3125,0.01,1,12,105,21.5,8.368217,4012389533,Epigenomics
197,9,9,305.73,47,240,8,12,1000,40.8,lenovo_st45,3125,0.01,1,12,105,21.5,9.61461,5201440372,Epigenomics
195,9,9,328.32,46,236,8,12,1000,40.8,lenovo_st45,3125,0.01,1,12,105,21.5,9.93515,5624750227,Epigenomics
195,9,9,308.05,46,236,8,12,1000,40.8,lenovo_st45,3125,0.01,1,12,105,21.5,9.058306,4706428398,Epigenomics
197,9,9,283.81,47,240,8,12,1000,40.8,lenovo_st45,3125,0.01,1,12,105,21.5,8.688608,4982947549,Epigenomics
195,9,9,308.84,46,236,8,12,1000,40.8,lenovo_st45,3125,0.01,1,12,105,21.5,8.96902,4693669217,Epigenomics
197,9,9,290.05,47,240,8,12,1000,40.8,lenovo_st45,3125,0.01,1,12,105,21.5,8.811769,5019858412,Epigenomics
197,9,9,289.66,47,240,8,12,1000,40.8,lenovo_st45,3125,0.01,1,12,105,21.5,8.662171,4136148163,Epigenomics
245,9,9,275.89,60,303,8,12,1000,40.8,lenovo_st45,3125,0.01,1,12,105,21.5,8.908771,4560331820,Epigenomics
245,9,9,288.83,60,303,8,12,1000,40.8,lenovo_st45,3125,0.01,1,12,105,21.5,9.427769,4267937149,Epigenomics
245,9,9,265.67,60,303,8,12,1000,40.8,lenovo_st45,3125,0.01,1,12,105,21.5,8.705043,4508141455,Epigenomics
245,9,9,286.2,60,303,8,12,1000,40.8,lenovo_st45,3125,0.01,1,12,105,21.5,9.227855,4643056693,Epigenomics
245,9,9,299.89,60,303,8,12,1000,40.8,lenovo_st45,3125,0.01,1,12,105,21.5,10.112152,4844030674,Epigenomics
245,9,9,293.04,60,303,8,12,1000,40.8,lenovo_st45,3125,0.01,1,12,105,21.5,9.620416,4846754450,Epigenomics
245,9,9,283.15,60,303,8,12,1000,40.8,lenovo_st45,3125,0.01,1,12,105,21.5,9.210622,4880457037,Epigenomics
245,9,9,280.43,60,303,8,12,1000,40.8,lenovo_st45,3125,0.01,1,12,105,21.5,9.136849,4700282057,Epigenomics
245,9,9,302.14,60,303,8,12,1000,40.8,lenovo_st45,3125,0.01,1,12,105,21.5,10.011315,4799882626,Epigenomics
245,9,9,285.5,60,303,8,12,1000,40.8,lenovo_st45,3125,0.01,1,12,105,21.5,9.413291,4924722078,Epigenomics
297,9,9,420.35,71,370,8,12,1000,40.8,lenovo_st45,3125,0.01,1,12,105,21.5,12.022143,8055008397,Epigenomics
297,9,9,424.88,71,362,8,12,1000,40.8,lenovo_st45,3125,0.01,1,12,105,21.5,12.675644,8370540571,Epigenomics
297,9,9,418.3,71,364,8,12,1000,40.8,lenovo_st45,3125,0.01,1,12,105,21.5,12.264705,7863925041,Epigenomics
297,9,9,438.11,71,364,8,12,1000,40.8,lenovo_st45,3125,0.01,1,12,105,21.5,12.746973,8154408711,Epigenomics
295,9,9,435.23,70,366,8,12,1000,40.8,lenovo_st45,3125,0.01,1,12,105,21.5,12.250039,7361325586,Epigenomics
297,9,9,430.61,71,362,8,12,1000,40.8,lenovo_st45,3125,0.01,1,12,105,21.5,12.584477,7984078471,Epigenomics
295,9,9,402.78,71,365,8,12,1000,40.8,lenovo_st45,3125,0.01,1,12,105,21.5,11.903886,6970725003,Epigenomics
295,9,9,400.92,71,367,8,12,1000,40.8,lenovo_st45,3125,0.01,1,12,105,21.5,11.98828,7123371177,Epigenomics
295,9,9,437.02,71,365,8,12,1000,40.8,lenovo_st45,3125,0.01,1,12,105,21.5,13.426731,7871954783,Epigenomics
295,9,9,396.08,71,379,8,12,1000,40.8,lenovo_st45,3125,0.01,1,12,105,21.5,11.764075,6405608810,Epigenomics
397,9,9,537.47,95,490,8,12,1000,40.8,lenovo_st45,3125,0.01,1,12,105,21.5,14.579178,9711903697,Epigenomics
397,9,9,547.64,95,492,8,12,1000,40.8,lenovo_st45,3125,0.01,1,12,105,21.5,15.668171,11119429082,Epigenomics
397,9,9,493.84,96,501,8,12,1000,40.8,lenovo_st45,3125,0.01,1,12,105,21.5,14.508546,9563878101,Epigenomics
395,9,9,512.13,95,493,8,12,1000,40.8,lenovo_st45,3125,0.01,1,12,105,21.5,14.217922,9760440320,Epigenomics
397,9,9,533.45,95,492,8,12,1000,40.8,lenovo_st45,3125,0.01,1,12,105,21.5,15.075931,9080463410,Epigenomics
397,9,9,487.14,96,491,8,12,1000,40.8,lenovo_st45,3125,0.01,1,12,105,21.5,13.912075,8227874461,Epigenomics
397,9,9,485.58,96,513,8,12,1000,40.8,lenovo_st45,3125,0.01,1,12,105,21.5,14.146333,9379805127,Epigenomics
397,9,9,468.11,96,511,8,12,1000,40.8,lenovo_st45,3125,0.01,1,12,105,21.5,13.362863,9251587017,Epigenomics
395,9,9,508.53,95,493,8,12,1000,40.8,lenovo_st45,3125,0.01,1,12,105,21.5,14.38553,9432036417,Epigenomics
397,9,9,528.38,95,486,8,12,1000,40.8,lenovo_st45,3125,0.01,1,12,105,21.5,14.675042,9802783123,Epigenomics
495,9,9,587.39,120,608,8,12,1000,40.8,lenovo_st45,3125,0.01,1,12,105,21.5,16.839474,10658249541,Epigenomics
495,9,9,586.48,120,610,8,12,1000,40.8,lenovo_st45,3125,0.01,1,12,105,21.5,16.487426,10606599875,Epigenomics
497,9,9,619.72,120,609,8,12,1000,40.8,lenovo_st45,3125,0.01,1,12,105,21.5,17.279701,10954467455,Epigenomics
495,9,9,600.04,120,608,8,12,1000,40.8,lenovo_st45,3125,0.01,1,12,105,21.5,16.95698,11182745126,Epigenomics
495,9,9,571.11,120,608,8,12,1000,40.8,lenovo_st45,3125,0.01,1,12,105,21.5,16.107017,10703838604,Epigenomics
495,9,9,594.07,120,610,8,12,1000,40.8,lenovo_st45,3125,0.01,1,12,105,21.5,16.62575,10522112978,Epigenomics
495,9,9,580.33,120,608,8,12,1000,40.8,lenovo_st45,3125,0.01,1,12,105,21.5,16.073543,11406596501,Epigenomics
495,9,9,573.57,120,608,8,12,1000,40.8,lenovo_st45,3125,0.01,1,12,105,21.5,16.353668,10087132158,Epigenomics
495,9,9,570.65,120,608,8,12,1000,40.8,lenovo_st45,3125,0.01,1,12,105,21.5,16.38025,11029241969,Epigenomics
495,9,9,607.88,120,608,8,12,1000,40.8,lenovo_st45,3125,0.01,1,12,105,21.5,17.254933,11835281703,Epigenomics
697,9,9,808.1,169,858,8,12,1000,40.8,lenovo_st45,3125,0.01,1,12,105,21.5,22.206002,14562091535,Epigenomics
697,9,9,766.56,170,861,8,12,1000,40.8,lenovo_st45,3125,0.01,1,12,105,21.5,21.50315,13926843048,Epigenomics
697,9,9,839.64,169,860,8,12,1000,40.8,lenovo_st45,3125,0.01,1,12,105,21.5,23.626053,16567345622,Epigenomics
695,9,9,775.21,169,855,8,12,1000,40.8,lenovo_st45,3125,0.01,1,12,105,21.5,21.28028,14516267244,Epigenomics
695,9,9,822.12,168,852,8,12,1000,40.8,lenovo_st45,3125,0.01,1,12,105,21.5,22.443633,14943269906,Epigenomics
695,9,9,782.92,169,857,8,12,1000,40.8,lenovo_st45,3125,0.01,1,12,105,21.5,21.558201,14432533706,Epigenomics
695,9,9,777.69,169,857,8,12,1000,40.8,lenovo_st45,3125,0.01,1,12,105,21.5,21.647094,15786767931,Epigenomics
695,9,9,765.96,169,857,8,12,1000,40.8,lenovo_st45,3125,0.01,1,12,105,21.5,21.505137,13901575079,Epigenomics
695,9,9,787.88,169,857,8,12,1000,40.8,lenovo_st45,3125,0.01,1,12,105,21.5,21.829766,15002193192,Epigenomics
697,9,9,808.09,169,866,8,12,1000,40.8,lenovo_st45,3125,0.01,1,12,105,21.5,22.39712,15610414186,Epigenomics
997,9,9,961.65,245,1234,8,12,1000,40.8,lenovo_st45,3125,0.01,1,12,105,21.5,26.60221,18517660111,Epigenomics
997,9,9,1006.51,245,1234,8,12,1000,40.8,lenovo_st45,3125,0.01,1,12,105,21.5,28.950885,19005554399,Epigenomics
995,9,9,974.95,245,1233,8,12,1000,40.8,lenovo_st45,3125,0.01,1,12,105,21.5,28.167568,18135019663,Epigenomics
997,9,9,974.79,245,1234,8,12,1000,40.8,lenovo_st45,3125,0.01,1,12,105,21.5,27.633991,19585241560,Epigenomics
997,9,9,992.49,245,1234,8,12,1000,40.8,lenovo_st45,3125,0.01,1,12,105,21.5,28.487171,18957549112,Epigenomics
997,9,9,982.4,245,1234,8,12,1000,40.8,lenovo_st45,3125,0.01,1,12,105,21.5,27.612891,18689416061,Epigenomics
997,9,9,1010.2,245,1234,8,12,1000,40.8,lenovo_st45,3125,0.01,1,12,105,21.5,28.723822,18929546977,Epigenomics
997,9,9,977.73,245,1234,8,12,1000,40.8,lenovo_st45,3125,0.01,1,12,105,21.5,27.582124,19051045946,Epigenomics
997,9,9,1003.53,245,1236,8,12,1000,40.8,lenovo_st45,3125,0.01,1,12,105,21.5,28.71137,19387833595,Epigenomics
995,9,9,955.35,245,1233,8,12,1000,40.8,lenovo_st45,3125,0.01,1,12,105,21.5,27.337899,19178533423,Epigenomics
96,11,11,5411.38,50,194,12,12,1000,40.8,lenovo_st45,3125,0.01,1,12,105,21.5,232.04307,229465391483,Soykb
96,11,11,5436.61,50,194,12,12,1000,40.8,lenovo_st45,3125,0.01,1,12,105,21.5,231.979958,229465396494,Soykb
96,11,11,5454.7,50,194,12,12,1000,40.8,lenovo_st45,3125,0.01,1,12,105,21.5,231.735889,229465319504,Soykb
96,11,11,5460.74,50,194,12,12,1000,40.8,lenovo_st45,3125,0.01,1,12,105,21.5,231.233912,229465309722,Soykb
96,11,11,5412.52,50,194,12,12,1000,40.8,lenovo_st45,3125,0.01,1,12,105,21.5,230.800921,229465272869,Soykb
96,11,11,5397.65,50,194,12,12,1000,40.8,lenovo_st45,3125,0.01,1,12,105,21.5,232.157509,229465219267,Soykb
96,11,11,5431.72,50,194,12,12,1000,40.8,lenovo_st45,3125,0.01,1,12,105,21.5,231.428546,229465341964,Soykb
96,11,11,5458.28,50,194,12,12,1000,40.8,lenovo_st45,3125,0.01,1,12,105,21.5,231.622964,229465441061,Soykb
96,11,11,5443.13,50,194,12,12,1000,40.8,lenovo_st45,3125,0.01,1,12,105,21.5,231.95255,229465353811,Soykb
96,11,11,5409.97,50,194,12,12,1000,40.8,lenovo_st45,3125,0.01,1,12,105,21.5,230.74555,229465388413,Soykb
146,11,11,8244.84,85,320,12,12,1000,40.8,lenovo_st45,3125,0.01,1,12,105,21.5,355.779748,353878977592,Soykb
146,11,11,8387.57,85,320,12,12,1000,40.8,lenovo_st45,3125,0.01,1,12,105,21.5,355.469702,353879083963,Soykb
146,11,11,8405.05,85,320,12,12,1000,40.8,lenovo_st45,3125,0.01,1,12,105,21.5,356.828217,353879068788,Soykb
148,11,11,8671.46,90,332,12,12,1000,40.8,lenovo_st45,3125,0.01,1,12,105,21.5,370.15637,367615001501,Soykb
146,11,11,8281.86,85,320,12,12,1000,40.8,lenovo_st45,3125,0.01,1,12,105,21.5,355.270526,353878904082,Soykb
146,11,11,8374.71,85,320,12,12,1000,40.8,lenovo_st45,3125,0.01,1,12,105,21.5,356.075812,353879005434,Soykb
146,11,11,8380.73,85,320,12,12,1000,40.8,lenovo_st45,3125,0.01,1,12,105,21.5,356.005149,353879011138,Soykb
146,11,11,8316.05,85,320,12,12,1000,40.8,lenovo_st45,3125,0.01,1,12,105,21.5,356.098561,353878942566,Soykb
144,11,11,8034.0,80,302,12,12,1000,40.8,lenovo_st45,3125,0.01,1,12,105,21.5,343.117637,340142930776,Soykb
146,11,11,8364.08,85,320,12,12,1000,40.8,lenovo_st45,3125,0.01,1,12,105,21.5,356.172493,353879129523,Soykb
196,11,11,11168.81,120,458,12,12,1000,40.8,lenovo_st45,3125,0.01,1,12,105,21.5,479.757809,478292528216,Soykb
198,11,11,10995.56,115,432,12,12,1000,40.8,lenovo_st45,3125,0.01,1,12,105,21.5,471.824278,467696595735,Soykb
194,11,11,10872.05,115,437,12,12,1000,40.8,lenovo_st45,3125,0.01,1,12,105,21.5,465.321163,464556449389,Soykb
194,11,11,10910.17,115,437,12,12,1000,40.8,lenovo_st45,3125,0.01,1,12,105,21.5,467.050992,464556633583,Soykb
196,11,11,11174.65,120,458,12,12,1000,40.8,lenovo_st45,3125,0.01,1,12,105,21.5,481.612203,478292541232,Soykb
196,11,11,11235.82,120,458,12,12,1000,40.8,lenovo_st45,3125,0.01,1,12,105,21.5,480.578789,478292801246,Soykb
196,11,11,11187.39,120,458,12,12,1000,40.8,lenovo_st45,3125,0.01,1,12,105,21.5,480.810707,478292542221,Soykb
194,11,11,11490.21,125,464,12,12,1000,40.8,lenovo_st45,3125,0.01,1,12,105,21.5,491.421586,488888293038,Soykb
196,11,11,11224.75,120,458,12,12,1000,40.8,lenovo_st45,3125,0.01,1,12,105,21.5,479.291756,478292638917,Soykb
196,11,11,11226.19,120,458,12,12,1000,40.8,lenovo_st45,3125,0.01,1,12,105,21.5,481.459795,478292662391,Soykb
247,11,11,14268.05,160,570,12,12,1000,40.8,lenovo_st45,3125,0.01,1,12,105,21.5,608.818103,605518737381,Soykb
247,11,11,14140.86,160,570,12,12,1000,40.8,lenovo_st45,3125,0.01,1,12,105,21.5,607.725324,605518767300,Soykb
241,11,11,13593.15,150,545,12,12,1000,40.8,lenovo_st45,3125,0.01,1,12,105,21.5,583.064426,580532197689,Soykb
246,11,11,13712.39,150,550,12,12,1000,40.8,lenovo_st45,3125,0.01,1,12,105,21.5,588.922922,586484868043,Soykb
247,11,11,14218.13,160,570,12,12,1000,40.8,lenovo_st45,3125,0.01,1,12,105,21.5,608.728202,605518926190,Soykb
246,11,11,13728.12,150,550,12,12,1000,40.8,lenovo_st45,3125,0.01,1,12,105,21.5,588.647533,586484721990,Soykb
247,11,11,14120.55,160,570,12,12,1000,40.8,lenovo_st45,3125,0.01,1,12,105,21.5,607.425647,605518823402,Soykb
246,11,11,13784.17,150,550,12,12,1000,40.8,lenovo_st45,3125,0.01,1,12,105,21.5,590.442331,586484724867,Soykb
241,11,11,13572.35,150,545,12,12,1000,40.8,lenovo_st45,3125,0.01,1,12,105,21.5,583.330392,580532130528,Soykb
246,11,11,13679.54,150,550,12,12,1000,40.8,lenovo_st45,3125,0.01,1,12,105,21.5,588.165668,586484826921,Soykb
296,11,11,17797.5,210,738,12,12,1000,40.8,lenovo_st45,3125,0.01,1,12,105,21.5,762.567893,759562732789,Soykb
298,11,11,17849.01,210,726,12,12,1000,40.8,lenovo_st45,3125,0.01,1,12,105,21.5,759.741848,757077221105,Soykb
296,11,11,17787.17,210,738,12,12,1000,40.8,lenovo_st45,3125,0.01,1,12,105,21.5,761.53076,759562295983,Soykb
296,11,11,17700.09,210,738,12,12,1000,40.8,lenovo_st45,3125,0.01,1,12,105,21.5,761.609116,759562483494,Soykb
296,11,11,17776.58,210,738,12,12,1000,40.8,lenovo_st45,3125,0.01,1,12,105,21.5,760.281309,759562307579,Soykb
296,11,11,17820.86,210,738,12,12,1000,40.8,lenovo_st45,3125,0.01,1,12,105,21.5,762.057941,759562336568,Soykb
296,11,11,17785.61,210,738,12,12,1000,40.8,lenovo_st45,3125,0.01,1,12,105,21.5,761.456051,759562427390,Soykb
298,11,11,17696.94,210,726,12,12,1000,40.8,lenovo_st45,3125,0.01,1,12,105,21.5,758.818868,757076866355,Soykb
296,11,11,17758.69,210,738,12,12,1000,40.8,lenovo_st45,3125,0.01,1,12,105,21.5,762.269922,759562555810,Soykb
296,11,11,17739.68,210,738,12,12,1000,40.8,lenovo_st45,3125,0.01,1,12,105,21.5,762.228982,759562265306,Soykb
398,11,11,23930.25,290,1046,12,12,1000,40.8,lenovo_st45,3125,0.01,1,12,105,21.5,1023.573683,1022125069053,Soykb
398,11,11,23884.71,290,1046,12,12,1000,40.8,lenovo_st45,3125,0.01,1,12,105,21.5,1023.930767,1022125592252,Soykb
394,11,11,23444.52,285,1002,12,12,1000,40.8,lenovo_st45,3125,0.01,1,12,105,21.5,1004.972259,1002763853435,Soykb
398,11,11,23777.19,290,1046,12,12,1000,40.8,lenovo_st45,3125,0.01,1,12,105,21.5,1024.219016,1022125583700,Soykb
394,11,11,23591.62,285,1002,12,12,1000,40.8,lenovo_st45,3125,0.01,1,12,105,21.5,1009.294199,1002764416892,Soykb
398,11,11,23860.58,290,1046,12,12,1000,40.8,lenovo_st45,3125,0.01,1,12,105,21.5,1024.465536,1022125956016,Soykb
398,11,11,23838.25,290,1046,12,12,1000,40.8,lenovo_st45,3125,0.01,1,12,105,21.5,1025.1635,1022125618573,Soykb
398,11,11,23865.4,290,1046,12,12,1000,40.8,lenovo_st45,3125,0.01,1,12,105,21.5,1025.886759,1022125731703,Soykb
398,11,11,23781.33,290,1046,12,12,1000,40.8,lenovo_st45,3125,0.01,1,12,105,21.5,1025.445722,1022125625147,Soykb
398,11,11,23967.67,290,1046,12,12,1000,40.8,lenovo_st45,3125,0.01,1,12,105,21.5,1024.399537,1022125749051,Soykb
496,11,11,28108.68,330,1208,12,12,1000,40.8,lenovo_st45,3125,0.01,1,12,105,21.5,1205.268352,1200441706292,Soykb
496,11,11,28525.28,345,1238,12,12,1000,40.8,lenovo_st45,3125,0.01,1,12,105,21.5,1228.232718,1224774289367,Soykb
496,11,11,28519.37,340,1230,12,12,1000,40.8,lenovo_st45,3125,0.01,1,12,105,21.5,1219.224524,1216663397412,Soykb
496,11,11,28513.79,345,1238,12,12,1000,40.8,lenovo_st45,3125,0.01,1,12,105,21.5,1228.298387,1224774292785,Soykb
496,11,11,28552.55,345,1238,12,12,1000,40.8,lenovo_st45,3125,0.01,1,12,105,21.5,1225.873481,1224774196789,Soykb
496,11,11,27992.22,330,1208,12,12,1000,40.8,lenovo_st45,3125,0.01,1,12,105,21.5,1203.279962,1200441592754,Soykb
496,11,11,28205.07,335,1220,12,12,1000,40.8,lenovo_st45,3125,0.01,1,12,105,21.5,1212.424775,1208552754756,Soykb
496,11,11,28013.87,330,1208,12,12,1000,40.8,lenovo_st45,3125,0.01,1,12,105,21.5,1203.243492,1200442251372,Soykb
496,11,11,28525.39,345,1238,12,12,1000,40.8,lenovo_st45,3125,0.01,1,12,105,21.5,1227.869429,1224774346420,Soykb
496,11,11,28599.27,345,1238,12,12,1000,40.8,lenovo_st45,3125,0.01,1,12,105,21.5,1228.023047,1224774338740,Soykb
688,11,11,39110.33,470,1796,12,12,1000,40.8,lenovo_st45,3125,0.01,1,12,105,21.5,1679.665599,1675595276471,Soykb
688,11,11,40407.58,510,1868,12,12,1000,40.8,lenovo_st45,3125,0.01,1,12,105,21.5,1742.247915,1740480066071,Soykb
688,11,11,40124.78,495,1856,12,12,1000,40.8,lenovo_st45,3125,0.01,1,12,105,21.5,1719.258307,1716147993702,Soykb
688,11,11,39676.04,485,1838,12,12,1000,40.8,lenovo_st45,3125,0.01,1,12,105,21.5,1702.901596,1699926913960,Soykb
688,11,11,39782.0,490,1848,12,12,1000,40.8,lenovo_st45,3125,0.01,1,12,105,21.5,1709.476638,1708037548609,Soykb
688,11,11,40243.92,500,1862,12,12,1000,40.8,lenovo_st45,3125,0.01,1,12,105,21.5,1726.457914,1724259234904,Soykb
688,11,11,40478.54,510,1868,12,12,1000,40.8,lenovo_st45,3125,0.01,1,12,105,21.5,1744.089572,1740480493206,Soykb
688,11,11,39668.56,485,1838,12,12,1000,40.8,lenovo_st45,3125,0.01,1,12,105,21.5,1703.595306,1699926912798,Soykb
688,11,11,39565.9,485,1838,12,12,1000,40.8,lenovo_st45,3125,0.01,1,12,105,21.5,1702.770681,1699926899043,Soykb
688,11,11,39723.8,485,1838,12,12,1000,40.8,lenovo_st45,3125,0.01,1,12,105,21.5,1703.459191,1699926729816,Soykb
48,3,3,2180.21,24,69,4,12,1000,40.8,lenovo_st45,3125,0.01,1,12,105,21.5,54.971355,24654062420,Srasearch
48,3,3,1702.99,24,69,4,12,1000,40.8,lenovo_st45,3125,0.01,1,12,105,21.5,51.681086,25150602844,Srasearch
48,3,3,1495.4,24,69,4,12,1000,40.8,lenovo_st45,3125,0.01,1,12,105,21.5,38.336944,18615333189,Srasearch
48,3,3,1672.89,24,69,4,12,1000,40.8,lenovo_st45,3125,0.01,1,12,105,21.5,39.07479,18850699360,Srasearch
48,3,3,1980.03,24,69,4,12,1000,40.8,lenovo_st45,3125,0.01,1,12,105,21.5,57.430275,28016229844,Srasearch
48,3,3,2001.14,24,69,4,12,1000,40.8,lenovo_st45,3125,0.01,1,12,105,21.5,49.246979,23955889460,Srasearch
48,3,3,2403.79,24,69,4,12,1000,40.8,lenovo_st45,3125,0.01,1,12,105,21.5,68.557152,23740794470,Srasearch
48,3,3,1577.68,24,69,4,12,1000,40.8,lenovo_st45,3125,0.01,1,12,105,21.5,43.553357,21224584153,Srasearch
48,3,3,1600.33,24,69,4,12,1000,40.8,lenovo_st45,3125,0.01,1,12,105,21.5,41.609506,20236887088,Srasearch
48,3,3,1916.52,24,69,4,12,1000,40.8,lenovo_st45,3125,0.01,1,12,105,21.5,51.992338,25155395569,Srasearch
98,4,4,3642.82,47,142,4,12,1000,40.8,lenovo_st45,3125,0.01,1,12,105,21.5,105.55824,52179423574,Srasearch
98,4,4,3531.05,47,142,4,12,1000,40.8,lenovo_st45,3125,0.01,1,12,105,21.5,100.013088,49390842841,Srasearch
98,4,4,3268.08,47,142,4,12,1000,40.8,lenovo_st45,3125,0.01,1,12,105,21.5,80.937181,39860962638,Srasearch
98,4,4,3310.68,47,143,4,12,1000,40.8,lenovo_st45,3125,0.01,1,12,105,21.5,88.788288,43827497603,Srasearch
98,4,4,3987.25,47,142,4,12,1000,40.8,lenovo_st45,3125,0.01,1,12,105,21.5,104.51888,51639597834,Srasearch
98,4,4,3502.83,47,142,4,12,1000,40.8,lenovo_st45,3125,0.01,1,12,105,21.5,99.179012,48904013565,Srasearch
98,4,4,3044.2,47,142,4,12,1000,40.8,lenovo_st45,3125,0.01,1,12,105,21.5,92.239874,45438075559,Srasearch
98,4,4,3011.8,47,142,4,12,1000,40.8,lenovo_st45,3125,0.01,1,12,105,21.5,77.306771,38051143716,Srasearch
98,4,4,3263.29,47,142,4,12,1000,40.8,lenovo_st45,3125,0.01,1,12,105,21.5,83.810417,41347958596,Srasearch
97,4,4,3399.05,47,141,4,12,1000,40.8,lenovo_st45,3125,0.01,1,12,105,21.5,81.402937,40144495591,Srasearch
148,4,4,5541.84,70,215,4,12,1000,40.8,lenovo_st45,3125,0.01,1,12,105,21.5,148.567139,71984707378,Srasearch
147,4,4,5334.79,71,218,4,12,1000,40.8,lenovo_st45,3125,0.01,1,12,105,21.5,137.607004,68162224591,Srasearch
147,4,4,5188.48,71,217,4,12,1000,40.8,lenovo_st45,3125,0.01,1,12,105,21.5,135.490119,67049973640,Srasearch
147,4,4,5070.58,71,215,4,12,1000,40.8,lenovo_st45,3125,0.01,1,12,105,21.5,136.047623,67423386760,Srasearch
147,4,4,5479.61,71,216,4,12,1000,40.8,lenovo_st45,3125,0.01,1,12,105,21.5,144.705739,71783594216,Srasearch
147,4,4,5397.68,71,217,4,12,1000,40.8,lenovo_st45,3125,0.01,1,12,105,21.5,149.841417,73939639177,Srasearch
148,4,4,5188.99,70,215,4,12,1000,40.8,lenovo_st45,3125,0.01,1,12,105,21.5,123.780453,61249424097,Srasearch
147,4,4,5527.6,71,215,4,12,1000,40.8,lenovo_st45,3125,0.01,1,12,105,21.5,144.97648,71623564548,Srasearch
147,4,4,5627.94,71,216,4,12,1000,40.8,lenovo_st45,3125,0.01,1,12,105,21.5,145.52465,64272579398,Srasearch
148,4,4,5912.36,72,220,4,12,1000,40.8,lenovo_st45,3125,0.01,1,12,105,21.5,151.68842,75260577887,Srasearch
198,4,4,7235.63,95,290,4,12,1000,40.8,lenovo_st45,3125,0.01,1,12,105,21.5,193.799288,96332344509,Srasearch
197,4,4,6071.52,94,290,4,12,1000,40.8,lenovo_st45,3125,0.01,1,12,105,21.5,160.576924,79618794688,Srasearch
197,4,4,6568.2,94,292,4,12,1000,40.8,lenovo_st45,3125,0.01,1,12,105,21.5,183.825068,91186931485,Srasearch
198,4,4,6975.74,96,295,4,12,1000,40.8,lenovo_st45,3125,0.01,1,12,105,21.5,195.475758,97033751292,Srasearch
197,4,4,6761.54,94,295,4,12,1000,40.8,lenovo_st45,3125,0.01,1,12,105,21.5,187.520243,92852072395,Srasearch
198,4,4,7047.11,96,293,4,12,1000,40.8,lenovo_st45,3125,0.01,1,12,105,21.5,196.961167,97868660958,Srasearch
198,4,4,7067.92,96,291,4,12,1000,40.8,lenovo_st45,3125,0.01,1,12,105,21.5,182.760137,90812907952,Srasearch
198,4,4,6793.36,96,293,4,12,1000,40.8,lenovo_st45,3125,0.01,1,12,105,21.5,173.394082,86095014420,Srasearch
197,4,4,6833.02,93,296,4,12,1000,40.8,lenovo_st45,3125,0.01,1,12,105,21.5,185.703227,92284806516,Srasearch
198,4,4,6618.35,96,292,4,12,1000,40.8,lenovo_st45,3125,0.01,1,12,105,21.5,175.251954,86844616902,Srasearch
247,4,4,9120.46,118,362,4,12,1000,40.8,lenovo_st45,3125,0.01,1,12,105,21.5,244.297166,120899200176,Srasearch
247,4,4,8440.6,120,368,4,12,1000,40.8,lenovo_st45,3125,0.01,1,12,105,21.5,232.537702,115565176127,Srasearch
248,4,4,8877.9,121,373,4,12,1000,40.8,lenovo_st45,3125,0.01,1,12,105,21.5,243.078203,120665654093,Srasearch
248,4,4,8584.84,119,373,4,12,1000,40.8,lenovo_st45,3125,0.01,1,12,105,21.5,234.951307,116860427763,Srasearch
248,4,4,8247.38,119,374,4,12,1000,40.8,lenovo_st45,3125,0.01,1,12,105,21.5,215.814593,107196480698,Srasearch
247,4,4,8991.49,119,370,4,12,1000,40.8,lenovo_st45,3125,0.01,1,12,105,21.5,235.692998,116830084356,Srasearch
248,4,4,8669.01,119,368,4,12,1000,40.8,lenovo_st45,3125,0.01,1,12,105,21.5,228.295337,113476284238,Srasearch
248,4,4,9041.22,119,377,4,12,1000,40.8,lenovo_st45,3125,0.01,1,12,105,21.5,246.465101,122660173865,Srasearch
247,4,4,8889.37,119,371,4,12,1000,40.8,lenovo_st45,3125,0.01,1,12,105,21.5,238.469016,118572238667,Srasearch
248,4,4,8244.69,119,369,4,12,1000,40.8,lenovo_st45,3125,0.01,1,12,105,21.5,234.900946,116877823916,Srasearch
297,4,4,11023.64,144,468,4,12,1000,40.8,lenovo_st45,3125,0.01,1,12,105,21.5,297.820273,148160494718,Srasearch
298,4,4,10513.87,145,447,4,12,1000,40.8,lenovo_st45,3125,0.01,1,12,105,21.5,273.860542,136220981012,Srasearch
297,4,4,11404.71,145,458,4,12,1000,40.8,lenovo_st45,3125,0.01,1,12,105,21.5,293.781214,146167056858,Srasearch
297,4,4,10387.37,145,448,4,12,1000,40.8,lenovo_st45,3125,0.01,1,12,105,21.5,286.446743,142512664134,Srasearch
298,4,4,10573.4,144,456,4,12,1000,40.8,lenovo_st45,3125,0.01,1,12,105,21.5,283.149057,140789195829,Srasearch
298,4,4,11447.84,144,447,4,12,1000,40.8,lenovo_st45,3125,0.01,1,12,105,21.5,290.64076,144718443353,Srasearch
298,4,4,11201.4,144,452,4,12,1000,40.8,lenovo_st45,3125,0.01,1,12,105,21.5,277.586049,138097227574,Srasearch
297,4,4,10960.14,143,446,4,12,1000,40.8,lenovo_st45,3125,0.01,1,12,105,21.5,309.612198,154175139269,Srasearch
298,4,4,10061.98,144,459,4,12,1000,40.8,lenovo_st45,3125,0.01,1,12,105,21.5,272.751915,135694816940,Srasearch
297,4,4,9834.72,145,448,4,12,1000,40.8,lenovo_st45,3125,0.01,1,12,105,21.5,269.642602,134110954360,Srasearch
397,4,4,14760.3,193,621,4,12,1000,40.8,lenovo_st45,3125,0.01,1,12,105,21.5,391.224544,194898815465,Srasearch
397,4,4,13859.41,191,620,4,12,1000,40.8,lenovo_st45,3125,0.01,1,12,105,21.5,369.10993,183803096030,Srasearch
398,4,4,13426.38,191,592,4,12,1000,40.8,lenovo_st45,3125,0.01,1,12,105,21.5,350.353958,174369605981,Srasearch
398,4,4,14083.8,191,604,4,12,1000,40.8,lenovo_st45,3125,0.01,1,12,105,21.5,357.498163,178058683603,Srasearch
398,4,4,14000.77,193,605,4,12,1000,40.8,lenovo_st45,3125,0.01,1,12,105,21.5,383.807515,191204492094,Srasearch
397,4,4,14085.6,192,605,4,12,1000,40.8,lenovo_st45,3125,0.01,1,12,105,21.5,375.207452,186823035293,Srasearch
397,4,4,13398.34,191,622,4,12,1000,40.8,lenovo_st45,3125,0.01,1,12,105,21.5,359.384697,178915395057,Srasearch
398,4,4,13621.52,192,630,4,12,1000,40.8,lenovo_st45,3125,0.01,1,12,105,21.5,373.153678,185939108930,Srasearch
397,4,4,14741.6,191,606,4,12,1000,40.8,lenovo_st45,3125,0.01,1,12,105,21.5,381.540855,190108041978,Srasearch
398,4,4,14479.9,193,614,4,12,1000,40.8,lenovo_st45,3125,0.01,1,12,105,21.5,359.752039,179109864424,Srasearch
498,4,4,17318.2,242,775,4,12,1000,40.8,lenovo_st45,3125,0.01,1,12,105,21.5,464.477,231517161878,Srasearch
497,4,4,17783.06,240,799,4,12,1000,40.8,lenovo_st45,3125,0.01,1,12,105,21.5,503.848095,250811075190,Srasearch
497,4,4,18702.65,242,778,4,12,1000,40.8,lenovo_st45,3125,0.01,1,12,105,21.5,488.262341,243455632764,Srasearch
497,4,4,17427.62,240,774,4,12,1000,40.8,lenovo_st45,3125,0.01,1,12,105,21.5,466.619544,232620583777,Srasearch
497,4,4,17838.58,238,743,4,12,1000,40.8,lenovo_st45,3125,0.01,1,12,105,21.5,485.684976,242100843889,Srasearch
498,4,4,17403.21,241,790,4,12,1000,40.8,lenovo_st45,3125,0.01,1,12,105,21.5,482.528217,240523348345,Srasearch
498,4,4,17766.82,241,772,4,12,1000,40.8,lenovo_st45,3125,0.01,1,12,105,21.5,475.18833,236930260115,Srasearch
497,4,4,18171.06,241,820,4,12,1000,40.8,lenovo_st45,3125,0.01,1,12,105,21.5,498.437176,248494736029,Srasearch
497,4,4,19103.93,242,773,4,12,1000,40.8,lenovo_st45,3125,0.01,1,12,105,21.5,502.578365,250559878273,Srasearch
498,4,4,19642.35,242,755,4,12,1000,40.8,lenovo_st45,3125,0.01,1,12,105,21.5,556.706763,238831175752,Srasearch
697,4,4,24813.15,337,1153,4,12,1000,40.8,lenovo_st45,3125,0.01,1,12,105,21.5,661.685132,330052799928,Srasearch
697,4,4,25262.81,337,1145,4,12,1000,40.8,lenovo_st45,3125,0.01,1,12,105,21.5,687.067393,342713668422,Srasearch
697,4,4,24842.44,338,1097,4,12,1000,40.8,lenovo_st45,3125,0.01,1,12,105,21.5,659.224087,328926433423,Srasearch
697,4,4,26613.89,337,1141,4,12,1000,40.8,lenovo_st45,3125,0.01,1,12,105,21.5,674.07712,336290577017,Srasearch
698,4,4,24239.95,338,1152,4,12,1000,40.8,lenovo_st45,3125,0.01,1,12,105,21.5,631.827218,315164750697,Srasearch
698,4,4,26224.08,338,1125,4,12,1000,40.8,lenovo_st45,3125,0.01,1,12,105,21.5,689.401597,343610131367,Srasearch
698,4,4,24344.19,339,1133,4,12,1000,40.8,lenovo_st45,3125,0.01,1,12,105,21.5,652.046629,325274819209,Srasearch
697,4,4,24841.02,337,1141,4,12,1000,40.8,lenovo_st45,3125,0.01,1,12,105,21.5,683.9891,341255635726,Srasearch
698,4,4,25042.32,338,1127,4,12,1000,40.8,lenovo_st45,3125,0.01,1,12,105,21.5,669.70856,334040538645,Srasearch
698,4,4,25184.16,339,1131,4,12,1000,40.8,lenovo_st45,3125,0.01,1,12,105,21.5,695.854128,347092716794,Srasearch
997,4,4,34751.79,479,1769,4,12,1000,40.8,lenovo_st45,3125,0.01,1,12,105,21.5,933.859227,466065089417,Srasearch
997,4,4,35464.29,483,1627,4,12,1000,40.8,lenovo_st45,3125,0.01,1,12,105,21.5,940.3605,469229097049,Srasearch
998,4,4,37003.72,484,1720,4,12,1000,40.8,lenovo_st45,3125,0.01,1,12,105,21.5,967.314451,482952124836,Srasearch
998,4,4,36455.9,486,1704,4,12,1000,40.8,lenovo_st45,3125,0.01,1,12,105,21.5,953.038387,475638492969,Srasearch
998,4,4,36453.02,479,1814,4,12,1000,40.8,lenovo_st45,3125,0.01,1,12,105,21.5,960.106296,479006258518,Srasearch
998,4,4,34680.28,481,1667,4,12,1000,40.8,lenovo_st45,3125,0.01,1,12,105,21.5,938.691253,468533403655,Srasearch
998,4,4,37171.97,481,1585,4,12,1000,40.8,lenovo_st45,3125,0.01,1,12,105,21.5,996.838776,497447571072,Srasearch
998,4,4,34761.53,484,1700,4,12,1000,40.8,lenovo_st45,3125,0.01,1,12,105,21.5,925.356703,461885732509,Srasearch
998,4,4,37072.89,485,1762,4,12,1000,40.8,lenovo_st45,3125,0.01,1,12,105,21.5,964.113557,481309296536,Srasearch
998,4,4,34648.82,483,1619,4,12,1000,40.8,lenovo_st45,3125,0.01,1,12,105,21.5,916.441578,457138085987,Srasearch
63,1,1,0.84,63,0,1,12,1000,40.8,lenovo_st45,3125,0.01,1,12,105,21.5,0.015936,0,Rnaseq
63,1,1,0.84,63,0,1,12,1000,40.8,lenovo_st45,3125,0.01,1,12,105,21.5,0.015936,0,Rnaseq
63,1,1,0.84,63,0,1,12,1000,40.8,lenovo_st45,3125,0.01,1,12,105,21.5,0.015936,0,Rnaseq
63,1,1,0.84,63,0,1,12,1000,40.8,lenovo_st45,3125,0.01,1,12,105,21.5,0.015936,0,Rnaseq
63,1,1,0.84,63,0,1,12,1000,40.8,lenovo_st45,3125,0.01,1,12,105,21.5,0.015936,0,Rnaseq
63,1,1,0.84,63,0,1,12,1000,40.8,lenovo_st45,3125,0.01,1,12,105,21.5,0.015936,0,Rnaseq
63,1,1,0.84,63,0,1,12,1000,40.8,lenovo_st45,3125,0.01,1,12,105,21.5,0.015936,0,Rnaseq
63,1,1,0.84,63,0,1,12,1000,40.8,lenovo_st45,3125,0.01,1,12,105,21.5,0.015936,0,Rnaseq
63,1,1,0.84,63,0,1,12,1000,40.8,lenovo_st45,3125,0.01,1,12,105,21.5,0.015936,0,Rnaseq
63,1,1,0.84,63,0,1,12,1000,40.8,lenovo_st45,3125,0.01,1,12,105,21.5,0.015936,0,Rnaseq
126,1,1,1.49,126,0,1,12,1000,40.8,lenovo_st45,3125,0.01,1,12,105,21.5,0.023289,0,Rnaseq
126,1,1,1.49,126,0,1,12,1000,40.8,lenovo_st45,3125,0.01,1,12,105,21.5,0.023289,0,Rnaseq
126,1,1,1.49,126,0,1,12,1000,40.8,lenovo_st45,3125,0.01,1,12,105,21.5,0.023289,0,Rnaseq
126,1,1,1.49,126,0,1,12,1000,40.8,lenovo_st45,3125,0.01,1,12,105,21.5,0.023289,0,Rnaseq
126,1,1,1.49,126,0,1,12,1000,40.8,lenovo_st45,3125,0.01,1,12,105,21.5,0.023289,0,Rnaseq
126,1,1,1.49,126,0,1,12,1000,40.8,lenovo_st45,3125,0.01,1,12,105,21.5,0.023289,0,Rnaseq
126,1,1,1.49,126,0,1,12,1000,40.8,lenovo_st45,3125,0.01,1,12,105,21.5,0.023289,0,Rnaseq
126,1,1,1.49,126,0,1,12,1000,40.8,lenovo_st45,3125,0.01,1,12,105,21.5,0.023289,0,Rnaseq
126,1,1,1.49,126,0,1,12,1000,40.8,lenovo_st45,3125,0.01,1,12,105,21.5,0.023289,0,Rnaseq
126,1,1,1.49,126,0,1,12,1000,40.8,lenovo_st45,3125,0.01,1,12,105,21.5,0.023289,0,Rnaseq
189,1,1,2.12,189,0,1,12,1000,40.8,lenovo_st45,3125,0.01,1,12,105,21.5,0.029414,0,Rnaseq
189,1,1,2.12,189,0,1,12,1000,40.8,lenovo_st45,3125,0.01,1,12,105,21.5,0.029414,0,Rnaseq
189,1,1,2.12,189,0,1,12,1000,40.8,lenovo_st45,3125,0.01,1,12,105,21.5,0.029414,0,Rnaseq
189,1,1,2.12,189,0,1,12,1000,40.8,lenovo_st45,3125,0.01,1,12,105,21.5,0.029414,0,Rnaseq
189,1,1,2.12,189,0,1,12,1000,40.8,lenovo_st45,3125,0.01,1,12,105,21.5,0.029414,0,Rnaseq
189,1,1,2.12,189,0,1,12,1000,40.8,lenovo_st45,3125,0.01,1,12,105,21.5,0.029414,0,Rnaseq
189,1,1,2.12,189,0,1,12,1000,40.8,lenovo_st45,3125,0.01,1,12,105,21.5,0.029414,0,Rnaseq
189,1,1,2.12,189,0,1,12,1000,40.8,lenovo_st45,3125,0.01,1,12,105,21.5,0.029414,0,Rnaseq
189,1,1,2.12,189,0,1,12,1000,40.8,lenovo_st45,3125,0.01,1,12,105,21.5,0.029414,0,Rnaseq
189,1,1,2.12,189,0,1,12,1000,40.8,lenovo_st45,3125,0.01,1,12,105,21.5,0.029414,0,Rnaseq
189,1,1,2.12,189,0,1,12,1000,40.8,lenovo_st45,3125,0.01,1,12,105,21.5,0.029414,0,Rnaseq
189,1,1,2.12,189,0,1,12,1000,40.8,lenovo_st45,3125,0.01,1,12,105,21.5,0.029414,0,Rnaseq
189,1,1,2.12,189,0,1,12,1000,40.8,lenovo_st45,3125,0.01,1,12,105,21.5,0.029414,0,Rnaseq
189,1,1,2.12,189,0,1,12,1000,40.8,lenovo_st45,3125,0.01,1,12,105,21.5,0.029414,0,Rnaseq
189,1,1,2.12,189,0,1,12,1000,40.8,lenovo_st45,3125,0.01,1,12,105,21.5,0.029414,0,Rnaseq
189,1,1,2.12,189,0,1,12,1000,40.8,lenovo_st45,3125,0.01,1,12,105,21.5,0.029414,0,Rnaseq
189,1,1,2.12,189,0,1,12,1000,40.8,lenovo_st45,3125,0.01,1,12,105,21.5,0.029414,0,Rnaseq
189,1,1,2.12,189,0,1,12,1000,40.8,lenovo_st45,3125,0.01,1,12,105,21.5,0.029414,0,Rnaseq
189,1,1,2.12,189,0,1,12,1000,40.8,lenovo_st45,3125,0.01,1,12,105,21.5,0.029414,0,Rnaseq
189,1,1,2.12,189,0,1,12,1000,40.8,lenovo_st45,3125,0.01,1,12,105,21.5,0.029414,0,Rnaseq
252,1,1,2.73,252,0,1,12,1000,40.8,lenovo_st45,3125,0.01,1,12,105,21.5,0.035127,0,Rnaseq
252,1,1,2.73,252,0,1,12,1000,40.8,lenovo_st45,3125,0.01,1,12,105,21.5,0.035127,0,Rnaseq
252,1,1,2.73,252,0,1,12,1000,40.8,lenovo_st45,3125,0.01,1,12,105,21.5,0.035127,0,Rnaseq
252,1,1,2.73,252,0,1,12,1000,40.8,lenovo_st45,3125,0.01,1,12,105,21.5,0.035127,0,Rnaseq
252,1,1,2.73,252,0,1,12,1000,40.8,lenovo_st45,3125,0.01,1,12,105,21.5,0.035127,0,Rnaseq
252,1,1,2.73,252,0,1,12,1000,40.8,lenovo_st45,3125,0.01,1,12,105,21.5,0.035127,0,Rnaseq
252,1,1,2.73,252,0,1,12,1000,40.8,lenovo_st45,3125,0.01,1,12,105,21.5,0.035127,0,Rnaseq
252,1,1,2.73,252,0,1,12,1000,40.8,lenovo_st45,3125,0.01,1,12,105,21.5,0.035127,0,Rnaseq
252,1,1,2.73,252,0,1,12,1000,40.8,lenovo_st45,3125,0.01,1,12,105,21.5,0.035127,0,Rnaseq
252,1,1,2.73,252,0,1,12,1000,40.8,lenovo_st45,3125,0.01,1,12,105,21.5,0.035127,0,Rnaseq
378,1,1,3.98,378,0,1,12,1000,40.8,lenovo_st45,3125,0.01,1,12,105,21.5,0.04698,0,Rnaseq
378,1,1,3.98,378,0,1,12,1000,40.8,lenovo_st45,3125,0.01,1,12,105,21.5,0.04698,0,Rnaseq
378,1,1,3.98,378,0,1,12,1000,40.8,lenovo_st45,3125,0.01,1,12,105,21.5,0.04698,0,Rnaseq
378,1,1,3.98,378,0,1,12,1000,40.8,lenovo_st45,3125,0.01,1,12,105,21.5,0.04698,0,Rnaseq
378,1,1,3.98,378,0,1,12,1000,40.8,lenovo_st45,3125,0.01,1,12,105,21.5,0.04698,0,Rnaseq
378,1,1,3.98,378,0,1,12,1000,40.8,lenovo_st45,3125,0.01,1,12,105,21.5,0.04698,0,Rnaseq
378,1,1,3.98,378,0,1,12,1000,40.8,lenovo_st45,3125,0.01,1,12,105,21.5,0.04698,0,Rnaseq
378,1,1,3.98,378,0,1,12,1000,40.8,lenovo_st45,3125,0.01,1,12,105,21.5,0.04698,0,Rnaseq
378,1,1,3.98,378,0,1,12,1000,40.8,lenovo_st45,3125,0.01,1,12,105,21.5,0.04698,0,Rnaseq
378,1,1,3.98,378,0,1,12,1000,40.8,lenovo_st45,3125,0.01,1,12,105,21.5,0.04698,0,Rnaseq
441,1,1,4.6,441,0,1,12,1000,40.8,lenovo_st45,3125,0.01,1,12,105,21.5,0.052949,0,Rnaseq
441,1,1,4.6,441,0,1,12,1000,40.8,lenovo_st45,3125,0.01,1,12,105,21.5,0.052949,0,Rnaseq
441,1,1,4.6,441,0,1,12,1000,40.8,lenovo_st45,3125,0.01,1,12,105,21.5,0.052949,0,Rnaseq
441,1,1,4.6,441,0,1,12,1000,40.8,lenovo_st45,3125,0.01,1,12,105,21.5,0.052949,0,Rnaseq
441,1,1,4.6,441,0,1,12,1000,40.8,lenovo_st45,3125,0.01,1,12,105,21.5,0.052949,0,Rnaseq
441,1,1,4.6,441,0,1,12,1000,40.8,lenovo_st45,3125,0.01,1,12,105,21.5,0.052949,0,Rnaseq
441,1,1,4.6,441,0,1,12,1000,40.8,lenovo_st45,3125,0.01,1,12,105,21.5,0.052949,0,Rnaseq
441,1,1,4.6,441,0,1,12,1000,40.8,lenovo_st45,3125,0.01,1,12,105,21.5,0.052949,0,Rnaseq
441,1,1,4.6,441,0,1,12,1000,40.8,lenovo_st45,3125,0.01,1,12,105,21.5,0.052949,0,Rnaseq
441,1,1,4.6,441,0,1,12,1000,40.8,lenovo_st45,3125,0.01,1,12,105,21.5,0.052949,0,Rnaseq
693,1,1,7.09,693,0,1,12,1000,40.8,lenovo_st45,3125,0.01,1,12,105,21.5,0.076811,0,Rnaseq
693,1,1,7.09,693,0,1,12,1000,40.8,lenovo_st45,3125,0.01,1,12,105,21.5,0.076811,0,Rnaseq
693,1,1,7.09,693,0,1,12,1000,40.8,lenovo_st45,3125,0.01,1,12,105,21.5,0.076811,0,Rnaseq
693,1,1,7.09,693,0,1,12,1000,40.8,lenovo_st45,3125,0.01,1,12,105,21.5,0.076811,0,Rnaseq
693,1,1,7.09,693,0,1,12,1000,40.8,lenovo_st45,3125,0.01,1,12,105,21.5,0.076811,0,Rnaseq
693,1,1,7.09,693,0,1,12,1000,40.8,lenovo_st45,3125,0.01,1,12,105,21.5,0.076811,0,Rnaseq
693,1,1,7.09,693,0,1,12,1000,40.8,lenovo_st45,3125,0.01,1,12,105,21.5,0.076811,0,Rnaseq
693,1,1,7.09,693,0,1,12,1000,40.8,lenovo_st45,3125,0.01,1,12,105,21.5,0.076811,0,Rnaseq
693,1,1,7.09,693,0,1,12,1000,40.8,lenovo_st45,3125,0.01,1,12,105,21.5,0.076811,0,Rnaseq
693,1,1,7.09,693,0,1,12,1000,40.8,lenovo_st45,3125,0.01,1,12,105,21.5,0.076811,0,Rnaseq
945,1,1,9.58,945,0,1,12,1000,40.8,lenovo_st45,3125,0.01,1,12,105,21.5,0.100324,0,Rnaseq
945,1,1,9.58,945,0,1,12,1000,40.8,lenovo_st45,3125,0.01,1,12,105,21.5,0.100324,0,Rnaseq
945,1,1,9.58,945,0,1,12,1000,40.8,lenovo_st45,3125,0.01,1,12,105,21.5,0.100324,0,Rnaseq
945,1,1,9.58,945,0,1,12,1000,40.8,lenovo_st45,3125,0.01,1,12,105,21.5,0.100324,0,Rnaseq
945,1,1,9.58,945,0,1,12,1000,40.8,lenovo_st45,3125,0.01,1,12,105,21.5,0.100324,0,Rnaseq
945,1,1,9.58,945,0,1,12,1000,40.8,lenovo_st45,3125,0.01,1,12,105,21.5,0.100324,0,Rnaseq
945,1,1,9.58,945,0,1,12,1000,40.8,lenovo_st45,3125,0.01,1,12,105,21.5,0.100324,0,Rnaseq
945,1,1,9.58,945,0,1,12,1000,40.8,lenovo_st45,3125,0.01,1,12,105,21.5,0.100324,0,Rnaseq
945,1,1,9.58,945,0,1,12,1000,40.8,lenovo_st45,3125,0.01,1,12,105,21.5,0.100324,0,Rnaseq
945,1,1,9.58,945,0,1,12,1000,40.8,lenovo_st45,3125,0.01,1,12,105,21.5,0.100324,0,Rnaseq
148,2,2,6.34,147,147,2,16,1000,32.0,lenovo_thinkedge,3125,0.01,2,32,89,44.7,0.042313,2797061,Seismology
148,2,2,6.53,147,147,2,16,1000,32.0,lenovo_thinkedge,3125,0.01,2,32,89,44.7,0.042716,2588407,Seismology
148,2,2,7.08,147,147,2,16,1000,32.0,lenovo_thinkedge,3125,0.01,2,32,89,44.7,0.046608,2812782,Seismology
148,2,2,6.62,147,147,2,16,1000,32.0,lenovo_thinkedge,3125,0.01,2,32,89,44.7,0.044798,2719941,Seismology
148,2,2,6.43,147,147,2,16,1000,32.0,lenovo_thinkedge,3125,0.01,2,32,89,44.7,0.041637,2814718,Seismology
148,2,2,6.6,147,147,2,16,1000,32.0,lenovo_thinkedge,3125,0.01,2,32,89,44.7,0.042601,2843691,Seismology
148,2,2,6.57,147,147,2,16,1000,32.0,lenovo_thinkedge,3125,0.01,2,32,89,44.7,0.043967,2796572,Seismology
148,2,2,6.78,147,147,2,16,1000,32.0,lenovo_thinkedge,3125,0.01,2,32,89,44.7,0.044796,2782248,Seismology
148,2,2,7.09,147,147,2,16,1000,32.0,lenovo_thinkedge,3125,0.01,2,32,89,44.7,0.047868,2717114,Seismology
148,2,2,6.78,147,147,2,16,1000,32.0,lenovo_thinkedge,3125,0.01,2,32,89,44.7,0.044791,2645193,Seismology
198,2,2,8.57,197,197,2,16,1000,32.0,lenovo_thinkedge,3125,0.01,2,32,89,44.7,0.054739,3518214,Seismology
198,2,2,8.69,197,197,2,16,1000,32.0,lenovo_thinkedge,3125,0.01,2,32,89,44.7,0.05637,3731922,Seismology
198,2,2,8.57,197,197,2,16,1000,32.0,lenovo_thinkedge,3125,0.01,2,32,89,44.7,0.05482,3777800,Seismology
198,2,2,8.28,197,197,2,16,1000,32.0,lenovo_thinkedge,3125,0.01,2,32,89,44.7,0.053806,3542498,Seismology
198,2,2,9.18,197,197,2,16,1000,32.0,lenovo_thinkedge,3125,0.01,2,32,89,44.7,0.059111,3549023,Seismology
198,2,2,8.7,197,197,2,16,1000,32.0,lenovo_thinkedge,3125,0.01,2,32,89,44.7,0.055624,3534266,Seismology
198,2,2,8.92,197,197,2,16,1000,32.0,lenovo_thinkedge,3125,0.01,2,32,89,44.7,0.057824,3652991,Seismology
198,2,2,8.71,197,197,2,16,1000,32.0,lenovo_thinkedge,3125,0.01,2,32,89,44.7,0.056095,3641296,Seismology
198,2,2,8.09,197,197,2,16,1000,32.0,lenovo_thinkedge,3125,0.01,2,32,89,44.7,0.051841,3547057,Seismology
198,2,2,8.66,197,197,2,16,1000,32.0,lenovo_thinkedge,3125,0.01,2,32,89,44.7,0.055982,3418006,Seismology
248,2,2,11.02,247,247,2,16,1000,32.0,lenovo_thinkedge,3125,0.01,2,32,89,44.7,0.069736,4641751,Seismology
248,2,2,10.71,247,247,2,16,1000,32.0,lenovo_thinkedge,3125,0.01,2,32,89,44.7,0.066835,4710140,Seismology
248,2,2,10.17,247,247,2,16,1000,32.0,lenovo_thinkedge,3125,0.01,2,32,89,44.7,0.063449,4317717,Seismology
248,2,2,10.75,247,247,2,16,1000,32.0,lenovo_thinkedge,3125,0.01,2,32,89,44.7,0.067628,4636454,Seismology
248,2,2,10.45,247,247,2,16,1000,32.0,lenovo_thinkedge,3125,0.01,2,32,89,44.7,0.066197,4265608,Seismology
248,2,2,9.97,247,247,2,16,1000,32.0,lenovo_thinkedge,3125,0.01,2,32,89,44.7,0.063045,4691632,Seismology
248,2,2,11.09,247,247,2,16,1000,32.0,lenovo_thinkedge,3125,0.01,2,32,89,44.7,0.068572,4495703,Seismology
248,2,2,10.37,247,247,2,16,1000,32.0,lenovo_thinkedge,3125,0.01,2,32,89,44.7,0.066006,4299160,Seismology
248,2,2,10.24,247,247,2,16,1000,32.0,lenovo_thinkedge,3125,0.01,2,32,89,44.7,0.064949,4571328,Seismology
248,2,2,10.63,247,247,2,16,1000,32.0,lenovo_thinkedge,3125,0.01,2,32,89,44.7,0.067373,4446091,Seismology
298,2,2,12.17,297,297,2,16,1000,32.0,lenovo_thinkedge,3125,0.01,2,32,89,44.7,0.075809,5480526,Seismology
298,2,2,13.5,297,297,2,16,1000,32.0,lenovo_thinkedge,3125,0.01,2,32,89,44.7,0.084205,5570923,Seismology
298,2,2,13.12,297,297,2,16,1000,32.0,lenovo_thinkedge,3125,0.01,2,32,89,44.7,0.081226,5455724,Seismology
298,2,2,13.14,297,297,2,16,1000,32.0,lenovo_thinkedge,3125,0.01,2,32,89,44.7,0.082477,5359170,Seismology
298,2,2,12.5,297,297,2,16,1000,32.0,lenovo_thinkedge,3125,0.01,2,32,89,44.7,0.078034,5225334,Seismology
298,2,2,12.58,297,297,2,16,1000,32.0,lenovo_thinkedge,3125,0.01,2,32,89,44.7,0.078757,5478879,Seismology
298,2,2,13.21,297,297,2,16,1000,32.0,lenovo_thinkedge,3125,0.01,2,32,89,44.7,0.083495,5530044,Seismology
298,2,2,12.77,297,297,2,16,1000,32.0,lenovo_thinkedge,3125,0.01,2,32,89,44.7,0.080438,5353882,Seismology
298,2,2,13.04,297,297,2,16,1000,32.0,lenovo_thinkedge,3125,0.01,2,32,89,44.7,0.081959,5366043,Seismology
298,2,2,11.61,297,297,2,16,1000,32.0,lenovo_thinkedge,3125,0.01,2,32,89,44.7,0.073002,5239911,Seismology
398,2,2,16.97,397,397,2,16,1000,32.0,lenovo_thinkedge,3125,0.01,2,32,89,44.7,0.104447,7222853,Seismology
398,2,2,16.4,397,397,2,16,1000,32.0,lenovo_thinkedge,3125,0.01,2,32,89,44.7,0.100711,7109057,Seismology
398,2,2,17.08,397,397,2,16,1000,32.0,lenovo_thinkedge,3125,0.01,2,32,89,44.7,0.105375,7447243,Seismology
398,2,2,17.32,397,397,2,16,1000,32.0,lenovo_thinkedge,3125,0.01,2,32,89,44.7,0.104937,7179505,Seismology
398,2,2,16.81,397,397,2,16,1000,32.0,lenovo_thinkedge,3125,0.01,2,32,89,44.7,0.103268,7249365,Seismology
398,2,2,17.13,397,397,2,16,1000,32.0,lenovo_thinkedge,3125,0.01,2,32,89,44.7,0.105082,7221745,Seismology
398,2,2,16.26,397,397,2,16,1000,32.0,lenovo_thinkedge,3125,0.01,2,32,89,44.7,0.099246,7336413,Seismology
398,2,2,16.6,397,397,2,16,1000,32.0,lenovo_thinkedge,3125,0.01,2,32,89,44.7,0.10123,6953396,Seismology
398,2,2,16.63,397,397,2,16,1000,32.0,lenovo_thinkedge,3125,0.01,2,32,89,44.7,0.102602,7350447,Seismology
398,2,2,16.06,397,397,2,16,1000,32.0,lenovo_thinkedge,3125,0.01,2,32,89,44.7,0.098227,7408820,Seismology
498,2,2,20.26,497,497,2,16,1000,32.0,lenovo_thinkedge,3125,0.01,2,32,89,44.7,0.12366,8777072,Seismology
498,2,2,19.12,497,497,2,16,1000,32.0,lenovo_thinkedge,3125,0.01,2,32,89,44.7,0.117023,9070600,Seismology
498,2,2,19.83,497,497,2,16,1000,32.0,lenovo_thinkedge,3125,0.01,2,32,89,44.7,0.122492,8827150,Seismology
498,2,2,19.71,497,497,2,16,1000,32.0,lenovo_thinkedge,3125,0.01,2,32,89,44.7,0.119879,9067069,Seismology
498,2,2,21.67,497,497,2,16,1000,32.0,lenovo_thinkedge,3125,0.01,2,32,89,44.7,0.13144,8994419,Seismology
498,2,2,20.31,497,497,2,16,1000,32.0,lenovo_thinkedge,3125,0.01,2,32,89,44.7,0.123955,9091878,Seismology
498,2,2,19.67,497,497,2,16,1000,32.0,lenovo_thinkedge,3125,0.01,2,32,89,44.7,0.119642,8956186,Seismology
498,2,2,19.85,497,497,2,16,1000,32.0,lenovo_thinkedge,3125,0.01,2,32,89,44.7,0.12195,8814812,Seismology
498,2,2,20.07,497,497,2,16,1000,32.0,lenovo_thinkedge,3125,0.01,2,32,89,44.7,0.121958,9418980,Seismology
498,2,2,21.3,497,497,2,16,1000,32.0,lenovo_thinkedge,3125,0.01,2,32,89,44.7,0.131014,9153506,Seismology
698,2,2,29.18,697,697,2,16,1000,32.0,lenovo_thinkedge,3125,0.01,2,32,89,44.7,0.177078,12557680,Seismology
698,2,2,28.77,697,697,2,16,1000,32.0,lenovo_thinkedge,3125,0.01,2,32,89,44.7,0.174265,12512651,Seismology
698,2,2,29.22,697,697,2,16,1000,32.0,lenovo_thinkedge,3125,0.01,2,32,89,44.7,0.173834,12834863,Seismology
698,2,2,27.34,697,697,2,16,1000,32.0,lenovo_thinkedge,3125,0.01,2,32,89,44.7,0.164973,12663005,Seismology
698,2,2,28.13,697,697,2,16,1000,32.0,lenovo_thinkedge,3125,0.01,2,32,89,44.7,0.170183,12556746,Seismology
698,2,2,28.4,697,697,2,16,1000,32.0,lenovo_thinkedge,3125,0.01,2,32,89,44.7,0.171634,12666884,Seismology
698,2,2,27.85,697,697,2,16,1000,32.0,lenovo_thinkedge,3125,0.01,2,32,89,44.7,0.168891,12848707,Seismology
698,2,2,29.46,697,697,2,16,1000,32.0,lenovo_thinkedge,3125,0.01,2,32,89,44.7,0.178929,12593524,Seismology
698,2,2,28.16,697,697,2,16,1000,32.0,lenovo_thinkedge,3125,0.01,2,32,89,44.7,0.169933,12604112,Seismology
698,2,2,29.24,697,697,2,16,1000,32.0,lenovo_thinkedge,3125,0.01,2,32,89,44.7,0.176994,12852182,Seismology
998,2,2,37.73,997,997,2,16,1000,32.0,lenovo_thinkedge,3125,0.01,2,32,89,44.7,0.225615,18120285,Seismology
998,2,2,40.01,997,997,2,16,1000,32.0,lenovo_thinkedge,3125,0.01,2,32,89,44.7,0.239419,18556011,Seismology
998,2,2,40.6,997,997,2,16,1000,32.0,lenovo_thinkedge,3125,0.01,2,32,89,44.7,0.243113,17962463,Seismology
998,2,2,38.82,997,997,2,16,1000,32.0,lenovo_thinkedge,3125,0.01,2,32,89,44.7,0.232114,18487693,Seismology
998,2,2,39.47,997,997,2,16,1000,32.0,lenovo_thinkedge,3125,0.01,2,32,89,44.7,0.237336,18478530,Seismology
998,2,2,39.33,997,997,2,16,1000,32.0,lenovo_thinkedge,3125,0.01,2,32,89,44.7,0.238036,17990591,Seismology
998,2,2,40.23,997,997,2,16,1000,32.0,lenovo_thinkedge,3125,0.01,2,32,89,44.7,0.240189,18187584,Seismology
998,2,2,39.73,997,997,2,16,1000,32.0,lenovo_thinkedge,3125,0.01,2,32,89,44.7,0.238509,18008113,Seismology
998,2,2,38.75,997,997,2,16,1000,32.0,lenovo_thinkedge,3125,0.01,2,32,89,44.7,0.232961,18046132,Seismology
998,2,2,40.13,997,997,2,16,1000,32.0,lenovo_thinkedge,3125,0.01,2,32,89,44.7,0.241164,18155427,Seismology
97,8,8,8694.56,34,210,8,16,1000,32.0,lenovo_thinkedge,3125,0.01,2,32,89,44.7,91.778736,3864440104,Montage
96,8,8,2699.3,30,190,8,16,1000,32.0,lenovo_thinkedge,3125,0.01,2,32,89,44.7,26.864341,4214747164,Montage
97,8,8,1880.43,34,209,8,16,1000,32.0,lenovo_thinkedge,3125,0.01,2,32,89,44.7,18.041675,4113124527,Montage
97,8,8,1863.98,34,211,8,16,1000,32.0,lenovo_thinkedge,3125,0.01,2,32,89,44.7,17.856929,4063143972,Montage
97,8,8,1833.79,34,207,8,16,1000,32.0,lenovo_thinkedge,3125,0.01,2,32,89,44.7,17.510068,4034833106,Montage
96,8,8,2340.8,30,190,8,16,1000,32.0,lenovo_thinkedge,3125,0.01,2,32,89,44.7,22.980048,4383010686,Montage
97,8,8,1872.49,34,218,8,16,1000,32.0,lenovo_thinkedge,3125,0.01,2,32,89,44.7,17.934919,4128172841,Montage
96,8,8,1884.63,30,190,8,16,1000,32.0,lenovo_thinkedge,3125,0.01,2,32,89,44.7,18.229995,4434195555,Montage
97,8,8,1842.97,34,208,8,16,1000,32.0,lenovo_thinkedge,3125,0.01,2,32,89,44.7,17.620306,4162000967,Montage
97,8,8,9589.01,34,211,8,16,1000,32.0,lenovo_thinkedge,3125,0.01,2,32,89,44.7,101.461152,4122507728,Montage
147,8,8,2576.92,66,336,8,16,1000,32.0,lenovo_thinkedge,3125,0.01,2,32,89,44.7,24.205106,4887999405,Montage
146,8,8,2247.89,65,333,8,16,1000,32.0,lenovo_thinkedge,3125,0.01,2,32,89,44.7,20.796726,4769687745,Montage
146,8,8,2487.05,65,343,8,16,1000,32.0,lenovo_thinkedge,3125,0.01,2,32,89,44.7,23.336441,5099024285,Montage
148,8,8,2414.85,67,339,8,16,1000,32.0,lenovo_thinkedge,3125,0.01,2,32,89,44.7,22.632336,5196204112,Montage
146,8,8,2380.59,65,333,8,16,1000,32.0,lenovo_thinkedge,3125,0.01,2,32,89,44.7,22.281078,4974510444,Montage
148,8,8,17841.53,67,339,8,16,1000,32.0,lenovo_thinkedge,3125,0.01,2,32,89,44.7,189.57393,4889918360,Montage
146,8,8,2222.79,72,356,8,16,1000,32.0,lenovo_thinkedge,3125,0.01,2,32,89,44.7,20.497362,4254652667,Montage
146,8,8,2369.6,65,333,8,16,1000,32.0,lenovo_thinkedge,3125,0.01,2,32,89,44.7,21.989543,4856842478,Montage
147,8,8,2301.52,71,348,8,16,1000,32.0,lenovo_thinkedge,3125,0.01,2,32,89,44.7,21.323384,4334473522,Montage
146,8,8,2259.47,65,331,8,16,1000,32.0,lenovo_thinkedge,3125,0.01,2,32,89,44.7,20.92816,4658667773,Montage
198,8,8,2992.39,92,462,8,16,1000,32.0,lenovo_thinkedge,3125,0.01,2,32,89,44.7,27.568974,6429726942,Montage
198,8,8,3121.26,90,456,8,16,1000,32.0,lenovo_thinkedge,3125,0.01,2,32,89,44.7,28.77439,6244177194,Montage
196,8,8,2869.66,97,502,8,16,1000,32.0,lenovo_thinkedge,3125,0.01,2,32,89,44.7,26.419089,5803286277,Montage
197,8,8,2967.75,91,459,8,16,1000,32.0,lenovo_thinkedge,3125,0.01,2,32,89,44.7,27.401126,6386834651,Montage
196,8,8,3011.28,90,452,8,16,1000,32.0,lenovo_thinkedge,3125,0.01,2,32,89,44.7,27.455411,6319427179,Montage
197,8,8,2997.67,91,477,8,16,1000,32.0,lenovo_thinkedge,3125,0.01,2,32,89,44.7,27.720752,6301337690,Montage
198,8,8,2945.27,90,458,8,16,1000,32.0,lenovo_thinkedge,3125,0.01,2,32,89,44.7,27.005065,6360513600,Montage
198,8,8,12934.75,92,466,8,16,1000,32.0,lenovo_thinkedge,3125,0.01,2,32,89,44.7,134.328629,6193321293,Montage
195,8,8,11981.55,91,454,8,16,1000,32.0,lenovo_thinkedge,3125,0.01,2,32,89,44.7,125.054956,6140800798,Montage
196,8,8,3463.94,90,453,8,16,1000,32.0,lenovo_thinkedge,3125,0.01,2,32,89,44.7,32.436049,6501254756,Montage
241,8,8,2997.4,157,631,8,16,1000,32.0,lenovo_thinkedge,3125,0.01,2,32,89,44.7,28.241752,4678110592,Montage
246,8,8,6899.73,151,618,8,16,1000,32.0,lenovo_thinkedge,3125,0.01,2,32,89,44.7,69.85039,5681504010,Montage
241,8,8,3224.36,157,631,8,16,1000,32.0,lenovo_thinkedge,3125,0.01,2,32,89,44.7,30.493379,5012104767,Montage
246,8,8,3175.55,151,618,8,16,1000,32.0,lenovo_thinkedge,3125,0.01,2,32,89,44.7,29.845605,6118844493,Montage
246,8,8,22014.6,151,618,8,16,1000,32.0,lenovo_thinkedge,3125,0.01,2,32,89,44.7,234.149141,5529762457,Montage
246,8,8,3194.65,151,618,8,16,1000,32.0,lenovo_thinkedge,3125,0.01,2,32,89,44.7,30.082534,5571069679,Montage
246,8,8,3292.72,151,618,8,16,1000,32.0,lenovo_thinkedge,3125,0.01,2,32,89,44.7,31.159685,5774951437,Montage
246,8,8,3363.62,151,618,8,16,1000,32.0,lenovo_thinkedge,3125,0.01,2,32,89,44.7,31.752843,7389550521,Montage
241,8,8,18278.57,157,637,8,16,1000,32.0,lenovo_thinkedge,3125,0.01,2,32,89,44.7,193.858397,4666673272,Montage
246,8,8,3279.06,151,618,8,16,1000,32.0,lenovo_thinkedge,3125,0.01,2,32,89,44.7,31.002754,5701142995,Montage
291,8,8,3817.41,186,752,8,16,1000,32.0,lenovo_thinkedge,3125,0.01,2,32,89,44.7,36.22058,6073871974,Montage
291,8,8,3833.11,186,770,8,16,1000,32.0,lenovo_thinkedge,3125,0.01,2,32,89,44.7,36.088889,6064741685,Montage
296,8,8,3683.31,180,740,8,16,1000,32.0,lenovo_thinkedge,3125,0.01,2,32,89,44.7,34.343241,6711057362,Montage
296,8,8,3799.56,180,740,8,16,1000,32.0,lenovo_thinkedge,3125,0.01,2,32,89,44.7,35.632893,6944379043,Montage
291,8,8,3858.9,186,752,8,16,1000,32.0,lenovo_thinkedge,3125,0.01,2,32,89,44.7,36.658662,6188065676,Montage
291,8,8,3711.71,186,751,8,16,1000,32.0,lenovo_thinkedge,3125,0.01,2,32,89,44.7,35.032346,6024838198,Montage
291,8,8,3582.6,186,758,8,16,1000,32.0,lenovo_thinkedge,3125,0.01,2,32,89,44.7,33.498585,6266441287,Montage
291,8,8,3927.46,186,808,8,16,1000,32.0,lenovo_thinkedge,3125,0.01,2,32,89,44.7,37.455081,6294488486,Montage
296,8,8,36996.57,180,740,8,16,1000,32.0,lenovo_thinkedge,3125,0.01,2,32,89,44.7,394.856548,7020271332,Montage
291,8,8,3622.37,186,755,8,16,1000,32.0,lenovo_thinkedge,3125,0.01,2,32,89,44.7,33.965334,5967947968,Montage
391,8,8,5378.11,244,1064,8,16,1000,32.0,lenovo_thinkedge,3125,0.01,2,32,89,44.7,51.259065,8895077079,Montage
391,8,8,4986.87,244,1012,8,16,1000,32.0,lenovo_thinkedge,3125,0.01,2,32,89,44.7,46.729057,8762494585,Montage
391,8,8,6866.93,244,1047,8,16,1000,32.0,lenovo_thinkedge,3125,0.01,2,32,89,44.7,67.053579,8492874919,Montage
395,8,8,5423.86,257,1099,8,16,1000,32.0,lenovo_thinkedge,3125,0.01,2,32,89,44.7,51.813677,8172105486,Montage
391,8,8,4968.6,244,1013,8,16,1000,32.0,lenovo_thinkedge,3125,0.01,2,32,89,44.7,46.312092,8551680780,Montage
391,8,8,5075.17,244,995,8,16,1000,32.0,lenovo_thinkedge,3125,0.01,2,32,89,44.7,47.42982,9165033356,Montage
391,8,8,4986.25,244,1012,8,16,1000,32.0,lenovo_thinkedge,3125,0.01,2,32,89,44.7,46.842752,8645138991,Montage
391,8,8,5233.31,244,993,8,16,1000,32.0,lenovo_thinkedge,3125,0.01,2,32,89,44.7,49.04448,8528517989,Montage
391,8,8,4999.85,244,1011,8,16,1000,32.0,lenovo_thinkedge,3125,0.01,2,32,89,44.7,47.010635,8659029863,Montage
391,8,8,4755.12,244,994,8,16,1000,32.0,lenovo_thinkedge,3125,0.01,2,32,89,44.7,44.154615,8385074420,Montage
495,8,8,6758.48,315,1405,8,16,1000,32.0,lenovo_thinkedge,3125,0.01,2,32,89,44.7,64.278422,10310093077,Montage
491,8,8,6116.55,302,1291,8,16,1000,32.0,lenovo_thinkedge,3125,0.01,2,32,89,44.7,57.110931,11075378752,Montage
495,8,8,5928.71,315,1288,8,16,1000,32.0,lenovo_thinkedge,3125,0.01,2,32,89,44.7,55.224763,10257485476,Montage
495,8,8,6225.55,315,1319,8,16,1000,32.0,lenovo_thinkedge,3125,0.01,2,32,89,44.7,58.530266,10599352818,Montage
491,8,8,6198.92,302,1273,8,16,1000,32.0,lenovo_thinkedge,3125,0.01,2,32,89,44.7,58.014759,11292454598,Montage
491,8,8,6152.4,302,1237,8,16,1000,32.0,lenovo_thinkedge,3125,0.01,2,32,89,44.7,57.517784,11433692027,Montage
495,8,8,6561.36,315,1369,8,16,1000,32.0,lenovo_thinkedge,3125,0.01,2,32,89,44.7,62.308728,10274094654,Montage
491,8,8,6460.65,302,1308,8,16,1000,32.0,lenovo_thinkedge,3125,0.01,2,32,89,44.7,60.831972,11352559858,Montage
495,8,8,45399.62,315,1352,8,16,1000,32.0,lenovo_thinkedge,3125,0.01,2,32,89,44.7,483.275916,10370865125,Montage
495,8,8,123734.54,315,1280,8,16,1000,32.0,lenovo_thinkedge,3125,0.01,2,32,89,44.7,1333.204372,10492591587,Montage
697,8,8,8489.52,450,1822,8,16,1000,32.0,lenovo_thinkedge,3125,0.01,2,32,89,44.7,78.451838,13625432460,Montage
693,8,8,8181.59,459,1867,8,16,1000,32.0,lenovo_thinkedge,3125,0.01,2,32,89,44.7,75.458034,12642599980,Montage
697,8,8,10839.32,461,2044,8,16,1000,32.0,lenovo_thinkedge,3125,0.01,2,32,89,44.7,104.177626,13350115441,Montage
697,8,8,8737.15,454,1929,8,16,1000,32.0,lenovo_thinkedge,3125,0.01,2,32,89,44.7,81.420385,13398776143,Montage
697,8,8,8169.6,459,1855,8,16,1000,32.0,lenovo_thinkedge,3125,0.01,2,32,89,44.7,75.035873,12714361641,Montage
698,8,8,8398.81,453,1818,8,16,1000,32.0,lenovo_thinkedge,3125,0.01,2,32,89,44.7,77.316669,13601363800,Montage
697,8,8,8586.48,452,1894,8,16,1000,32.0,lenovo_thinkedge,3125,0.01,2,32,89,44.7,79.579631,13449992170,Montage
696,8,8,8669.98,465,1895,8,16,1000,32.0,lenovo_thinkedge,3125,0.01,2,32,89,44.7,80.843557,12413404765,Montage
695,8,8,8372.76,450,1815,8,16,1000,32.0,lenovo_thinkedge,3125,0.01,2,32,89,44.7,77.303282,13668126729,Montage
692,8,8,8455.42,449,1806,8,16,1000,32.0,lenovo_thinkedge,3125,0.01,2,32,89,44.7,78.236531,13474430223,Montage
991,8,8,11644.04,762,2710,8,16,1000,32.0,lenovo_thinkedge,3125,0.01,2,32,89,44.7,112.875332,14320523855,Montage
994,8,8,10290.19,782,2933,8,16,1000,32.0,lenovo_thinkedge,3125,0.01,2,32,89,44.7,99.117186,11340214572,Montage
991,8,8,10514.67,762,2710,8,16,1000,32.0,lenovo_thinkedge,3125,0.01,2,32,89,44.7,100.738609,12789353796,Montage
991,8,8,11000.88,762,2773,8,16,1000,32.0,lenovo_thinkedge,3125,0.01,2,32,89,44.7,106.124222,13070406791,Montage
991,8,8,10669.48,762,2806,8,16,1000,32.0,lenovo_thinkedge,3125,0.01,2,32,89,44.7,102.223746,12799144431,Montage
991,8,8,10208.3,762,2710,8,16,1000,32.0,lenovo_thinkedge,3125,0.01,2,32,89,44.7,97.427351,12839135395,Montage
991,8,8,10645.8,762,2774,8,16,1000,32.0,lenovo_thinkedge,3125,0.01,2,32,89,44.7,102.380179,12751711431,Montage
994,8,8,10635.57,782,2839,8,16,1000,32.0,lenovo_thinkedge,3125,0.01,2,32,89,44.7,102.926304,11648251499,Montage
991,8,8,10369.89,762,2741,8,16,1000,32.0,lenovo_thinkedge,3125,0.01,2,32,89,44.7,99.248353,12714006211,Montage
991,8,8,10376.51,762,2774,8,16,1000,32.0,lenovo_thinkedge,3125,0.01,2,32,89,44.7,99.362234,12680940988,Montage
98,3,3,5886.17,55,152,4,16,1000,32.0,lenovo_thinkedge,3125,0.01,2,32,89,44.7,65.2781,64293818069,Genome
98,3,3,6606.0,58,152,4,16,1000,32.0,lenovo_thinkedge,3125,0.01,2,32,89,44.7,73.32533,71740418967,Genome
98,3,3,5883.13,57,149,4,16,1000,32.0,lenovo_thinkedge,3125,0.01,2,32,89,44.7,65.234628,64207220104,Genome
98,3,3,6625.31,53,148,4,16,1000,32.0,lenovo_thinkedge,3125,0.01,2,32,89,44.7,73.532662,72159364623,Genome
98,3,3,6374.28,55,149,4,16,1000,32.0,lenovo_thinkedge,3125,0.01,2,32,89,44.7,70.707411,69625893455,Genome
98,3,3,5498.98,59,153,4,16,1000,32.0,lenovo_thinkedge,3125,0.01,2,32,89,44.7,60.908177,59397651806,Genome
98,3,3,6176.1,57,150,4,16,1000,32.0,lenovo_thinkedge,3125,0.01,2,32,89,44.7,68.528954,67279710912,Genome
98,3,3,6009.6,57,149,4,16,1000,32.0,lenovo_thinkedge,3125,0.01,2,32,89,44.7,66.69332,65738095903,Genome
98,3,3,5742.79,56,148,4,16,1000,32.0,lenovo_thinkedge,3125,0.01,2,32,89,44.7,63.662936,62564649435,Genome
98,3,3,5497.64,58,159,4,16,1000,32.0,lenovo_thinkedge,3125,0.01,2,32,89,44.7,60.9709,59974270814,Genome
148,3,3,8909.03,81,219,4,16,1000,32.0,lenovo_thinkedge,3125,0.01,2,32,89,44.7,98.867512,97847216998,Genome
148,3,3,10185.36,80,218,4,16,1000,32.0,lenovo_thinkedge,3125,0.01,2,32,89,44.7,113.02016,111419681941,Genome
148,3,3,10020.51,82,220,4,16,1000,32.0,lenovo_thinkedge,3125,0.01,2,32,89,44.7,111.316915,110103449865,Genome
148,3,3,9308.5,84,222,4,16,1000,32.0,lenovo_thinkedge,3125,0.01,2,32,89,44.7,103.242161,102011028860,Genome
148,3,3,9031.61,83,221,4,16,1000,32.0,lenovo_thinkedge,3125,0.01,2,32,89,44.7,100.163294,98970063587,Genome
148,3,3,9914.39,83,221,4,16,1000,32.0,lenovo_thinkedge,3125,0.01,2,32,89,44.7,110.054269,108556093354,Genome
148,3,3,9632.56,80,218,4,16,1000,32.0,lenovo_thinkedge,3125,0.01,2,32,89,44.7,106.881165,105685740280,Genome
148,3,3,9778.93,83,221,4,16,1000,32.0,lenovo_thinkedge,3125,0.01,2,32,89,44.7,108.539959,107442660429,Genome
148,3,3,9735.86,82,220,4,16,1000,32.0,lenovo_thinkedge,3125,0.01,2,32,89,44.7,107.97543,107013478941,Genome
148,3,3,10412.34,79,219,4,16,1000,32.0,lenovo_thinkedge,3125,0.01,2,32,89,44.7,115.573645,114563954696,Genome
198,3,3,12674.16,112,306,4,16,1000,32.0,lenovo_thinkedge,3125,0.01,2,32,89,44.7,140.668079,139563738205,Genome
198,3,3,12263.85,108,297,4,16,1000,32.0,lenovo_thinkedge,3125,0.01,2,32,89,44.7,135.938049,134373114335,Genome
198,3,3,12165.99,115,314,4,16,1000,32.0,lenovo_thinkedge,3125,0.01,2,32,89,44.7,134.966044,133713542547,Genome
198,3,3,12887.17,108,292,4,16,1000,32.0,lenovo_thinkedge,3125,0.01,2,32,89,44.7,143.029291,141500559706,Genome
198,3,3,13639.57,104,289,4,16,1000,32.0,lenovo_thinkedge,3125,0.01,2,32,89,44.7,151.351248,150190422693,Genome
198,3,3,12060.86,110,299,4,16,1000,32.0,lenovo_thinkedge,3125,0.01,2,32,89,44.7,133.735426,132259291421,Genome
198,3,3,13422.67,108,302,4,16,1000,32.0,lenovo_thinkedge,3125,0.01,2,32,89,44.7,148.96981,147531426948,Genome
198,3,3,12917.31,108,301,4,16,1000,32.0,lenovo_thinkedge,3125,0.01,2,32,89,44.7,143.346144,141794021076,Genome
198,3,3,13757.15,110,305,4,16,1000,32.0,lenovo_thinkedge,3125,0.01,2,32,89,44.7,152.698127,151368265921,Genome
198,3,3,14078.37,104,292,4,16,1000,32.0,lenovo_thinkedge,3125,0.01,2,32,89,44.7,156.306919,155071942910,Genome
248,3,3,24582.04,156,322,4,16,1000,32.0,lenovo_thinkedge,3125,0.01,2,32,89,44.7,273.363727,272477476974,Genome
248,3,3,22885.0,146,336,4,16,1000,32.0,lenovo_thinkedge,3125,0.01,2,32,89,44.7,254.493835,253110344307,Genome
248,3,3,23582.03,156,322,4,16,1000,32.0,lenovo_thinkedge,3125,0.01,2,32,89,44.7,262.296805,261510744797,Genome
248,3,3,20676.59,143,338,4,16,1000,32.0,lenovo_thinkedge,3125,0.01,2,32,89,44.7,229.825688,228976615857,Genome
248,3,3,25546.96,158,320,4,16,1000,32.0,lenovo_thinkedge,3125,0.01,2,32,89,44.7,284.128163,282378495343,Genome
248,3,3,22265.82,145,339,4,16,1000,32.0,lenovo_thinkedge,3125,0.01,2,32,89,44.7,247.602189,245937339001,Genome
248,3,3,24347.04,148,333,4,16,1000,32.0,lenovo_thinkedge,3125,0.01,2,32,89,44.7,270.730799,269323429725,Genome
248,3,3,24100.43,151,331,4,16,1000,32.0,lenovo_thinkedge,3125,0.01,2,32,89,44.7,268.127458,266094503744,Genome
248,3,3,23725.16,146,335,4,16,1000,32.0,lenovo_thinkedge,3125,0.01,2,32,89,44.7,263.798623,262977077078,Genome
248,3,3,21220.45,142,342,4,16,1000,32.0,lenovo_thinkedge,3125,0.01,2,32,89,44.7,235.868565,234870415445,Genome
298,3,3,21205.36,161,437,4,16,1000,32.0,lenovo_thinkedge,3125,0.01,2,32,89,44.7,235.425484,234115831600,Genome
298,3,3,20137.31,164,447,4,16,1000,32.0,lenovo_thinkedge,3125,0.01,2,32,89,44.7,223.486498,221990517780,Genome
298,3,3,20639.82,160,440,4,16,1000,32.0,lenovo_thinkedge,3125,0.01,2,32,89,44.7,229.16267,227805881866,Genome
298,3,3,19189.9,161,439,4,16,1000,32.0,lenovo_thinkedge,3125,0.01,2,32,89,44.7,212.898381,211103402420,Genome
298,3,3,21153.38,160,437,4,16,1000,32.0,lenovo_thinkedge,3125,0.01,2,32,89,44.7,234.842478,233173417811,Genome
298,3,3,20252.63,160,437,4,16,1000,32.0,lenovo_thinkedge,3125,0.01,2,32,89,44.7,224.77783,223203541212,Genome
298,3,3,20164.83,163,443,4,16,1000,32.0,lenovo_thinkedge,3125,0.01,2,32,89,44.7,223.840965,222563570084,Genome
298,3,3,19386.96,164,440,4,16,1000,32.0,lenovo_thinkedge,3125,0.01,2,32,89,44.7,215.027232,213497092889,Genome
298,3,3,19670.55,165,447,4,16,1000,32.0,lenovo_thinkedge,3125,0.01,2,32,89,44.7,218.367651,217121678614,Genome
298,3,3,19082.77,162,438,4,16,1000,32.0,lenovo_thinkedge,3125,0.01,2,32,89,44.7,211.609232,210335730538,Genome
398,3,3,41363.63,248,521,4,16,1000,32.0,lenovo_thinkedge,3125,0.01,2,32,89,44.7,460.174994,459243839157,Genome
398,3,3,38825.04,245,524,4,16,1000,32.0,lenovo_thinkedge,3125,0.01,2,32,89,44.7,431.755017,430784014830,Genome
398,3,3,38316.5,244,525,4,16,1000,32.0,lenovo_thinkedge,3125,0.01,2,32,89,44.7,426.026298,424755901005,Genome
398,3,3,38226.49,247,524,4,16,1000,32.0,lenovo_thinkedge,3125,0.01,2,32,89,44.7,425.162814,424225909371,Genome
398,3,3,36517.39,246,523,4,16,1000,32.0,lenovo_thinkedge,3125,0.01,2,32,89,44.7,406.076533,404919720239,Genome
398,3,3,36925.83,247,522,4,16,1000,32.0,lenovo_thinkedge,3125,0.01,2,32,89,44.7,410.575691,409317153270,Genome
398,3,3,36934.42,240,535,4,16,1000,32.0,lenovo_thinkedge,3125,0.01,2,32,89,44.7,410.679695,408959366874,Genome
398,3,3,37203.61,240,529,4,16,1000,32.0,lenovo_thinkedge,3125,0.01,2,32,89,44.7,413.719358,412707375623,Genome
398,3,3,38318.78,242,529,4,16,1000,32.0,lenovo_thinkedge,3125,0.01,2,32,89,44.7,426.028331,424955184572,Genome
398,3,3,39133.38,243,526,4,16,1000,32.0,lenovo_thinkedge,3125,0.01,2,32,89,44.7,435.376722,434340887896,Genome
498,3,3,46807.92,298,677,4,16,1000,32.0,lenovo_thinkedge,3125,0.01,2,32,89,44.7,520.378296,518829255768,Genome
498,3,3,49780.56,316,644,4,16,1000,32.0,lenovo_thinkedge,3125,0.01,2,32,89,44.7,553.741646,552789657299,Genome
498,3,3,48772.07,313,647,4,16,1000,32.0,lenovo_thinkedge,3125,0.01,2,32,89,44.7,542.228709,541124314030,Genome
498,3,3,46467.52,306,665,4,16,1000,32.0,lenovo_thinkedge,3125,0.01,2,32,89,44.7,516.873427,515637650470,Genome
498,3,3,49169.14,304,660,4,16,1000,32.0,lenovo_thinkedge,3125,0.01,2,32,89,44.7,546.776725,545562677079,Genome
498,3,3,48850.49,303,669,4,16,1000,32.0,lenovo_thinkedge,3125,0.01,2,32,89,44.7,543.247464,541636707688,Genome
498,3,3,50088.42,315,645,4,16,1000,32.0,lenovo_thinkedge,3125,0.01,2,32,89,44.7,556.993608,556079285575,Genome
498,3,3,48264.7,314,646,4,16,1000,32.0,lenovo_thinkedge,3125,0.01,2,32,89,44.7,536.516287,535435579142,Genome
498,3,3,46230.51,303,664,4,16,1000,32.0,lenovo_thinkedge,3125,0.01,2,32,89,44.7,514.118582,513294846185,Genome
498,3,3,47805.79,303,660,4,16,1000,32.0,lenovo_thinkedge,3125,0.01,2,32,89,44.7,531.678258,530678341192,Genome
698,3,3,68868.54,431,919,4,16,1000,32.0,lenovo_thinkedge,3125,0.01,2,32,89,44.7,765.917992,764478097396,Genome
698,3,3,68528.03,432,920,4,16,1000,32.0,lenovo_thinkedge,3125,0.01,2,32,89,44.7,762.141925,760641718873,Genome
698,3,3,67317.09,425,925,4,16,1000,32.0,lenovo_thinkedge,3125,0.01,2,32,89,44.7,748.752153,747878597130,Genome
698,3,3,68717.1,430,920,4,16,1000,32.0,lenovo_thinkedge,3125,0.01,2,32,89,44.7,764.278,762838080243,Genome
698,3,3,65159.56,433,915,4,16,1000,32.0,lenovo_thinkedge,3125,0.01,2,32,89,44.7,724.347912,723327896792,Genome
698,3,3,67600.43,430,918,4,16,1000,32.0,lenovo_thinkedge,3125,0.01,2,32,89,44.7,751.816572,750538372947,Genome
698,3,3,68838.28,432,917,4,16,1000,32.0,lenovo_thinkedge,3125,0.01,2,32,89,44.7,765.641434,763980719960,Genome
698,3,3,67970.53,428,922,4,16,1000,32.0,lenovo_thinkedge,3125,0.01,2,32,89,44.7,756.209191,754599778792,Genome
698,3,3,68862.45,427,922,4,16,1000,32.0,lenovo_thinkedge,3125,0.01,2,32,89,44.7,765.876242,764525908392,Genome
698,3,3,68587.93,431,919,4,16,1000,32.0,lenovo_thinkedge,3125,0.01,2,32,89,44.7,762.604889,761172437285,Genome
998,3,3,96245.99,616,1320,4,16,1000,32.0,lenovo_thinkedge,3125,0.01,2,32,89,44.7,1070.352022,1069245923155,Genome
998,3,3,99208.37,627,1301,4,16,1000,32.0,lenovo_thinkedge,3125,0.01,2,32,89,44.7,1103.590361,1102402461178,Genome
998,3,3,98506.47,612,1317,4,16,1000,32.0,lenovo_thinkedge,3125,0.01,2,32,89,44.7,1095.285777,1093867789832,Genome
998,3,3,98696.32,628,1300,4,16,1000,32.0,lenovo_thinkedge,3125,0.01,2,32,89,44.7,1097.370209,1096029993295,Genome
998,3,3,97829.85,628,1303,4,16,1000,32.0,lenovo_thinkedge,3125,0.01,2,32,89,44.7,1087.744978,1086751998548,Genome
998,3,3,98978.13,630,1294,4,16,1000,32.0,lenovo_thinkedge,3125,0.01,2,32,89,44.7,1100.993092,1100253447967,Genome
998,3,3,96475.01,614,1327,4,16,1000,32.0,lenovo_thinkedge,3125,0.01,2,32,89,44.7,1072.807411,1071090266335,Genome
998,3,3,95001.94,621,1316,4,16,1000,32.0,lenovo_thinkedge,3125,0.01,2,32,89,44.7,1056.146442,1054590761741,Genome
998,3,3,99069.37,617,1311,4,16,1000,32.0,lenovo_thinkedge,3125,0.01,2,32,89,44.7,1101.945279,1100784595757,Genome
998,3,3,97289.09,621,1309,4,16,1000,32.0,lenovo_thinkedge,3125,0.01,2,32,89,44.7,1081.634085,1080251830608,Genome
48,3,3,16221.9,45,135,3,16,1000,32.0,lenovo_thinkedge,3125,0.01,2,32,89,44.7,175.853087,170608813297,Blast
48,3,3,15049.58,45,135,3,16,1000,32.0,lenovo_thinkedge,3125,0.01,2,32,89,44.7,162.897424,157526746494,Blast
48,3,3,15349.06,45,135,3,16,1000,32.0,lenovo_thinkedge,3125,0.01,2,32,89,44.7,165.763729,159986931967,Blast
48,3,3,15133.85,45,135,3,16,1000,32.0,lenovo_thinkedge,3125,0.01,2,32,89,44.7,163.670493,158428681718,Blast
48,3,3,16310.37,45,135,3,16,1000,32.0,lenovo_thinkedge,3125,0.01,2,32,89,44.7,176.509415,171335140948,Blast
48,3,3,14442.31,45,135,3,16,1000,32.0,lenovo_thinkedge,3125,0.01,2,32,89,44.7,155.788509,151673683524,Blast
48,3,3,13835.31,45,135,3,16,1000,32.0,lenovo_thinkedge,3125,0.01,2,32,89,44.7,149.225496,144478401772,Blast
48,3,3,12872.83,45,135,3,16,1000,32.0,lenovo_thinkedge,3125,0.01,2,32,89,44.7,138.434391,132861842404,Blast
48,3,3,14616.9,45,135,3,16,1000,32.0,lenovo_thinkedge,3125,0.01,2,32,89,44.7,158.137955,152416659511,Blast
48,3,3,15521.39,45,135,3,16,1000,32.0,lenovo_thinkedge,3125,0.01,2,32,89,44.7,168.186493,163037170339,Blast
98,3,3,32157.76,95,285,3,16,1000,32.0,lenovo_thinkedge,3125,0.01,2,32,89,44.7,348.286336,344106347324,Blast
98,3,3,30358.89,95,285,3,16,1000,32.0,lenovo_thinkedge,3125,0.01,2,32,89,44.7,327.910394,324696285678,Blast
98,3,3,33548.75,95,285,3,16,1000,32.0,lenovo_thinkedge,3125,0.01,2,32,89,44.7,364.34523,358546625561,Blast
98,3,3,33676.41,95,285,3,16,1000,32.0,lenovo_thinkedge,3125,0.01,2,32,89,44.7,365.553893,361057573165,Blast
98,3,3,31409.58,95,285,3,16,1000,32.0,lenovo_thinkedge,3125,0.01,2,32,89,44.7,340.108056,336197409974,Blast
98,3,3,31362.9,95,285,3,16,1000,32.0,lenovo_thinkedge,3125,0.01,2,32,89,44.7,339.181146,334010874190,Blast
98,3,3,31486.87,95,285,3,16,1000,32.0,lenovo_thinkedge,3125,0.01,2,32,89,44.7,341.018822,335522500527,Blast
98,3,3,28270.46,95,285,3,16,1000,32.0,lenovo_thinkedge,3125,0.01,2,32,89,44.7,304.823157,299531681306,Blast
98,3,3,30882.43,95,285,3,16,1000,32.0,lenovo_thinkedge,3125,0.01,2,32,89,44.7,333.871566,328625506465,Blast
98,3,3,31549.97,95,285,3,16,1000,32.0,lenovo_thinkedge,3125,0.01,2,32,89,44.7,340.713428,334901580173,Blast
148,3,3,47770.8,145,435,3,16,1000,32.0,lenovo_thinkedge,3125,0.01,2,32,89,44.7,517.335849,511842706973,Blast
148,3,3,49570.12,145,435,3,16,1000,32.0,lenovo_thinkedge,3125,0.01,2,32,89,44.7,537.221137,533591452100,Blast
148,3,3,49920.94,145,435,3,16,1000,32.0,lenovo_thinkedge,3125,0.01,2,32,89,44.7,540.19658,535676438903,Blast
148,3,3,48449.87,145,435,3,16,1000,32.0,lenovo_thinkedge,3125,0.01,2,32,89,44.7,524.718016,519933314118,Blast
148,3,3,47467.21,145,435,3,16,1000,32.0,lenovo_thinkedge,3125,0.01,2,32,89,44.7,512.959006,509861122219,Blast
148,3,3,49872.72,145,435,3,16,1000,32.0,lenovo_thinkedge,3125,0.01,2,32,89,44.7,540.599979,536454411717,Blast
148,3,3,48357.62,145,435,3,16,1000,32.0,lenovo_thinkedge,3125,0.01,2,32,89,44.7,523.387129,519668978649,Blast
148,3,3,49900.25,145,435,3,16,1000,32.0,lenovo_thinkedge,3125,0.01,2,32,89,44.7,541.239776,536499323541,Blast
148,3,3,45595.2,145,435,3,16,1000,32.0,lenovo_thinkedge,3125,0.01,2,32,89,44.7,491.853122,487599165831,Blast
148,3,3,48570.59,145,435,3,16,1000,32.0,lenovo_thinkedge,3125,0.01,2,32,89,44.7,525.273379,519935647529,Blast
198,3,3,61201.0,195,585,3,16,1000,32.0,lenovo_thinkedge,3125,0.01,2,32,89,44.7,661.470409,656747079184,Blast
198,3,3,65836.04,195,585,3,16,1000,32.0,lenovo_thinkedge,3125,0.01,2,32,89,44.7,712.391248,707340053818,Blast
198,3,3,66774.11,195,585,3,16,1000,32.0,lenovo_thinkedge,3125,0.01,2,32,89,44.7,723.681236,718152649705,Blast
198,3,3,65318.79,195,585,3,16,1000,32.0,lenovo_thinkedge,3125,0.01,2,32,89,44.7,706.426283,700521121834,Blast
198,3,3,64409.8,195,585,3,16,1000,32.0,lenovo_thinkedge,3125,0.01,2,32,89,44.7,697.66798,691759702847,Blast
198,3,3,68096.91,195,585,3,16,1000,32.0,lenovo_thinkedge,3125,0.01,2,32,89,44.7,736.196389,731554057532,Blast
198,3,3,63261.56,195,585,3,16,1000,32.0,lenovo_thinkedge,3125,0.01,2,32,89,44.7,683.491169,677595869200,Blast
198,3,3,65717.64,195,585,3,16,1000,32.0,lenovo_thinkedge,3125,0.01,2,32,89,44.7,712.245374,706931530977,Blast
198,3,3,67308.32,195,585,3,16,1000,32.0,lenovo_thinkedge,3125,0.01,2,32,89,44.7,728.52668,722674169372,Blast
198,3,3,65989.03,195,585,3,16,1000,32.0,lenovo_thinkedge,3125,0.01,2,32,89,44.7,713.957682,708917145849,Blast
248,3,3,80367.07,245,735,3,16,1000,32.0,lenovo_thinkedge,3125,0.01,2,32,89,44.7,869.806888,865858148668,Blast
248,3,3,84443.64,245,735,3,16,1000,32.0,lenovo_thinkedge,3125,0.01,2,32,89,44.7,914.932958,909362323222,Blast
248,3,3,79102.38,245,735,3,16,1000,32.0,lenovo_thinkedge,3125,0.01,2,32,89,44.7,854.339869,848484040649,Blast
248,3,3,80127.53,245,735,3,16,1000,32.0,lenovo_thinkedge,3125,0.01,2,32,89,44.7,865.666338,862511636227,Blast
248,3,3,81620.19,245,735,3,16,1000,32.0,lenovo_thinkedge,3125,0.01,2,32,89,44.7,882.630124,877645322886,Blast
248,3,3,82899.61,245,735,3,16,1000,32.0,lenovo_thinkedge,3125,0.01,2,32,89,44.7,896.320352,891538692840,Blast
248,3,3,81909.06,245,735,3,16,1000,32.0,lenovo_thinkedge,3125,0.01,2,32,89,44.7,887.231067,882708693704,Blast
248,3,3,80120.51,245,735,3,16,1000,32.0,lenovo_thinkedge,3125,0.01,2,32,89,44.7,867.863854,862787195604,Blast
248,3,3,78098.37,245,735,3,16,1000,32.0,lenovo_thinkedge,3125,0.01,2,32,89,44.7,843.668884,839029813752,Blast
248,3,3,83136.8,245,735,3,16,1000,32.0,lenovo_thinkedge,3125,0.01,2,32,89,44.7,900.531088,896058935120,Blast
298,3,3,94658.23,295,885,3,16,1000,32.0,lenovo_thinkedge,3125,0.01,2,32,89,44.7,1023.963614,1018450332867,Blast
298,3,3,95993.42,295,885,3,16,1000,32.0,lenovo_thinkedge,3125,0.01,2,32,89,44.7,1038.824189,1033173886049,Blast
298,3,3,98725.4,295,885,3,16,1000,32.0,lenovo_thinkedge,3125,0.01,2,32,89,44.7,1068.152604,1062775241451,Blast
298,3,3,101827.17,295,885,3,16,1000,32.0,lenovo_thinkedge,3125,0.01,2,32,89,44.7,1103.513852,1100824616792,Blast
298,3,3,101874.25,295,885,3,16,1000,32.0,lenovo_thinkedge,3125,0.01,2,32,89,44.7,1102.979838,1097776742792,Blast
298,3,3,93783.12,295,885,3,16,1000,32.0,lenovo_thinkedge,3125,0.01,2,32,89,44.7,1014.280816,1009044728903,Blast
298,3,3,97157.92,295,885,3,16,1000,32.0,lenovo_thinkedge,3125,0.01,2,32,89,44.7,1052.88819,1048769692006,Blast
298,3,3,97073.6,295,885,3,16,1000,32.0,lenovo_thinkedge,3125,0.01,2,32,89,44.7,1050.673922,1045509947637,Blast
298,3,3,100546.83,295,885,3,16,1000,32.0,lenovo_thinkedge,3125,0.01,2,32,89,44.7,1089.528343,1084139761419,Blast
298,3,3,101137.66,295,885,3,16,1000,32.0,lenovo_thinkedge,3125,0.01,2,32,89,44.7,1096.421105,1094264822057,Blast
148,3,3,390.38,144,576,3,16,1000,32.0,lenovo_thinkedge,3125,0.01,2,32,89,44.7,4.050902,8446073,Bwa
148,3,3,148.91,144,576,3,16,1000,32.0,lenovo_thinkedge,3125,0.01,2,32,89,44.7,1.428375,6993495,Bwa
148,3,3,237.59,144,576,3,16,1000,32.0,lenovo_thinkedge,3125,0.01,2,32,89,44.7,2.411355,8600804,Bwa
148,3,3,196.84,144,576,3,16,1000,32.0,lenovo_thinkedge,3125,0.01,2,32,89,44.7,1.969703,7997093,Bwa
148,3,3,324.48,144,576,3,16,1000,32.0,lenovo_thinkedge,3125,0.01,2,32,89,44.7,3.342891,7397495,Bwa
148,3,3,232.06,144,576,3,16,1000,32.0,lenovo_thinkedge,3125,0.01,2,32,89,44.7,2.33267,7304134,Bwa
148,3,3,175.61,144,576,3,16,1000,32.0,lenovo_thinkedge,3125,0.01,2,32,89,44.7,1.726486,6492867,Bwa
148,3,3,197.1,144,576,3,16,1000,32.0,lenovo_thinkedge,3125,0.01,2,32,89,44.7,1.964836,9012325,Bwa
148,3,3,342.51,144,576,3,16,1000,32.0,lenovo_thinkedge,3125,0.01,2,32,89,44.7,3.537894,6965298,Bwa
148,3,3,285.39,144,576,3,16,1000,32.0,lenovo_thinkedge,3125,0.01,2,32,89,44.7,2.941652,6663081,Bwa
198,3,3,108.18,194,776,3,16,1000,32.0,lenovo_thinkedge,3125,0.01,2,32,89,44.7,0.939344,10415752,Bwa
198,3,3,287.47,194,776,3,16,1000,32.0,lenovo_thinkedge,3125,0.01,2,32,89,44.7,2.887541,9522506,Bwa
198,3,3,104.73,194,776,3,16,1000,32.0,lenovo_thinkedge,3125,0.01,2,32,89,44.7,0.889598,9973265,Bwa
198,3,3,221.45,194,776,3,16,1000,32.0,lenovo_thinkedge,3125,0.01,2,32,89,44.7,2.175142,9486090,Bwa
198,3,3,234.97,194,776,3,16,1000,32.0,lenovo_thinkedge,3125,0.01,2,32,89,44.7,2.319406,9622819,Bwa
198,3,3,358.9,194,776,3,16,1000,32.0,lenovo_thinkedge,3125,0.01,2,32,89,44.7,3.657108,8913907,Bwa
198,3,3,532.94,194,776,3,16,1000,32.0,lenovo_thinkedge,3125,0.01,2,32,89,44.7,5.544696,9911290,Bwa
198,3,3,391.86,194,776,3,16,1000,32.0,lenovo_thinkedge,3125,0.01,2,32,89,44.7,4.014694,10266643,Bwa
198,3,3,300.5,194,776,3,16,1000,32.0,lenovo_thinkedge,3125,0.01,2,32,89,44.7,3.009823,9127153,Bwa
198,3,3,145.3,194,776,3,16,1000,32.0,lenovo_thinkedge,3125,0.01,2,32,89,44.7,1.325224,7951719,Bwa
248,3,3,427.01,244,976,3,16,1000,32.0,lenovo_thinkedge,3125,0.01,2,32,89,44.7,4.345704,11351433,Bwa
248,3,3,216.86,244,976,3,16,1000,32.0,lenovo_thinkedge,3125,0.01,2,32,89,44.7,2.06404,10058234,Bwa
248,3,3,316.34,244,976,3,16,1000,32.0,lenovo_thinkedge,3125,0.01,2,32,89,44.7,3.118961,12046722,Bwa
248,3,3,144.52,244,976,3,16,1000,32.0,lenovo_thinkedge,3125,0.01,2,32,89,44.7,1.277163,12267069,Bwa
248,3,3,425.58,244,976,3,16,1000,32.0,lenovo_thinkedge,3125,0.01,2,32,89,44.7,4.343497,12178194,Bwa
248,3,3,542.47,244,976,3,16,1000,32.0,lenovo_thinkedge,3125,0.01,2,32,89,44.7,5.577145,11893789,Bwa
248,3,3,512.73,244,976,3,16,1000,32.0,lenovo_thinkedge,3125,0.01,2,32,89,44.7,5.264977,10294731,Bwa
248,3,3,403.36,244,976,3,16,1000,32.0,lenovo_thinkedge,3125,0.01,2,32,89,44.7,4.038934,11361202,Bwa
248,3,3,530.37,244,976,3,16,1000,32.0,lenovo_thinkedge,3125,0.01,2,32,89,44.7,5.462342,10857322,Bwa
248,3,3,408.84,244,976,3,16,1000,32.0,lenovo_thinkedge,3125,0.01,2,32,89,44.7,4.147243,11788549,Bwa
298,3,3,204.09,294,1176,3,16,1000,32.0,lenovo_thinkedge,3125,0.01,2,32,89,44.7,1.869609,12793521,Bwa
298,3,3,506.91,294,1176,3,16,1000,32.0,lenovo_thinkedge,3125,0.01,2,32,89,44.7,5.138169,14534147,Bwa
298,3,3,197.03,294,1176,3,16,1000,32.0,lenovo_thinkedge,3125,0.01,2,32,89,44.7,1.777907,14583827,Bwa
298,3,3,187.84,294,1176,3,16,1000,32.0,lenovo_thinkedge,3125,0.01,2,32,89,44.7,1.661239,13767877,Bwa
298,3,3,366.11,294,1176,3,16,1000,32.0,lenovo_thinkedge,3125,0.01,2,32,89,44.7,3.602251,12689631,Bwa
298,3,3,231.41,294,1176,3,16,1000,32.0,lenovo_thinkedge,3125,0.01,2,32,89,44.7,2.156878,12558458,Bwa
298,3,3,132.22,294,1176,3,16,1000,32.0,lenovo_thinkedge,3125,0.01,2,32,89,44.7,1.057233,13584977,Bwa
298,3,3,274.17,294,1176,3,16,1000,32.0,lenovo_thinkedge,3125,0.01,2,32,89,44.7,2.601051,13837549,Bwa
298,3,3,507.72,294,1176,3,16,1000,32.0,lenovo_thinkedge,3125,0.01,2,32,89,44.7,5.135986,12845210,Bwa
298,3,3,257.07,294,1176,3,16,1000,32.0,lenovo_thinkedge,3125,0.01,2,32,89,44.7,2.423661,12809135,Bwa
95,4,4,112.34,46,139,3,16,1000,32.0,lenovo_thinkedge,3125,0.01,2,32,89,44.7,0.953754,313129667,Cycles
95,4,4,105.54,46,139,3,16,1000,32.0,lenovo_thinkedge,3125,0.01,2,32,89,44.7,0.897916,313049792,Cycles
95,4,4,110.35,46,139,3,16,1000,32.0,lenovo_thinkedge,3125,0.01,2,32,89,44.7,0.969006,333723013,Cycles
95,4,4,123.37,46,139,3,16,1000,32.0,lenovo_thinkedge,3125,0.01,2,32,89,44.7,1.099192,322627384,Cycles
95,4,4,108.59,46,139,3,16,1000,32.0,lenovo_thinkedge,3125,0.01,2,32,89,44.7,0.929447,322702731,Cycles
95,4,4,118.4,46,139,3,16,1000,32.0,lenovo_thinkedge,3125,0.01,2,32,89,44.7,1.056294,343940665,Cycles
95,4,4,114.76,46,139,3,16,1000,32.0,lenovo_thinkedge,3125,0.01,2,32,89,44.7,0.972393,327486745,Cycles
95,4,4,106.68,46,139,3,16,1000,32.0,lenovo_thinkedge,3125,0.01,2,32,89,44.7,0.936438,312845651,Cycles
95,4,4,233.66,46,139,3,16,1000,32.0,lenovo_thinkedge,3125,0.01,2,32,89,44.7,2.251136,303612707,Cycles
95,4,4,106.89,46,139,3,16,1000,32.0,lenovo_thinkedge,3125,0.01,2,32,89,44.7,0.94225,322061102,Cycles
145,4,4,153.87,70,212,3,16,1000,32.0,lenovo_thinkedge,3125,0.01,2,32,89,44.7,1.324451,483725034,Cycles
145,4,4,257.09,70,212,3,16,1000,32.0,lenovo_thinkedge,3125,0.01,2,32,89,44.7,2.439069,472539564,Cycles
145,4,4,157.65,70,212,3,16,1000,32.0,lenovo_thinkedge,3125,0.01,2,32,89,44.7,1.379208,489904135,Cycles
145,4,4,157.65,70,212,3,16,1000,32.0,lenovo_thinkedge,3125,0.01,2,32,89,44.7,1.378038,479179759,Cycles
145,4,4,153.67,70,212,3,16,1000,32.0,lenovo_thinkedge,3125,0.01,2,32,89,44.7,1.321148,487706674,Cycles
145,4,4,171.97,70,212,3,16,1000,32.0,lenovo_thinkedge,3125,0.01,2,32,89,44.7,1.550423,481599024,Cycles
145,4,4,165.8,70,212,3,16,1000,32.0,lenovo_thinkedge,3125,0.01,2,32,89,44.7,1.445187,495085061,Cycles
145,4,4,203.56,70,212,3,16,1000,32.0,lenovo_thinkedge,3125,0.01,2,32,89,44.7,1.830266,473742158,Cycles
145,4,4,160.47,70,212,3,16,1000,32.0,lenovo_thinkedge,3125,0.01,2,32,89,44.7,1.346758,484722475,Cycles
145,4,4,159.73,70,212,3,16,1000,32.0,lenovo_thinkedge,3125,0.01,2,32,89,44.7,1.396582,482418865,Cycles
198,4,4,336.65,96,290,3,16,1000,32.0,lenovo_thinkedge,3125,0.01,2,32,89,44.7,3.111526,684691053,Cycles
198,4,4,206.48,96,290,3,16,1000,32.0,lenovo_thinkedge,3125,0.01,2,32,89,44.7,1.762298,678128481,Cycles
198,4,4,205.84,96,290,3,16,1000,32.0,lenovo_thinkedge,3125,0.01,2,32,89,44.7,1.745507,668647061,Cycles
198,4,4,213.66,96,290,3,16,1000,32.0,lenovo_thinkedge,3125,0.01,2,32,89,44.7,1.827499,662747036,Cycles
198,4,4,210.1,96,290,3,16,1000,32.0,lenovo_thinkedge,3125,0.01,2,32,89,44.7,1.752211,666602938,Cycles
198,4,4,349.76,96,290,3,16,1000,32.0,lenovo_thinkedge,3125,0.01,2,32,89,44.7,3.279241,684683366,Cycles
198,4,4,329.8,96,290,3,16,1000,32.0,lenovo_thinkedge,3125,0.01,2,32,89,44.7,3.068838,654844835,Cycles
198,4,4,212.08,96,290,3,16,1000,32.0,lenovo_thinkedge,3125,0.01,2,32,89,44.7,1.78829,668815111,Cycles
198,4,4,286.0,96,290,3,16,1000,32.0,lenovo_thinkedge,3125,0.01,2,32,89,44.7,2.543636,650550176,Cycles
198,4,4,290.96,96,290,3,16,1000,32.0,lenovo_thinkedge,3125,0.01,2,32,89,44.7,2.685363,674388261,Cycles
247,4,4,383.4,120,363,3,16,1000,32.0,lenovo_thinkedge,3125,0.01,2,32,89,44.7,3.555277,860980936,Cycles
247,4,4,354.33,120,369,3,16,1000,32.0,lenovo_thinkedge,3125,0.01,2,32,89,44.7,3.22347,839739959,Cycles
247,4,4,258.24,120,363,3,16,1000,32.0,lenovo_thinkedge,3125,0.01,2,32,89,44.7,2.193807,854462916,Cycles
247,4,4,252.08,120,365,3,16,1000,32.0,lenovo_thinkedge,3125,0.01,2,32,89,44.7,2.084878,803783965,Cycles
247,4,4,360.51,120,363,3,16,1000,32.0,lenovo_thinkedge,3125,0.01,2,32,89,44.7,3.269079,814859727,Cycles
247,4,4,255.33,120,363,3,16,1000,32.0,lenovo_thinkedge,3125,0.01,2,32,89,44.7,2.221745,811521891,Cycles
247,4,4,274.07,120,363,3,16,1000,32.0,lenovo_thinkedge,3125,0.01,2,32,89,44.7,2.401442,801353662,Cycles
247,4,4,252.66,120,363,3,16,1000,32.0,lenovo_thinkedge,3125,0.01,2,32,89,44.7,2.13707,854780522,Cycles
247,4,4,388.06,120,365,3,16,1000,32.0,lenovo_thinkedge,3125,0.01,2,32,89,44.7,3.585687,828656811,Cycles
247,4,4,257.7,120,363,3,16,1000,32.0,lenovo_thinkedge,3125,0.01,2,32,89,44.7,2.146739,820629819,Cycles
297,4,4,291.29,144,436,3,16,1000,32.0,lenovo_thinkedge,3125,0.01,2,32,89,44.7,2.484773,1008922614,Cycles
297,4,4,322.67,144,440,3,16,1000,32.0,lenovo_thinkedge,3125,0.01,2,32,89,44.7,2.794076,1015666100,Cycles
295,4,4,305.89,144,439,3,16,1000,32.0,lenovo_thinkedge,3125,0.01,2,32,89,44.7,2.543512,1010650339,Cycles
297,4,4,305.5,144,438,3,16,1000,32.0,lenovo_thinkedge,3125,0.01,2,32,89,44.7,2.542383,1008733896,Cycles
297,4,4,290.66,144,436,3,16,1000,32.0,lenovo_thinkedge,3125,0.01,2,32,89,44.7,2.447956,978016717,Cycles
297,4,4,351.75,144,436,3,16,1000,32.0,lenovo_thinkedge,3125,0.01,2,32,89,44.7,3.082102,975608484,Cycles
297,4,4,304.92,144,440,3,16,1000,32.0,lenovo_thinkedge,3125,0.01,2,32,89,44.7,2.58401,998510199,Cycles
297,4,4,369.46,144,440,3,16,1000,32.0,lenovo_thinkedge,3125,0.01,2,32,89,44.7,3.306678,1027839356,Cycles
297,4,4,316.22,144,436,3,16,1000,32.0,lenovo_thinkedge,3125,0.01,2,32,89,44.7,2.646488,996787833,Cycles
297,4,4,299.51,144,436,3,16,1000,32.0,lenovo_thinkedge,3125,0.01,2,32,89,44.7,2.488152,981498546,Cycles
395,4,4,429.94,190,575,3,16,1000,32.0,lenovo_thinkedge,3125,0.01,2,32,89,44.7,3.667087,1336406341,Cycles
395,4,4,382.34,190,581,3,16,1000,32.0,lenovo_thinkedge,3125,0.01,2,32,89,44.7,3.249304,1333727642,Cycles
395,4,4,488.21,190,575,3,16,1000,32.0,lenovo_thinkedge,3125,0.01,2,32,89,44.7,4.248597,1357674272,Cycles
395,4,4,458.62,190,577,3,16,1000,32.0,lenovo_thinkedge,3125,0.01,2,32,89,44.7,3.944362,1312987480,Cycles
395,4,4,510.54,190,575,3,16,1000,32.0,lenovo_thinkedge,3125,0.01,2,32,89,44.7,4.515883,1350455792,Cycles
395,4,4,503.17,190,575,3,16,1000,32.0,lenovo_thinkedge,3125,0.01,2,32,89,44.7,4.390583,1363402294,Cycles
395,4,4,395.66,190,577,3,16,1000,32.0,lenovo_thinkedge,3125,0.01,2,32,89,44.7,3.270314,1342332891,Cycles
395,4,4,483.11,190,577,3,16,1000,32.0,lenovo_thinkedge,3125,0.01,2,32,89,44.7,4.093233,1376154600,Cycles
395,4,4,413.5,190,575,3,16,1000,32.0,lenovo_thinkedge,3125,0.01,2,32,89,44.7,3.451095,1303780697,Cycles
395,4,4,524.63,190,575,3,16,1000,32.0,lenovo_thinkedge,3125,0.01,2,32,89,44.7,4.602381,1337945038,Cycles
497,4,4,579.93,238,725,3,16,1000,32.0,lenovo_thinkedge,3125,0.01,2,32,89,44.7,4.988594,1649726352,Cycles
497,4,4,539.6,238,745,3,16,1000,32.0,lenovo_thinkedge,3125,0.01,2,32,89,44.7,4.595931,1676264509,Cycles
497,4,4,508.82,238,737,3,16,1000,32.0,lenovo_thinkedge,3125,0.01,2,32,89,44.7,4.241979,1677091328,Cycles
497,4,4,498.02,238,721,3,16,1000,32.0,lenovo_thinkedge,3125,0.01,2,32,89,44.7,4.213144,1695785771,Cycles
497,4,4,562.73,238,737,3,16,1000,32.0,lenovo_thinkedge,3125,0.01,2,32,89,44.7,4.829391,1649958346,Cycles
497,4,4,611.96,238,723,3,16,1000,32.0,lenovo_thinkedge,3125,0.01,2,32,89,44.7,5.335311,1678187491,Cycles
497,4,4,559.89,238,737,3,16,1000,32.0,lenovo_thinkedge,3125,0.01,2,32,89,44.7,4.822698,1658157114,Cycles
497,4,4,586.27,238,735,3,16,1000,32.0,lenovo_thinkedge,3125,0.01,2,32,89,44.7,5.140174,1707086281,Cycles
497,4,4,498.22,238,737,3,16,1000,32.0,lenovo_thinkedge,3125,0.01,2,32,89,44.7,4.052147,1685830909,Cycles
497,4,4,596.57,238,733,3,16,1000,32.0,lenovo_thinkedge,3125,0.01,2,32,89,44.7,5.135412,1703587802,Cycles
697,4,4,673.35,338,1024,3,16,1000,32.0,lenovo_thinkedge,3125,0.01,2,32,89,44.7,5.485882,2332841324,Cycles
697,4,4,670.2,338,1024,3,16,1000,32.0,lenovo_thinkedge,3125,0.01,2,32,89,44.7,5.495077,2322365027,Cycles
697,4,4,812.63,338,1024,3,16,1000,32.0,lenovo_thinkedge,3125,0.01,2,32,89,44.7,7.026804,2349267557,Cycles
697,4,4,667.63,338,1024,3,16,1000,32.0,lenovo_thinkedge,3125,0.01,2,32,89,44.7,5.589933,2358374457,Cycles
697,4,4,679.64,338,1024,3,16,1000,32.0,lenovo_thinkedge,3125,0.01,2,32,89,44.7,5.597296,2362790334,Cycles
697,4,4,786.65,338,1024,3,16,1000,32.0,lenovo_thinkedge,3125,0.01,2,32,89,44.7,6.850416,2348540615,Cycles
697,4,4,800.98,338,1024,3,16,1000,32.0,lenovo_thinkedge,3125,0.01,2,32,89,44.7,6.883017,2320731639,Cycles
697,4,4,790.73,338,1024,3,16,1000,32.0,lenovo_thinkedge,3125,0.01,2,32,89,44.7,6.819869,2352243081,Cycles
697,4,4,770.77,338,1024,3,16,1000,32.0,lenovo_thinkedge,3125,0.01,2,32,89,44.7,6.699346,2351780765,Cycles
697,4,4,670.72,338,1024,3,16,1000,32.0,lenovo_thinkedge,3125,0.01,2,32,89,44.7,5.447817,2308254505,Cycles
998,4,4,1063.18,484,1468,3,16,1000,32.0,lenovo_thinkedge,3125,0.01,2,32,89,44.7,9.02911,3398753234,Cycles
997,4,4,959.7,482,1461,3,16,1000,32.0,lenovo_thinkedge,3125,0.01,2,32,89,44.7,7.890275,3365089832,Cycles
997,4,4,952.8,482,1461,3,16,1000,32.0,lenovo_thinkedge,3125,0.01,2,32,89,44.7,7.928545,3389006580,Cycles
996,4,4,983.98,482,1461,3,16,1000,32.0,lenovo_thinkedge,3125,0.01,2,32,89,44.7,8.147274,3374277883,Cycles
998,4,4,942.68,484,1470,3,16,1000,32.0,lenovo_thinkedge,3125,0.01,2,32,89,44.7,7.845386,3360464797,Cycles
997,4,4,1027.16,482,1461,3,16,1000,32.0,lenovo_thinkedge,3125,0.01,2,32,89,44.7,8.715264,3393125585,Cycles
998,4,4,1081.45,484,1468,3,16,1000,32.0,lenovo_thinkedge,3125,0.01,2,32,89,44.7,9.116251,3356496960,Cycles
996,4,4,994.59,482,1461,3,16,1000,32.0,lenovo_thinkedge,3125,0.01,2,32,89,44.7,8.19465,3318916747,Cycles
998,4,4,951.13,484,1468,3,16,1000,32.0,lenovo_thinkedge,3125,0.01,2,32,89,44.7,7.891,3370588863,Cycles
998,4,4,937.98,484,1466,3,16,1000,32.0,lenovo_thinkedge,3125,0.01,2,32,89,44.7,7.68055,3291388025,Cycles
45,9,9,531.51,10,53,8,16,1000,32.0,lenovo_thinkedge,3125,0.01,2,32,89,44.7,5.798497,1784096520,Epigenomics
45,9,9,500.33,10,53,8,16,1000,32.0,lenovo_thinkedge,3125,0.01,2,32,89,44.7,5.442173,1697837147,Epigenomics
45,9,9,488.86,10,53,8,16,1000,32.0,lenovo_thinkedge,3125,0.01,2,32,89,44.7,5.315538,1296412587,Epigenomics
45,9,9,467.47,10,53,8,16,1000,32.0,lenovo_thinkedge,3125,0.01,2,32,89,44.7,5.078098,1257556873,Epigenomics
45,9,9,500.99,10,53,8,16,1000,32.0,lenovo_thinkedge,3125,0.01,2,32,89,44.7,5.437052,1247130786,Epigenomics
45,9,9,521.65,10,53,8,16,1000,32.0,lenovo_thinkedge,3125,0.01,2,32,89,44.7,5.671773,1296734397,Epigenomics
45,9,9,503.35,10,53,8,16,1000,32.0,lenovo_thinkedge,3125,0.01,2,32,89,44.7,5.474432,1669515140,Epigenomics
45,9,9,514.81,10,53,8,16,1000,32.0,lenovo_thinkedge,3125,0.01,2,32,89,44.7,5.609825,1761989829,Epigenomics
45,9,9,494.14,10,53,8,16,1000,32.0,lenovo_thinkedge,3125,0.01,2,32,89,44.7,5.379408,1588054039,Epigenomics
45,9,9,560.72,10,53,8,16,1000,32.0,lenovo_thinkedge,3125,0.01,2,32,89,44.7,6.105188,1837840613,Epigenomics
97,9,9,693.28,23,118,8,16,1000,32.0,lenovo_thinkedge,3125,0.01,2,32,89,44.7,7.505809,2684587846,Epigenomics
97,9,9,655.39,23,118,8,16,1000,32.0,lenovo_thinkedge,3125,0.01,2,32,89,44.7,7.11505,2599847025,Epigenomics
97,9,9,618.01,23,118,8,16,1000,32.0,lenovo_thinkedge,3125,0.01,2,32,89,44.7,6.687702,2092703737,Epigenomics
97,9,9,584.47,23,118,8,16,1000,32.0,lenovo_thinkedge,3125,0.01,2,32,89,44.7,6.299518,2122389325,Epigenomics
97,9,9,623.82,23,118,8,16,1000,32.0,lenovo_thinkedge,3125,0.01,2,32,89,44.7,6.744312,2636430696,Epigenomics
97,9,9,634.91,23,118,8,16,1000,32.0,lenovo_thinkedge,3125,0.01,2,32,89,44.7,6.866102,2472562046,Epigenomics
97,9,9,623.38,23,118,8,16,1000,32.0,lenovo_thinkedge,3125,0.01,2,32,89,44.7,6.72578,2242989058,Epigenomics
97,9,9,658.62,23,118,8,16,1000,32.0,lenovo_thinkedge,3125,0.01,2,32,89,44.7,7.131316,2650105045,Epigenomics
97,9,9,642.72,23,118,8,16,1000,32.0,lenovo_thinkedge,3125,0.01,2,32,89,44.7,6.942854,2323895837,Epigenomics
97,9,9,586.86,23,118,8,16,1000,32.0,lenovo_thinkedge,3125,0.01,2,32,89,44.7,6.320545,2068151513,Epigenomics
145,9,9,753.76,35,178,8,16,1000,32.0,lenovo_thinkedge,3125,0.01,2,32,89,44.7,8.074825,3241000869,Epigenomics
145,9,9,713.91,35,178,8,16,1000,32.0,lenovo_thinkedge,3125,0.01,2,32,89,44.7,7.63467,3160069077,Epigenomics
145,9,9,703.31,35,178,8,16,1000,32.0,lenovo_thinkedge,3125,0.01,2,32,89,44.7,7.533733,2800704221,Epigenomics
145,9,9,774.38,35,178,8,16,1000,32.0,lenovo_thinkedge,3125,0.01,2,32,89,44.7,8.339203,3265363678,Epigenomics
145,9,9,720.84,35,178,8,16,1000,32.0,lenovo_thinkedge,3125,0.01,2,32,89,44.7,7.747888,3123897946,Epigenomics
145,9,9,732.99,35,178,8,16,1000,32.0,lenovo_thinkedge,3125,0.01,2,32,89,44.7,7.864648,2910525511,Epigenomics
145,9,9,730.25,35,178,8,16,1000,32.0,lenovo_thinkedge,3125,0.01,2,32,89,44.7,7.840245,2963983871,Epigenomics
145,9,9,732.63,35,178,8,16,1000,32.0,lenovo_thinkedge,3125,0.01,2,32,89,44.7,7.862522,3002160235,Epigenomics
145,9,9,771.98,35,178,8,16,1000,32.0,lenovo_thinkedge,3125,0.01,2,32,89,44.7,8.335282,3526973333,Epigenomics
145,9,9,674.28,35,178,8,16,1000,32.0,lenovo_thinkedge,3125,0.01,2,32,89,44.7,7.257779,2841228405,Epigenomics
197,9,9,946.32,47,240,8,16,1000,32.0,lenovo_thinkedge,3125,0.01,2,32,89,44.7,10.039101,5328484631,Epigenomics
197,9,9,962.48,47,244,8,16,1000,32.0,lenovo_thinkedge,3125,0.01,2,32,89,44.7,10.208518,5486002142,Epigenomics
197,9,9,953.09,47,240,8,16,1000,32.0,lenovo_thinkedge,3125,0.01,2,32,89,44.7,10.101074,4456202087,Epigenomics
197,9,9,1016.82,47,242,8,16,1000,32.0,lenovo_thinkedge,3125,0.01,2,32,89,44.7,10.794253,5604256433,Epigenomics
197,9,9,896.86,47,240,8,16,1000,32.0,lenovo_thinkedge,3125,0.01,2,32,89,44.7,9.466662,4443578805,Epigenomics
197,9,9,866.95,47,240,8,16,1000,32.0,lenovo_thinkedge,3125,0.01,2,32,89,44.7,9.118385,4745772146,Epigenomics
197,9,9,883.21,47,242,8,16,1000,32.0,lenovo_thinkedge,3125,0.01,2,32,89,44.7,9.320281,4212106539,Epigenomics
197,9,9,897.85,47,240,8,16,1000,32.0,lenovo_thinkedge,3125,0.01,2,32,89,44.7,9.471864,4693019897,Epigenomics
197,9,9,879.57,47,240,8,16,1000,32.0,lenovo_thinkedge,3125,0.01,2,32,89,44.7,9.27295,4135470854,Epigenomics
197,9,9,885.41,47,242,8,16,1000,32.0,lenovo_thinkedge,3125,0.01,2,32,89,44.7,9.362039,4795875960,Epigenomics
245,9,9,916.81,60,303,8,16,1000,32.0,lenovo_thinkedge,3125,0.01,2,32,89,44.7,9.772604,4493295138,Epigenomics
245,9,9,934.8,60,303,8,16,1000,32.0,lenovo_thinkedge,3125,0.01,2,32,89,44.7,9.966301,4309665080,Epigenomics
245,9,9,937.45,60,303,8,16,1000,32.0,lenovo_thinkedge,3125,0.01,2,32,89,44.7,9.99736,4423252913,Epigenomics
245,9,9,959.83,60,303,8,16,1000,32.0,lenovo_thinkedge,3125,0.01,2,32,89,44.7,10.287077,4633560389,Epigenomics
245,9,9,927.09,60,303,8,16,1000,32.0,lenovo_thinkedge,3125,0.01,2,32,89,44.7,9.875041,4944103625,Epigenomics
245,9,9,920.32,60,303,8,16,1000,32.0,lenovo_thinkedge,3125,0.01,2,32,89,44.7,9.831355,4791778463,Epigenomics
245,9,9,941.91,60,303,8,16,1000,32.0,lenovo_thinkedge,3125,0.01,2,32,89,44.7,10.041805,4807410488,Epigenomics
245,9,9,896.44,60,303,8,16,1000,32.0,lenovo_thinkedge,3125,0.01,2,32,89,44.7,9.553586,4398663824,Epigenomics
245,9,9,918.38,60,303,8,16,1000,32.0,lenovo_thinkedge,3125,0.01,2,32,89,44.7,9.774952,4414198472,Epigenomics
245,9,9,930.56,60,303,8,16,1000,32.0,lenovo_thinkedge,3125,0.01,2,32,89,44.7,9.933885,4671663313,Epigenomics
297,9,9,1183.89,71,362,8,16,1000,32.0,lenovo_thinkedge,3125,0.01,2,32,89,44.7,12.371164,7351385092,Epigenomics
295,9,9,1193.63,71,367,8,16,1000,32.0,lenovo_thinkedge,3125,0.01,2,32,89,44.7,12.544995,7305206116,Epigenomics
295,9,9,1156.61,71,369,8,16,1000,32.0,lenovo_thinkedge,3125,0.01,2,32,89,44.7,12.140066,6966502802,Epigenomics
297,9,9,1214.83,71,366,8,16,1000,32.0,lenovo_thinkedge,3125,0.01,2,32,89,44.7,12.694206,7717920184,Epigenomics
295,9,9,1151.18,71,361,8,16,1000,32.0,lenovo_thinkedge,3125,0.01,2,32,89,44.7,12.051256,6821136254,Epigenomics
297,9,9,1141.45,71,366,8,16,1000,32.0,lenovo_thinkedge,3125,0.01,2,32,89,44.7,11.878048,7015879475,Epigenomics
297,9,9,1223.28,71,362,8,16,1000,32.0,lenovo_thinkedge,3125,0.01,2,32,89,44.7,12.753581,6983393054,Epigenomics
295,9,9,1159.9,71,365,8,16,1000,32.0,lenovo_thinkedge,3125,0.01,2,32,89,44.7,12.122261,6595093222,Epigenomics
297,9,9,1207.5,71,366,8,16,1000,32.0,lenovo_thinkedge,3125,0.01,2,32,89,44.7,12.610923,6724500379,Epigenomics
297,9,9,1169.79,71,368,8,16,1000,32.0,lenovo_thinkedge,3125,0.01,2,32,89,44.7,12.182497,6901352326,Epigenomics
395,9,9,1428.77,95,503,8,16,1000,32.0,lenovo_thinkedge,3125,0.01,2,32,89,44.7,14.883027,8377909193,Epigenomics
397,9,9,1447.97,96,495,8,16,1000,32.0,lenovo_thinkedge,3125,0.01,2,32,89,44.7,15.145399,8893126879,Epigenomics
397,9,9,1496.5,95,500,8,16,1000,32.0,lenovo_thinkedge,3125,0.01,2,32,89,44.7,15.526209,9527295017,Epigenomics
395,9,9,1514.67,94,482,8,16,1000,32.0,lenovo_thinkedge,3125,0.01,2,32,89,44.7,15.678513,9935688074,Epigenomics
395,9,9,1465.18,95,511,8,16,1000,32.0,lenovo_thinkedge,3125,0.01,2,32,89,44.7,15.278728,8178631162,Epigenomics
395,9,9,1376.11,95,491,8,16,1000,32.0,lenovo_thinkedge,3125,0.01,2,32,89,44.7,14.303317,8751518798,Epigenomics
397,9,9,1493.87,95,492,8,16,1000,32.0,lenovo_thinkedge,3125,0.01,2,32,89,44.7,15.470074,9272089209,Epigenomics
395,9,9,1474.85,95,503,8,16,1000,32.0,lenovo_thinkedge,3125,0.01,2,32,89,44.7,15.345775,9209147361,Epigenomics
397,9,9,1549.83,95,510,8,16,1000,32.0,lenovo_thinkedge,3125,0.01,2,32,89,44.7,16.12569,9116875201,Epigenomics
397,9,9,1383.93,96,495,8,16,1000,32.0,lenovo_thinkedge,3125,0.01,2,32,89,44.7,14.436978,8321092424,Epigenomics
495,9,9,1658.64,120,608,8,16,1000,32.0,lenovo_thinkedge,3125,0.01,2,32,89,44.7,17.267644,9929525618,Epigenomics
495,9,9,1671.95,120,608,8,16,1000,32.0,lenovo_thinkedge,3125,0.01,2,32,89,44.7,17.425522,10937776830,Epigenomics
495,9,9,1639.74,120,608,8,16,1000,32.0,lenovo_thinkedge,3125,0.01,2,32,89,44.7,17.066176,10587267546,Epigenomics
495,9,9,1619.09,120,608,8,16,1000,32.0,lenovo_thinkedge,3125,0.01,2,32,89,44.7,16.781366,11442416052,Epigenomics
495,9,9,1629.41,120,610,8,16,1000,32.0,lenovo_thinkedge,3125,0.01,2,32,89,44.7,16.89357,10724815526,Epigenomics
495,9,9,1660.35,120,608,8,16,1000,32.0,lenovo_thinkedge,3125,0.01,2,32,89,44.7,17.22892,10550890828,Epigenomics
495,9,9,1650.29,120,608,8,16,1000,32.0,lenovo_thinkedge,3125,0.01,2,32,89,44.7,17.142945,11313166231,Epigenomics
495,9,9,1674.31,120,608,8,16,1000,32.0,lenovo_thinkedge,3125,0.01,2,32,89,44.7,17.428889,10681718624,Epigenomics
495,9,9,1606.16,120,608,8,16,1000,32.0,lenovo_thinkedge,3125,0.01,2,32,89,44.7,16.710026,10815332890,Epigenomics
495,9,9,1719.37,120,608,8,16,1000,32.0,lenovo_thinkedge,3125,0.01,2,32,89,44.7,17.919322,10356720713,Epigenomics
695,9,9,2124.32,169,863,8,16,1000,32.0,lenovo_thinkedge,3125,0.01,2,32,89,44.7,22.032622,15540842714,Epigenomics
695,9,9,2138.99,169,855,8,16,1000,32.0,lenovo_thinkedge,3125,0.01,2,32,89,44.7,22.187722,15266893918,Epigenomics
697,9,9,2214.87,169,858,8,16,1000,32.0,lenovo_thinkedge,3125,0.01,2,32,89,44.7,22.86362,15268599506,Epigenomics
695,9,9,2173.94,169,859,8,16,1000,32.0,lenovo_thinkedge,3125,0.01,2,32,89,44.7,22.543478,16053795455,Epigenomics
695,9,9,2165.56,169,857,8,16,1000,32.0,lenovo_thinkedge,3125,0.01,2,32,89,44.7,22.416306,15185872040,Epigenomics
695,9,9,2176.06,169,857,8,16,1000,32.0,lenovo_thinkedge,3125,0.01,2,32,89,44.7,22.544204,16193097686,Epigenomics
697,9,9,2134.14,170,861,8,16,1000,32.0,lenovo_thinkedge,3125,0.01,2,32,89,44.7,22.185898,14524426607,Epigenomics
697,9,9,2129.82,170,867,8,16,1000,32.0,lenovo_thinkedge,3125,0.01,2,32,89,44.7,22.08819,14201379059,Epigenomics
697,9,9,2070.78,170,865,8,16,1000,32.0,lenovo_thinkedge,3125,0.01,2,32,89,44.7,21.460218,14189353781,Epigenomics
695,9,9,2127.45,169,855,8,16,1000,32.0,lenovo_thinkedge,3125,0.01,2,32,89,44.7,22.035739,15856579235,Epigenomics
997,9,9,2741.78,245,1234,8,16,1000,32.0,lenovo_thinkedge,3125,0.01,2,32,89,44.7,28.436694,18724276683,Epigenomics
997,9,9,2812.69,245,1236,8,16,1000,32.0,lenovo_thinkedge,3125,0.01,2,32,89,44.7,29.262646,18678027594,Epigenomics
997,9,9,2756.81,245,1234,8,16,1000,32.0,lenovo_thinkedge,3125,0.01,2,32,89,44.7,28.590955,18312905821,Epigenomics
997,9,9,2712.16,245,1234,8,16,1000,32.0,lenovo_thinkedge,3125,0.01,2,32,89,44.7,28.191364,19428000150,Epigenomics
997,9,9,2682.57,245,1234,8,16,1000,32.0,lenovo_thinkedge,3125,0.01,2,32,89,44.7,27.808615,18950576085,Epigenomics
997,9,9,2893.41,245,1236,8,16,1000,32.0,lenovo_thinkedge,3125,0.01,2,32,89,44.7,30.216211,19800591352,Epigenomics
997,9,9,2745.82,245,1240,8,16,1000,32.0,lenovo_thinkedge,3125,0.01,2,32,89,44.7,28.549706,19849129738,Epigenomics
995,9,9,2714.96,245,1233,8,16,1000,32.0,lenovo_thinkedge,3125,0.01,2,32,89,44.7,28.264275,18017072686,Epigenomics
997,9,9,2685.9,245,1234,8,16,1000,32.0,lenovo_thinkedge,3125,0.01,2,32,89,44.7,27.956422,19229265978,Epigenomics
997,9,9,2751.23,245,1234,8,16,1000,32.0,lenovo_thinkedge,3125,0.01,2,32,89,44.7,28.587564,19700734155,Epigenomics
96,11,11,21041.42,50,194,12,16,1000,32.0,lenovo_thinkedge,3125,0.01,2,32,89,44.7,232.657875,229465312212,Soykb
96,11,11,21016.25,50,194,12,16,1000,32.0,lenovo_thinkedge,3125,0.01,2,32,89,44.7,232.603577,229465248135,Soykb
96,11,11,21067.08,50,194,12,16,1000,32.0,lenovo_thinkedge,3125,0.01,2,32,89,44.7,232.935248,229465265666,Soykb
96,11,11,21104.56,50,194,12,16,1000,32.0,lenovo_thinkedge,3125,0.01,2,32,89,44.7,233.377407,229465259798,Soykb
96,11,11,21053.8,50,194,12,16,1000,32.0,lenovo_thinkedge,3125,0.01,2,32,89,44.7,233.249156,229465202975,Soykb
96,11,11,21023.46,50,194,12,16,1000,32.0,lenovo_thinkedge,3125,0.01,2,32,89,44.7,232.507999,229465320247,Soykb
96,11,11,20958.33,50,194,12,16,1000,32.0,lenovo_thinkedge,3125,0.01,2,32,89,44.7,231.911558,229465449286,Soykb
96,11,11,21063.64,50,194,12,16,1000,32.0,lenovo_thinkedge,3125,0.01,2,32,89,44.7,232.56523,229465389698,Soykb
96,11,11,21050.16,50,194,12,16,1000,32.0,lenovo_thinkedge,3125,0.01,2,32,89,44.7,232.738414,229465183767,Soykb
96,11,11,21036.72,50,194,12,16,1000,32.0,lenovo_thinkedge,3125,0.01,2,32,89,44.7,232.838099,229465345325,Soykb
144,11,11,31002.38,80,302,12,16,1000,32.0,lenovo_thinkedge,3125,0.01,2,32,89,44.7,343.167345,340142835109,Soykb
146,11,11,32262.88,85,320,12,16,1000,32.0,lenovo_thinkedge,3125,0.01,2,32,89,44.7,357.18784,353878969294,Soykb
144,11,11,31065.43,80,302,12,16,1000,32.0,lenovo_thinkedge,3125,0.01,2,32,89,44.7,343.620777,340142739202,Soykb
146,11,11,32260.63,85,320,12,16,1000,32.0,lenovo_thinkedge,3125,0.01,2,32,89,44.7,357.322505,353879146478,Soykb
146,11,11,32263.37,85,320,12,16,1000,32.0,lenovo_thinkedge,3125,0.01,2,32,89,44.7,356.789029,353879026974,Soykb
146,11,11,32304.2,85,320,12,16,1000,32.0,lenovo_thinkedge,3125,0.01,2,32,89,44.7,357.551446,353878801921,Soykb
146,11,11,32232.41,85,320,12,16,1000,32.0,lenovo_thinkedge,3125,0.01,2,32,89,44.7,356.710851,353878764740,Soykb
146,11,11,32265.83,85,320,12,16,1000,32.0,lenovo_thinkedge,3125,0.01,2,32,89,44.7,357.306646,353878904756,Soykb
146,11,11,32238.43,85,320,12,16,1000,32.0,lenovo_thinkedge,3125,0.01,2,32,89,44.7,356.813586,353878851137,Soykb
144,11,11,31038.8,80,302,12,16,1000,32.0,lenovo_thinkedge,3125,0.01,2,32,89,44.7,343.427597,340142823543,Soykb
196,11,11,43477.84,120,458,12,16,1000,32.0,lenovo_thinkedge,3125,0.01,2,32,89,44.7,481.15193,478292693848,Soykb
196,11,11,43309.07,120,458,12,16,1000,32.0,lenovo_thinkedge,3125,0.01,2,32,89,44.7,479.459164,478292742029,Soykb
194,11,11,42215.59,115,437,12,16,1000,32.0,lenovo_thinkedge,3125,0.01,2,32,89,44.7,467.820518,464556498672,Soykb
196,11,11,43439.95,120,458,12,16,1000,32.0,lenovo_thinkedge,3125,0.01,2,32,89,44.7,481.006249,478292775545,Soykb
198,11,11,44593.01,125,473,12,16,1000,32.0,lenovo_thinkedge,3125,0.01,2,32,89,44.7,494.265532,492028744781,Soykb
196,11,11,43464.46,120,458,12,16,1000,32.0,lenovo_thinkedge,3125,0.01,2,32,89,44.7,481.117655,478292835559,Soykb
196,11,11,43413.43,120,458,12,16,1000,32.0,lenovo_thinkedge,3125,0.01,2,32,89,44.7,480.876861,478292589367,Soykb
196,11,11,43482.04,120,458,12,16,1000,32.0,lenovo_thinkedge,3125,0.01,2,32,89,44.7,481.215307,478292603173,Soykb
194,11,11,42223.86,115,437,12,16,1000,32.0,lenovo_thinkedge,3125,0.01,2,32,89,44.7,467.422727,464556654797,Soykb
194,11,11,42272.47,115,437,12,16,1000,32.0,lenovo_thinkedge,3125,0.01,2,32,89,44.7,467.827053,464556421486,Soykb
246,11,11,53246.5,150,550,12,16,1000,32.0,lenovo_thinkedge,3125,0.01,2,32,89,44.7,589.756414,586484819849,Soykb
247,11,11,54773.63,160,570,12,16,1000,32.0,lenovo_thinkedge,3125,0.01,2,32,89,44.7,606.845074,605518877618,Soykb
241,11,11,52653.78,150,545,12,16,1000,32.0,lenovo_thinkedge,3125,0.01,2,32,89,44.7,583.281681,580531906196,Soykb
246,11,11,53280.44,150,550,12,16,1000,32.0,lenovo_thinkedge,3125,0.01,2,32,89,44.7,589.696966,586484747313,Soykb
241,11,11,52722.66,150,545,12,16,1000,32.0,lenovo_thinkedge,3125,0.01,2,32,89,44.7,583.514063,580531758226,Soykb
240,11,11,51002.39,140,518,12,16,1000,32.0,lenovo_thinkedge,3125,0.01,2,32,89,44.7,564.465242,561498293927,Soykb
247,11,11,54841.19,160,570,12,16,1000,32.0,lenovo_thinkedge,3125,0.01,2,32,89,44.7,607.661763,605518885851,Soykb
242,11,11,54359.83,160,560,12,16,1000,32.0,lenovo_thinkedge,3125,0.01,2,32,89,44.7,602.155524,599566018875,Soykb
247,11,11,54788.04,160,570,12,16,1000,32.0,lenovo_thinkedge,3125,0.01,2,32,89,44.7,606.637463,605518807980,Soykb
246,11,11,53224.7,150,550,12,16,1000,32.0,lenovo_thinkedge,3125,0.01,2,32,89,44.7,589.711078,586484820551,Soykb
296,11,11,68855.61,210,738,12,16,1000,32.0,lenovo_thinkedge,3125,0.01,2,32,89,44.7,762.138022,759562365320,Soykb
296,11,11,68826.18,210,738,12,16,1000,32.0,lenovo_thinkedge,3125,0.01,2,32,89,44.7,761.635751,759562699452,Soykb
296,11,11,68876.52,210,738,12,16,1000,32.0,lenovo_thinkedge,3125,0.01,2,32,89,44.7,762.578357,759562212012,Soykb
294,11,11,69112.58,210,742,12,16,1000,32.0,lenovo_thinkedge,3125,0.01,2,32,89,44.7,765.235213,762047710396,Soykb
296,11,11,68743.28,210,738,12,16,1000,32.0,lenovo_thinkedge,3125,0.01,2,32,89,44.7,761.239402,759562303228,Soykb
296,11,11,68926.05,210,738,12,16,1000,32.0,lenovo_thinkedge,3125,0.01,2,32,89,44.7,762.787606,759562469703,Soykb
298,11,11,68646.02,210,726,12,16,1000,32.0,lenovo_thinkedge,3125,0.01,2,32,89,44.7,760.228047,757077330081,Soykb
296,11,11,68889.19,210,738,12,16,1000,32.0,lenovo_thinkedge,3125,0.01,2,32,89,44.7,762.241521,759562319235,Soykb
298,11,11,68742.81,210,726,12,16,1000,32.0,lenovo_thinkedge,3125,0.01,2,32,89,44.7,760.363737,757076957949,Soykb
296,11,11,68885.07,210,738,12,16,1000,32.0,lenovo_thinkedge,3125,0.01,2,32,89,44.7,763.00995,759562184707,Soykb
394,11,11,90813.42,285,1002,12,16,1000,32.0,lenovo_thinkedge,3125,0.01,2,32,89,44.7,1005.65712,1002764165763,Soykb
398,11,11,92496.28,290,1046,12,16,1000,32.0,lenovo_thinkedge,3125,0.01,2,32,89,44.7,1023.784673,1022125434452,Soykb
396,11,11,92816.61,290,1058,12,16,1000,32.0,lenovo_thinkedge,3125,0.01,2,32,89,44.7,1027.675179,1024611120644,Soykb
398,11,11,92612.3,290,1046,12,16,1000,32.0,lenovo_thinkedge,3125,0.01,2,32,89,44.7,1024.896911,1022125722230,Soykb
398,11,11,92519.85,290,1046,12,16,1000,32.0,lenovo_thinkedge,3125,0.01,2,32,89,44.7,1023.758872,1022125927726,Soykb
394,11,11,90874.28,285,1002,12,16,1000,32.0,lenovo_thinkedge,3125,0.01,2,32,89,44.7,1005.796489,1002764369869,Soykb
398,11,11,94903.49,295,1078,12,16,1000,32.0,lenovo_thinkedge,3125,0.01,2,32,89,44.7,1050.61081,1046457526290,Soykb
396,11,11,92881.39,290,1058,12,16,1000,32.0,lenovo_thinkedge,3125,0.01,2,32,89,44.7,1027.875426,1024610848205,Soykb
394,11,11,90718.38,285,1002,12,16,1000,32.0,lenovo_thinkedge,3125,0.01,2,32,89,44.7,1004.464104,1002764260172,Soykb
398,11,11,92464.83,290,1046,12,16,1000,32.0,lenovo_thinkedge,3125,0.01,2,32,89,44.7,1023.633383,1022125723940,Soykb
496,11,11,111050.98,345,1238,12,16,1000,32.0,lenovo_thinkedge,3125,0.01,2,32,89,44.7,1229.646305,1224774089111,Soykb
496,11,11,110198.86,340,1230,12,16,1000,32.0,lenovo_thinkedge,3125,0.01,2,32,89,44.7,1220.119142,1216663338534,Soykb
496,11,11,110287.19,340,1230,12,16,1000,32.0,lenovo_thinkedge,3125,0.01,2,32,89,44.7,1221.228966,1216663554587,Soykb
496,11,11,110871.56,345,1238,12,16,1000,32.0,lenovo_thinkedge,3125,0.01,2,32,89,44.7,1227.842669,1224773953186,Soykb
496,11,11,110637.33,345,1238,12,16,1000,32.0,lenovo_thinkedge,3125,0.01,2,32,89,44.7,1225.546716,1224773992722,Soykb
496,11,11,107901.62,325,1194,12,16,1000,32.0,lenovo_thinkedge,3125,0.01,2,32,89,44.7,1194.717076,1192331906976,Soykb
496,11,11,110102.3,340,1230,12,16,1000,32.0,lenovo_thinkedge,3125,0.01,2,32,89,44.7,1219.408279,1216663532576,Soykb
496,11,11,109421.22,335,1220,12,16,1000,32.0,lenovo_thinkedge,3125,0.01,2,32,89,44.7,1211.95024,1208552916893,Soykb
496,11,11,112432.39,355,1248,12,16,1000,32.0,lenovo_thinkedge,3125,0.01,2,32,89,44.7,1245.299333,1240995517796,Soykb
496,11,11,109457.41,335,1220,12,16,1000,32.0,lenovo_thinkedge,3125,0.01,2,32,89,44.7,1211.974606,1208552922404,Soykb
688,11,11,153079.23,480,1826,12,16,1000,32.0,lenovo_thinkedge,3125,0.01,2,32,89,44.7,1695.289985,1691816284845,Soykb
688,11,11,155262.1,495,1856,12,16,1000,32.0,lenovo_thinkedge,3125,0.01,2,32,89,44.7,1718.946533,1716148259011,Soykb
688,11,11,156540.88,505,1866,12,16,1000,32.0,lenovo_thinkedge,3125,0.01,2,32,89,44.7,1733.698795,1732369319253,Soykb
688,11,11,151489.33,470,1796,12,16,1000,32.0,lenovo_thinkedge,3125,0.01,2,32,89,44.7,1678.959739,1675595015333,Soykb
688,11,11,155878.89,500,1862,12,16,1000,32.0,lenovo_thinkedge,3125,0.01,2,32,89,44.7,1726.503186,1724258788718,Soykb
688,11,11,153784.88,485,1838,12,16,1000,32.0,lenovo_thinkedge,3125,0.01,2,32,89,44.7,1703.192203,1699926938577,Soykb
688,11,11,151049.7,465,1778,12,16,1000,32.0,lenovo_thinkedge,3125,0.01,2,32,89,44.7,1673.032615,1667484633687,Soykb
688,11,11,155927.44,500,1862,12,16,1000,32.0,lenovo_thinkedge,3125,0.01,2,32,89,44.7,1727.023622,1724258777544,Soykb
688,11,11,154531.86,490,1848,12,16,1000,32.0,lenovo_thinkedge,3125,0.01,2,32,89,44.7,1710.941912,1708037564021,Soykb
688,11,11,155270.7,495,1856,12,16,1000,32.0,lenovo_thinkedge,3125,0.01,2,32,89,44.7,1719.637841,1716147621856,Soykb
48,3,3,4418.83,24,69,4,16,1000,32.0,lenovo_thinkedge,3125,0.01,2,32,89,44.7,44.859268,21582549106,Srasearch
48,3,3,4602.54,24,69,4,16,1000,32.0,lenovo_thinkedge,3125,0.01,2,32,89,44.7,47.35352,22876692247,Srasearch
48,3,3,8193.13,24,69,4,16,1000,32.0,lenovo_thinkedge,3125,0.01,2,32,89,44.7,85.56627,17000145272,Srasearch
48,3,3,4232.79,24,69,4,16,1000,32.0,lenovo_thinkedge,3125,0.01,2,32,89,44.7,43.313054,20854273778,Srasearch
48,3,3,4425.54,24,69,4,16,1000,32.0,lenovo_thinkedge,3125,0.01,2,32,89,44.7,45.191159,21892937426,Srasearch
48,3,3,4489.14,24,69,4,16,1000,32.0,lenovo_thinkedge,3125,0.01,2,32,89,44.7,47.544534,23069596928,Srasearch
48,3,3,4455.43,24,69,4,16,1000,32.0,lenovo_thinkedge,3125,0.01,2,32,89,44.7,47.159096,22724421244,Srasearch
48,3,3,4459.69,24,69,4,16,1000,32.0,lenovo_thinkedge,3125,0.01,2,32,89,44.7,46.574425,22568394908,Srasearch
48,3,3,4368.12,24,69,4,16,1000,32.0,lenovo_thinkedge,3125,0.01,2,32,89,44.7,45.085732,21724531323,Srasearch
48,3,3,5127.5,24,69,4,16,1000,32.0,lenovo_thinkedge,3125,0.01,2,32,89,44.7,52.884865,25698220084,Srasearch
98,4,4,9780.86,47,142,4,16,1000,32.0,lenovo_thinkedge,3125,0.01,2,32,89,44.7,101.151744,49763326950,Srasearch
97,4,4,9503.02,46,140,4,16,1000,32.0,lenovo_thinkedge,3125,0.01,2,32,89,44.7,97.306146,47906130246,Srasearch
98,4,4,9363.8,47,142,4,16,1000,32.0,lenovo_thinkedge,3125,0.01,2,32,89,44.7,95.228301,46741310813,Srasearch
98,4,4,8253.23,47,143,4,16,1000,32.0,lenovo_thinkedge,3125,0.01,2,32,89,44.7,84.747483,41665910330,Srasearch
98,4,4,9761.22,47,142,4,16,1000,32.0,lenovo_thinkedge,3125,0.01,2,32,89,44.7,101.181702,49711939291,Srasearch
98,4,4,9681.62,47,142,4,16,1000,32.0,lenovo_thinkedge,3125,0.01,2,32,89,44.7,100.829253,49706293577,Srasearch
98,4,4,10065.1,47,144,4,16,1000,32.0,lenovo_thinkedge,3125,0.01,2,32,89,44.7,104.723295,51538691016,Srasearch
98,4,4,9464.8,47,142,4,16,1000,32.0,lenovo_thinkedge,3125,0.01,2,32,89,44.7,98.580873,48538657855,Srasearch
97,4,4,8232.86,46,140,4,16,1000,32.0,lenovo_thinkedge,3125,0.01,2,32,89,44.7,84.79518,41684928403,Srasearch
98,4,4,8687.6,47,143,4,16,1000,32.0,lenovo_thinkedge,3125,0.01,2,32,89,44.7,86.201484,42393396523,Srasearch
147,4,4,13111.44,71,217,4,16,1000,32.0,lenovo_thinkedge,3125,0.01,2,32,89,44.7,134.073858,66205989958,Srasearch
147,4,4,16070.61,71,216,4,16,1000,32.0,lenovo_thinkedge,3125,0.01,2,32,89,44.7,164.729653,71665189682,Srasearch
147,4,4,12487.26,71,216,4,16,1000,32.0,lenovo_thinkedge,3125,0.01,2,32,89,44.7,127.361403,62967918518,Srasearch
148,4,4,14039.37,71,216,4,16,1000,32.0,lenovo_thinkedge,3125,0.01,2,32,89,44.7,144.60744,71552857654,Srasearch
147,4,4,12248.07,71,220,4,16,1000,32.0,lenovo_thinkedge,3125,0.01,2,32,89,44.7,125.475672,62015089381,Srasearch
148,4,4,13815.01,71,216,4,16,1000,32.0,lenovo_thinkedge,3125,0.01,2,32,89,44.7,141.29957,69762440935,Srasearch
148,4,4,13367.3,72,223,4,16,1000,32.0,lenovo_thinkedge,3125,0.01,2,32,89,44.7,137.772094,68033438292,Srasearch
147,4,4,13169.98,71,216,4,16,1000,32.0,lenovo_thinkedge,3125,0.01,2,32,89,44.7,135.142475,66724727737,Srasearch
147,4,4,15885.98,71,220,4,16,1000,32.0,lenovo_thinkedge,3125,0.01,2,32,89,44.7,166.151825,82159578556,Srasearch
147,4,4,13186.96,71,217,4,16,1000,32.0,lenovo_thinkedge,3125,0.01,2,32,89,44.7,133.40842,65984662839,Srasearch
198,4,4,18526.15,96,296,4,16,1000,32.0,lenovo_thinkedge,3125,0.01,2,32,89,44.7,188.679373,93436587548,Srasearch
198,4,4,17951.96,96,294,4,16,1000,32.0,lenovo_thinkedge,3125,0.01,2,32,89,44.7,183.917066,91221913623,Srasearch
198,4,4,19555.86,96,294,4,16,1000,32.0,lenovo_thinkedge,3125,0.01,2,32,89,44.7,201.965129,100186922983,Srasearch
198,4,4,16803.48,96,293,4,16,1000,32.0,lenovo_thinkedge,3125,0.01,2,32,89,44.7,171.588957,84908228279,Srasearch
198,4,4,17345.32,96,294,4,16,1000,32.0,lenovo_thinkedge,3125,0.01,2,32,89,44.7,176.806586,87685656087,Srasearch
198,4,4,18139.23,96,295,4,16,1000,32.0,lenovo_thinkedge,3125,0.01,2,32,89,44.7,183.721306,90866709197,Srasearch
198,4,4,19074.07,96,292,4,16,1000,32.0,lenovo_thinkedge,3125,0.01,2,32,89,44.7,196.478235,97485045264,Srasearch
198,4,4,18146.29,96,291,4,16,1000,32.0,lenovo_thinkedge,3125,0.01,2,32,89,44.7,187.071372,92710213538,Srasearch
197,4,4,18075.86,96,298,4,16,1000,32.0,lenovo_thinkedge,3125,0.01,2,32,89,44.7,187.036162,92368471130,Srasearch
198,4,4,18139.97,96,296,4,16,1000,32.0,lenovo_thinkedge,3125,0.01,2,32,89,44.7,184.91207,91667835666,Srasearch
248,4,4,23715.94,119,368,4,16,1000,32.0,lenovo_thinkedge,3125,0.01,2,32,89,44.7,245.278006,121808870343,Srasearch
248,4,4,24879.98,121,377,4,16,1000,32.0,lenovo_thinkedge,3125,0.01,2,32,89,44.7,254.813301,126464668677,Srasearch
248,4,4,23989.81,119,372,4,16,1000,32.0,lenovo_thinkedge,3125,0.01,2,32,89,44.7,248.175978,123226188540,Srasearch
248,4,4,23658.93,121,372,4,16,1000,32.0,lenovo_thinkedge,3125,0.01,2,32,89,44.7,240.349276,119376358778,Srasearch
248,4,4,22239.02,118,365,4,16,1000,32.0,lenovo_thinkedge,3125,0.01,2,32,89,44.7,227.071215,112647488231,Srasearch
247,4,4,24742.29,118,364,4,16,1000,32.0,lenovo_thinkedge,3125,0.01,2,32,89,44.7,253.709354,126062434970,Srasearch
247,4,4,22273.86,120,368,4,16,1000,32.0,lenovo_thinkedge,3125,0.01,2,32,89,44.7,229.137372,113681081656,Srasearch
248,4,4,23207.97,118,398,4,16,1000,32.0,lenovo_thinkedge,3125,0.01,2,32,89,44.7,234.868708,116542301080,Srasearch
247,4,4,22658.2,119,377,4,16,1000,32.0,lenovo_thinkedge,3125,0.01,2,32,89,44.7,231.350375,114822632019,Srasearch
248,4,4,21730.37,119,376,4,16,1000,32.0,lenovo_thinkedge,3125,0.01,2,32,89,44.7,222.349666,110307999779,Srasearch
297,4,4,26714.24,143,453,4,16,1000,32.0,lenovo_thinkedge,3125,0.01,2,32,89,44.7,272.771302,135644350286,Srasearch
297,4,4,28863.28,142,451,4,16,1000,32.0,lenovo_thinkedge,3125,0.01,2,32,89,44.7,297.916474,148219585719,Srasearch
298,4,4,26545.9,145,446,4,16,1000,32.0,lenovo_thinkedge,3125,0.01,2,32,89,44.7,271.268023,134750423963,Srasearch
297,4,4,28310.4,145,447,4,16,1000,32.0,lenovo_thinkedge,3125,0.01,2,32,89,44.7,290.227242,144341868317,Srasearch
297,4,4,27962.86,142,447,4,16,1000,32.0,lenovo_thinkedge,3125,0.01,2,32,89,44.7,288.456564,143341596105,Srasearch
298,4,4,26977.14,144,459,4,16,1000,32.0,lenovo_thinkedge,3125,0.01,2,32,89,44.7,277.251719,137801791329,Srasearch
297,4,4,25908.06,143,446,4,16,1000,32.0,lenovo_thinkedge,3125,0.01,2,32,89,44.7,264.714022,131512645302,Srasearch
297,4,4,27909.47,145,451,4,16,1000,32.0,lenovo_thinkedge,3125,0.01,2,32,89,44.7,286.812702,142444075274,Srasearch
298,4,4,27972.0,142,457,4,16,1000,32.0,lenovo_thinkedge,3125,0.01,2,32,89,44.7,288.873256,143538761335,Srasearch
297,4,4,26996.58,143,444,4,16,1000,32.0,lenovo_thinkedge,3125,0.01,2,32,89,44.7,278.980743,138595164993,Srasearch
398,4,4,37160.27,193,634,4,16,1000,32.0,lenovo_thinkedge,3125,0.01,2,32,89,44.7,378.018592,188034236232,Srasearch
397,4,4,35484.22,191,614,4,16,1000,32.0,lenovo_thinkedge,3125,0.01,2,32,89,44.7,363.744391,181019513202,Srasearch
398,4,4,39213.81,193,619,4,16,1000,32.0,lenovo_thinkedge,3125,0.01,2,32,89,44.7,403.081107,199342975735,Srasearch
398,4,4,38060.09,193,608,4,16,1000,32.0,lenovo_thinkedge,3125,0.01,2,32,89,44.7,390.317242,194268302659,Srasearch
397,4,4,35470.29,192,598,4,16,1000,32.0,lenovo_thinkedge,3125,0.01,2,32,89,44.7,363.899047,181029639388,Srasearch
397,4,4,36458.05,193,640,4,16,1000,32.0,lenovo_thinkedge,3125,0.01,2,32,89,44.7,374.288457,186326065133,Srasearch
397,4,4,35790.3,193,629,4,16,1000,32.0,lenovo_thinkedge,3125,0.01,2,32,89,44.7,368.878252,183537312169,Srasearch
397,4,4,34394.94,190,611,4,16,1000,32.0,lenovo_thinkedge,3125,0.01,2,32,89,44.7,353.697252,176099888515,Srasearch
397,4,4,35187.59,191,633,4,16,1000,32.0,lenovo_thinkedge,3125,0.01,2,32,89,44.7,360.762831,179554960368,Srasearch
397,4,4,35883.65,191,630,4,16,1000,32.0,lenovo_thinkedge,3125,0.01,2,32,89,44.7,370.519326,184434314793,Srasearch
497,4,4,46393.73,242,780,4,16,1000,32.0,lenovo_thinkedge,3125,0.01,2,32,89,44.7,473.506273,235874590584,Srasearch
498,4,4,48194.22,242,768,4,16,1000,32.0,lenovo_thinkedge,3125,0.01,2,32,89,44.7,499.147391,248711718542,Srasearch
498,4,4,46943.81,240,817,4,16,1000,32.0,lenovo_thinkedge,3125,0.01,2,32,89,44.7,481.150198,239567538764,Srasearch
498,4,4,46169.82,239,798,4,16,1000,32.0,lenovo_thinkedge,3125,0.01,2,32,89,44.7,474.661433,236454776481,Srasearch
498,4,4,45995.56,242,784,4,16,1000,32.0,lenovo_thinkedge,3125,0.01,2,32,89,44.7,472.679889,235581637918,Srasearch
497,4,4,45597.06,241,812,4,16,1000,32.0,lenovo_thinkedge,3125,0.01,2,32,89,44.7,470.530967,234396784148,Srasearch
498,4,4,44810.04,239,788,4,16,1000,32.0,lenovo_thinkedge,3125,0.01,2,32,89,44.7,458.106333,228095154644,Srasearch
497,4,4,43685.62,239,792,4,16,1000,32.0,lenovo_thinkedge,3125,0.01,2,32,89,44.7,444.310223,221276765062,Srasearch
498,4,4,46185.19,242,811,4,16,1000,32.0,lenovo_thinkedge,3125,0.01,2,32,89,44.7,473.347142,235704711233,Srasearch
498,4,4,47686.65,242,841,4,16,1000,32.0,lenovo_thinkedge,3125,0.01,2,32,89,44.7,492.526979,245514614744,Srasearch
698,4,4,63828.44,336,1080,4,16,1000,32.0,lenovo_thinkedge,3125,0.01,2,32,89,44.7,655.352413,326513540880,Srasearch
698,4,4,66672.82,338,1115,4,16,1000,32.0,lenovo_thinkedge,3125,0.01,2,32,89,44.7,686.732728,342503637822,Srasearch
697,4,4,64969.27,339,1115,4,16,1000,32.0,lenovo_thinkedge,3125,0.01,2,32,89,44.7,664.234083,331348061036,Srasearch
697,4,4,65794.71,337,1114,4,16,1000,32.0,lenovo_thinkedge,3125,0.01,2,32,89,44.7,676.172386,337239412911,Srasearch
697,4,4,65176.18,336,1074,4,16,1000,32.0,lenovo_thinkedge,3125,0.01,2,32,89,44.7,668.274308,333245414567,Srasearch
698,4,4,66151.71,341,1120,4,16,1000,32.0,lenovo_thinkedge,3125,0.01,2,32,89,44.7,682.329777,340064271013,Srasearch
698,4,4,67116.13,338,1090,4,16,1000,32.0,lenovo_thinkedge,3125,0.01,2,32,89,44.7,685.202574,341662872681,Srasearch
697,4,4,64297.76,337,1103,4,16,1000,32.0,lenovo_thinkedge,3125,0.01,2,32,89,44.7,660.475798,329426571802,Srasearch
698,4,4,66922.36,337,1098,4,16,1000,32.0,lenovo_thinkedge,3125,0.01,2,32,89,44.7,688.023917,343122809376,Srasearch
697,4,4,64117.27,337,1119,4,16,1000,32.0,lenovo_thinkedge,3125,0.01,2,32,89,44.7,655.195269,326508413451,Srasearch
997,4,4,93806.65,484,1687,4,16,1000,32.0,lenovo_thinkedge,3125,0.01,2,32,89,44.7,963.764847,480971320036,Srasearch
998,4,4,92507.64,484,1732,4,16,1000,32.0,lenovo_thinkedge,3125,0.01,2,32,89,44.7,949.119783,473640018492,Srasearch
997,4,4,91688.99,483,1651,4,16,1000,32.0,lenovo_thinkedge,3125,0.01,2,32,89,44.7,937.653947,467889963849,Srasearch
997,4,4,93495.36,478,1697,4,16,1000,32.0,lenovo_thinkedge,3125,0.01,2,32,89,44.7,959.250505,478818439433,Srasearch
997,4,4,93984.97,482,1634,4,16,1000,32.0,lenovo_thinkedge,3125,0.01,2,32,89,44.7,969.479712,483800666916,Srasearch
998,4,4,94018.34,485,1630,4,16,1000,32.0,lenovo_thinkedge,3125,0.01,2,32,89,44.7,968.100883,483106351238,Srasearch
998,4,4,93700.35,484,1878,4,16,1000,32.0,lenovo_thinkedge,3125,0.01,2,32,89,44.7,963.752139,480909317092,Srasearch
997,4,4,89460.82,482,1666,4,16,1000,32.0,lenovo_thinkedge,3125,0.01,2,32,89,44.7,917.594356,457934289439,Srasearch
997,4,4,87681.15,482,1710,4,16,1000,32.0,lenovo_thinkedge,3125,0.01,2,32,89,44.7,898.66794,448534190732,Srasearch
997,4,4,92898.84,485,1695,4,16,1000,32.0,lenovo_thinkedge,3125,0.01,2,32,89,44.7,949.785167,473834159310,Srasearch
63,1,1,2.06,63,0,1,16,1000,32.0,lenovo_thinkedge,3125,0.01,2,32,89,44.7,0.020216,0,Rnaseq
63,1,1,2.06,63,0,1,16,1000,32.0,lenovo_thinkedge,3125,0.01,2,32,89,44.7,0.020216,0,Rnaseq
63,1,1,2.06,63,0,1,16,1000,32.0,lenovo_thinkedge,3125,0.01,2,32,89,44.7,0.020216,0,Rnaseq
63,1,1,2.06,63,0,1,16,1000,32.0,lenovo_thinkedge,3125,0.01,2,32,89,44.7,0.020216,0,Rnaseq
63,1,1,2.06,63,0,1,16,1000,32.0,lenovo_thinkedge,3125,0.01,2,32,89,44.7,0.020216,0,Rnaseq
63,1,1,2.06,63,0,1,16,1000,32.0,lenovo_thinkedge,3125,0.01,2,32,89,44.7,0.020216,0,Rnaseq
63,1,1,2.06,63,0,1,16,1000,32.0,lenovo_thinkedge,3125,0.01,2,32,89,44.7,0.020216,0,Rnaseq
63,1,1,2.06,63,0,1,16,1000,32.0,lenovo_thinkedge,3125,0.01,2,32,89,44.7,0.020216,0,Rnaseq
63,1,1,2.06,63,0,1,16,1000,32.0,lenovo_thinkedge,3125,0.01,2,32,89,44.7,0.020216,0,Rnaseq
63,1,1,2.06,63,0,1,16,1000,32.0,lenovo_thinkedge,3125,0.01,2,32,89,44.7,0.020216,0,Rnaseq
126,1,1,2.5,126,0,1,16,1000,32.0,lenovo_thinkedge,3125,0.01,2,32,89,44.7,0.022403,0,Rnaseq
126,1,1,2.5,126,0,1,16,1000,32.0,lenovo_thinkedge,3125,0.01,2,32,89,44.7,0.022403,0,Rnaseq
126,1,1,2.5,126,0,1,16,1000,32.0,lenovo_thinkedge,3125,0.01,2,32,89,44.7,0.022403,0,Rnaseq
126,1,1,2.5,126,0,1,16,1000,32.0,lenovo_thinkedge,3125,0.01,2,32,89,44.7,0.022403,0,Rnaseq
126,1,1,2.5,126,0,1,16,1000,32.0,lenovo_thinkedge,3125,0.01,2,32,89,44.7,0.022403,0,Rnaseq
126,1,1,2.5,126,0,1,16,1000,32.0,lenovo_thinkedge,3125,0.01,2,32,89,44.7,0.022403,0,Rnaseq
126,1,1,2.5,126,0,1,16,1000,32.0,lenovo_thinkedge,3125,0.01,2,32,89,44.7,0.022403,0,Rnaseq
126,1,1,2.5,126,0,1,16,1000,32.0,lenovo_thinkedge,3125,0.01,2,32,89,44.7,0.022403,0,Rnaseq
126,1,1,2.5,126,0,1,16,1000,32.0,lenovo_thinkedge,3125,0.01,2,32,89,44.7,0.022403,0,Rnaseq
126,1,1,2.5,126,0,1,16,1000,32.0,lenovo_thinkedge,3125,0.01,2,32,89,44.7,0.022403,0,Rnaseq
189,1,1,2.95,189,0,1,16,1000,32.0,lenovo_thinkedge,3125,0.01,2,32,89,44.7,0.024591,0,Rnaseq
189,1,1,2.95,189,0,1,16,1000,32.0,lenovo_thinkedge,3125,0.01,2,32,89,44.7,0.024591,0,Rnaseq
189,1,1,2.95,189,0,1,16,1000,32.0,lenovo_thinkedge,3125,0.01,2,32,89,44.7,0.024591,0,Rnaseq
189,1,1,2.95,189,0,1,16,1000,32.0,lenovo_thinkedge,3125,0.01,2,32,89,44.7,0.024591,0,Rnaseq
189,1,1,2.95,189,0,1,16,1000,32.0,lenovo_thinkedge,3125,0.01,2,32,89,44.7,0.024591,0,Rnaseq
189,1,1,2.95,189,0,1,16,1000,32.0,lenovo_thinkedge,3125,0.01,2,32,89,44.7,0.024591,0,Rnaseq
189,1,1,2.95,189,0,1,16,1000,32.0,lenovo_thinkedge,3125,0.01,2,32,89,44.7,0.024591,0,Rnaseq
189,1,1,2.95,189,0,1,16,1000,32.0,lenovo_thinkedge,3125,0.01,2,32,89,44.7,0.024591,0,Rnaseq
189,1,1,2.95,189,0,1,16,1000,32.0,lenovo_thinkedge,3125,0.01,2,32,89,44.7,0.024591,0,Rnaseq
189,1,1,2.95,189,0,1,16,1000,32.0,lenovo_thinkedge,3125,0.01,2,32,89,44.7,0.024591,0,Rnaseq
189,1,1,2.95,189,0,1,16,1000,32.0,lenovo_thinkedge,3125,0.01,2,32,89,44.7,0.024591,0,Rnaseq
189,1,1,2.95,189,0,1,16,1000,32.0,lenovo_thinkedge,3125,0.01,2,32,89,44.7,0.024591,0,Rnaseq
189,1,1,2.95,189,0,1,16,1000,32.0,lenovo_thinkedge,3125,0.01,2,32,89,44.7,0.024591,0,Rnaseq
189,1,1,2.95,189,0,1,16,1000,32.0,lenovo_thinkedge,3125,0.01,2,32,89,44.7,0.024591,0,Rnaseq
189,1,1,2.95,189,0,1,16,1000,32.0,lenovo_thinkedge,3125,0.01,2,32,89,44.7,0.024591,0,Rnaseq
189,1,1,2.95,189,0,1,16,1000,32.0,lenovo_thinkedge,3125,0.01,2,32,89,44.7,0.024591,0,Rnaseq
189,1,1,2.95,189,0,1,16,1000,32.0,lenovo_thinkedge,3125,0.01,2,32,89,44.7,0.024591,0,Rnaseq
189,1,1,2.95,189,0,1,16,1000,32.0,lenovo_thinkedge,3125,0.01,2,32,89,44.7,0.024591,0,Rnaseq
189,1,1,2.95,189,0,1,16,1000,32.0,lenovo_thinkedge,3125,0.01,2,32,89,44.7,0.024591,0,Rnaseq
189,1,1,2.95,189,0,1,16,1000,32.0,lenovo_thinkedge,3125,0.01,2,32,89,44.7,0.024591,0,Rnaseq
252,1,1,3.41,252,0,1,16,1000,32.0,lenovo_thinkedge,3125,0.01,2,32,89,44.7,0.026866,0,Rnaseq
252,1,1,3.41,252,0,1,16,1000,32.0,lenovo_thinkedge,3125,0.01,2,32,89,44.7,0.026866,0,Rnaseq
252,1,1,3.41,252,0,1,16,1000,32.0,lenovo_thinkedge,3125,0.01,2,32,89,44.7,0.026866,0,Rnaseq
252,1,1,3.41,252,0,1,16,1000,32.0,lenovo_thinkedge,3125,0.01,2,32,89,44.7,0.026866,0,Rnaseq
252,1,1,3.41,252,0,1,16,1000,32.0,lenovo_thinkedge,3125,0.01,2,32,89,44.7,0.026866,0,Rnaseq
252,1,1,3.41,252,0,1,16,1000,32.0,lenovo_thinkedge,3125,0.01,2,32,89,44.7,0.026866,0,Rnaseq
252,1,1,3.41,252,0,1,16,1000,32.0,lenovo_thinkedge,3125,0.01,2,32,89,44.7,0.026866,0,Rnaseq
252,1,1,3.41,252,0,1,16,1000,32.0,lenovo_thinkedge,3125,0.01,2,32,89,44.7,0.026866,0,Rnaseq
252,1,1,3.41,252,0,1,16,1000,32.0,lenovo_thinkedge,3125,0.01,2,32,89,44.7,0.026866,0,Rnaseq
252,1,1,3.41,252,0,1,16,1000,32.0,lenovo_thinkedge,3125,0.01,2,32,89,44.7,0.026866,0,Rnaseq
378,1,1,4.38,378,0,1,16,1000,32.0,lenovo_thinkedge,3125,0.01,2,32,89,44.7,0.032097,0,Rnaseq
378,1,1,4.38,378,0,1,16,1000,32.0,lenovo_thinkedge,3125,0.01,2,32,89,44.7,0.032097,0,Rnaseq
378,1,1,4.38,378,0,1,16,1000,32.0,lenovo_thinkedge,3125,0.01,2,32,89,44.7,0.032097,0,Rnaseq
378,1,1,4.38,378,0,1,16,1000,32.0,lenovo_thinkedge,3125,0.01,2,32,89,44.7,0.032097,0,Rnaseq
378,1,1,4.38,378,0,1,16,1000,32.0,lenovo_thinkedge,3125,0.01,2,32,89,44.7,0.032097,0,Rnaseq
378,1,1,4.38,378,0,1,16,1000,32.0,lenovo_thinkedge,3125,0.01,2,32,89,44.7,0.032097,0,Rnaseq
378,1,1,4.38,378,0,1,16,1000,32.0,lenovo_thinkedge,3125,0.01,2,32,89,44.7,0.032097,0,Rnaseq
378,1,1,4.38,378,0,1,16,1000,32.0,lenovo_thinkedge,3125,0.01,2,32,89,44.7,0.032097,0,Rnaseq
441,1,1,4.9,441,0,1,16,1000,32.0,lenovo_thinkedge,3125,0.01,2,32,89,44.7,0.035106,0,Rnaseq
441,1,1,4.9,441,0,1,16,1000,32.0,lenovo_thinkedge,3125,0.01,2,32,89,44.7,0.035106,0,Rnaseq
441,1,1,4.9,441,0,1,16,1000,32.0,lenovo_thinkedge,3125,0.01,2,32,89,44.7,0.035106,0,Rnaseq
441,1,1,4.9,441,0,1,16,1000,32.0,lenovo_thinkedge,3125,0.01,2,32,89,44.7,0.035106,0,Rnaseq
441,1,1,4.9,441,0,1,16,1000,32.0,lenovo_thinkedge,3125,0.01,2,32,89,44.7,0.035106,0,Rnaseq
441,1,1,4.9,441,0,1,16,1000,32.0,lenovo_thinkedge,3125,0.01,2,32,89,44.7,0.035106,0,Rnaseq
441,1,1,4.9,441,0,1,16,1000,32.0,lenovo_thinkedge,3125,0.01,2,32,89,44.7,0.035106,0,Rnaseq
441,1,1,4.9,441,0,1,16,1000,32.0,lenovo_thinkedge,3125,0.01,2,32,89,44.7,0.035106,0,Rnaseq
441,1,1,4.9,441,0,1,16,1000,32.0,lenovo_thinkedge,3125,0.01,2,32,89,44.7,0.035106,0,Rnaseq
441,1,1,4.9,441,0,1,16,1000,32.0,lenovo_thinkedge,3125,0.01,2,32,89,44.7,0.035106,0,Rnaseq
693,1,1,6.92,693,0,1,16,1000,32.0,lenovo_thinkedge,3125,0.01,2,32,89,44.7,0.04655,0,Rnaseq
693,1,1,6.92,693,0,1,16,1000,32.0,lenovo_thinkedge,3125,0.01,2,32,89,44.7,0.04655,0,Rnaseq
693,1,1,6.92,693,0,1,16,1000,32.0,lenovo_thinkedge,3125,0.01,2,32,89,44.7,0.04655,0,Rnaseq
693,1,1,6.92,693,0,1,16,1000,32.0,lenovo_thinkedge,3125,0.01,2,32,89,44.7,0.04655,0,Rnaseq
693,1,1,6.92,693,0,1,16,1000,32.0,lenovo_thinkedge,3125,0.01,2,32,89,44.7,0.04655,0,Rnaseq
693,1,1,6.92,693,0,1,16,1000,32.0,lenovo_thinkedge,3125,0.01,2,32,89,44.7,0.04655,0,Rnaseq
693,1,1,6.92,693,0,1,16,1000,32.0,lenovo_thinkedge,3125,0.01,2,32,89,44.7,0.04655,0,Rnaseq
693,1,1,6.92,693,0,1,16,1000,32.0,lenovo_thinkedge,3125,0.01,2,32,89,44.7,0.04655,0,Rnaseq
693,1,1,6.92,693,0,1,16,1000,32.0,lenovo_thinkedge,3125,0.01,2,32,89,44.7,0.04655,0,Rnaseq
693,1,1,6.92,693,0,1,16,1000,32.0,lenovo_thinkedge,3125,0.01,2,32,89,44.7,0.04655,0,Rnaseq
945,1,1,8.94,945,0,1,16,1000,32.0,lenovo_thinkedge,3125,0.01,2,32,89,44.7,0.057897,0,Rnaseq
945,1,1,8.94,945,0,1,16,1000,32.0,lenovo_thinkedge,3125,0.01,2,32,89,44.7,0.057897,0,Rnaseq
945,1,1,8.94,945,0,1,16,1000,32.0,lenovo_thinkedge,3125,0.01,2,32,89,44.7,0.057897,0,Rnaseq
945,1,1,8.94,945,0,1,16,1000,32.0,lenovo_thinkedge,3125,0.01,2,32,89,44.7,0.057897,0,Rnaseq
945,1,1,8.94,945,0,1,16,1000,32.0,lenovo_thinkedge,3125,0.01,2,32,89,44.7,0.057897,0,Rnaseq
945,1,1,8.94,945,0,1,16,1000,32.0,lenovo_thinkedge,3125,0.01,2,32,89,44.7,0.057897,0,Rnaseq
945,1,1,8.94,945,0,1,16,1000,32.0,lenovo_thinkedge,3125,0.01,2,32,89,44.7,0.057897,0,Rnaseq
945,1,1,8.94,945,0,1,16,1000,32.0,lenovo_thinkedge,3125,0.01,2,32,89,44.7,0.057897,0,Rnaseq
945,1,1,8.94,945,0,1,16,1000,32.0,lenovo_thinkedge,3125,0.01,2,32,89,44.7,0.057897,0,Rnaseq
945,1,1,8.94,945,0,1,16,1000,32.0,lenovo_thinkedge,3125,0.01,2,32,89,44.7,0.057897,0,Rnaseq
